test_case,sampled_agents,replicate,num_agents,map_file,completed,steps,max_steps,error
Berlin_1_256-even-1_n5_run01,5,1,5,Berlin_1_256.map,False,5000,5000,
Berlin_1_256-even-1_n5_run02,5,2,5,Berlin_1_256.map,False,5000,5000,
Berlin_1_256-even-1_n5_run03,5,3,5,Berlin_1_256.map,False,5000,5000,
Berlin_1_256-even-1_n5_run04,5,4,5,Berlin_1_256.map,False,5000,5000,
Berlin_1_256-even-1_n5_run05,5,5,5,Berlin_1_256.map,False,5000,5000,
Berlin_1_256-even-1_n5_run06,5,6,5,Berlin_1_256.map,False,5000,5000,
Berlin_1_256-even-1_n5_run07,5,7,5,Berlin_1_256.map,False,5000,5000,
Berlin_1_256-even-1_n5_run08,5,8,5,Berlin_1_256.map,False,5000,5000,
Berlin_1_256-even-1_n5_run09,5,9,5,Berlin_1_256.map,False,5000,5000,
Berlin_1_256-even-1_n5_run10,5,10,5,Berlin_1_256.map,False,5000,5000,
Berlin_1_256-even-1_n10_run01,10,1,10,Berlin_1_256.map,False,5000,5000,
Berlin_1_256-even-1_n10_run02,10,2,10,Berlin_1_256.map,False,5000,5000,
Berlin_1_256-even-1_n10_run03,10,3,10,Berlin_1_256.map,False,5000,5000,
Berlin_1_256-even-1_n10_run04,10,4,10,Berlin_1_256.map,False,5000,5000,
Berlin_1_256-even-1_n10_run05,10,5,10,Berlin_1_256.map,False,5000,5000,
Berlin_1_256-even-1_n10_run06,10,6,10,Berlin_1_256.map,False,5000,5000,
Berlin_1_256-even-1_n10_run07,10,7,10,Berlin_1_256.map,False,5000,5000,
Berlin_1_256-even-1_n10_run08,10,8,10,Berlin_1_256.map,False,5000,5000,
Berlin_1_256-even-1_n10_run09,10,9,10,Berlin_1_256.map,False,5000,5000,
Berlin_1_256-even-1_n10_run10,10,10,10,Berlin_1_256.map,False,5000,5000,
Berlin_1_256-even-1_n15_run01,15,1,15,Berlin_1_256.map,False,5000,5000,
Berlin_1_256-even-1_n15_run02,15,2,15,Berlin_1_256.map,False,5000,5000,
Berlin_1_256-even-1_n15_run03,15,3,15,Berlin_1_256.map,False,5000,5000,
Berlin_1_256-even-1_n15_run04,15,4,15,Berlin_1_256.map,False,5000,5000,
Berlin_1_256-even-1_n15_run05,15,5,15,Berlin_1_256.map,False,5000,5000,
Berlin_1_256-even-1_n15_run06,15,6,15,Berlin_1_256.map,False,5000,5000,
Berlin_1_256-even-1_n15_run07,15,7,15,Berlin_1_256.map,False,5000,5000,
Berlin_1_256-even-1_n15_run08,15,8,15,Berlin_1_256.map,False,5000,5000,
Berlin_1_256-even-1_n15_run09,15,9,15,Berlin_1_256.map,False,5000,5000,
Berlin_1_256-even-1_n15_run10,15,10,15,Berlin_1_256.map,False,5000,5000,
Berlin_1_256-even-1_n20_run01,20,1,20,Berlin_1_256.map,False,5000,5000,
Berlin_1_256-even-1_n20_run02,20,2,20,Berlin_1_256.map,False,5000,5000,
Berlin_1_256-even-1_n20_run03,20,3,20,Berlin_1_256.map,False,5000,5000,
Berlin_1_256-even-1_n20_run04,20,4,20,Berlin_1_256.map,False,5000,5000,
Berlin_1_256-even-1_n20_run05,20,5,20,Berlin_1_256.map,False,5000,5000,
Berlin_1_256-even-1_n20_run06,20,6,20,Berlin_1_256.map,False,5000,5000,
Berlin_1_256-even-1_n20_run07,20,7,20,Berlin_1_256.map,False,5000,5000,
Berlin_1_256-even-1_n20_run08,20,8,20,Berlin_1_256.map,False,5000,5000,
Berlin_1_256-even-1_n20_run09,20,9,20,Berlin_1_256.map,False,5000,5000,
Berlin_1_256-even-1_n20_run10,20,10,20,Berlin_1_256.map,False,5000,5000,
Berlin_1_256-even-1_n25_run01,25,1,25,Berlin_1_256.map,False,5000,5000,
Berlin_1_256-even-1_n25_run02,25,2,25,Berlin_1_256.map,False,5000,5000,
Berlin_1_256-even-1_n25_run03,25,3,25,Berlin_1_256.map,False,5000,5000,
Berlin_1_256-even-1_n25_run04,25,4,25,Berlin_1_256.map,False,5000,5000,
Berlin_1_256-even-1_n25_run05,25,5,25,Berlin_1_256.map,False,5000,5000,
Berlin_1_256-even-1_n25_run06,25,6,25,Berlin_1_256.map,False,5000,5000,
Berlin_1_256-even-1_n25_run07,25,7,25,Berlin_1_256.map,False,5000,5000,
Berlin_1_256-even-1_n25_run08,25,8,25,Berlin_1_256.map,False,5000,5000,
Berlin_1_256-even-1_n25_run09,25,9,25,Berlin_1_256.map,False,5000,5000,
Berlin_1_256-even-1_n25_run10,25,10,25,Berlin_1_256.map,False,5000,5000,
Boston_0_256-even-1_n5_run01,5,1,5,Boston_0_256.map,False,5000,5000,
Boston_0_256-even-1_n5_run02,5,2,5,Boston_0_256.map,False,5000,5000,
Boston_0_256-even-1_n5_run03,5,3,5,Boston_0_256.map,False,5000,5000,
Boston_0_256-even-1_n5_run04,5,4,5,Boston_0_256.map,False,5000,5000,
Boston_0_256-even-1_n5_run05,5,5,5,Boston_0_256.map,False,5000,5000,
Boston_0_256-even-1_n5_run06,5,6,5,Boston_0_256.map,False,5000,5000,
Boston_0_256-even-1_n5_run07,5,7,5,Boston_0_256.map,False,5000,5000,
Boston_0_256-even-1_n5_run08,5,8,5,Boston_0_256.map,False,5000,5000,
Boston_0_256-even-1_n5_run09,5,9,5,Boston_0_256.map,False,5000,5000,
Boston_0_256-even-1_n5_run10,5,10,5,Boston_0_256.map,False,5000,5000,
Boston_0_256-even-1_n10_run01,10,1,10,Boston_0_256.map,False,5000,5000,
Boston_0_256-even-1_n10_run02,10,2,10,Boston_0_256.map,False,5000,5000,
Boston_0_256-even-1_n10_run03,10,3,10,Boston_0_256.map,False,5000,5000,
Boston_0_256-even-1_n10_run04,10,4,10,Boston_0_256.map,False,5000,5000,
Boston_0_256-even-1_n10_run05,10,5,10,Boston_0_256.map,False,5000,5000,
Boston_0_256-even-1_n10_run06,10,6,10,Boston_0_256.map,False,5000,5000,
Boston_0_256-even-1_n10_run07,10,7,10,Boston_0_256.map,False,5000,5000,
Boston_0_256-even-1_n10_run08,10,8,10,Boston_0_256.map,False,5000,5000,
Boston_0_256-even-1_n10_run09,10,9,10,Boston_0_256.map,False,5000,5000,
Boston_0_256-even-1_n10_run10,10,10,10,Boston_0_256.map,False,5000,5000,
Boston_0_256-even-1_n15_run01,15,1,15,Boston_0_256.map,False,5000,5000,
Boston_0_256-even-1_n15_run02,15,2,15,Boston_0_256.map,False,5000,5000,
Boston_0_256-even-1_n15_run03,15,3,15,Boston_0_256.map,False,5000,5000,
Boston_0_256-even-1_n15_run04,15,4,15,Boston_0_256.map,False,5000,5000,
Boston_0_256-even-1_n15_run05,15,5,15,Boston_0_256.map,False,5000,5000,
Boston_0_256-even-1_n15_run06,15,6,15,Boston_0_256.map,False,5000,5000,
Boston_0_256-even-1_n15_run07,15,7,15,Boston_0_256.map,False,5000,5000,
Boston_0_256-even-1_n15_run08,15,8,15,Boston_0_256.map,False,5000,5000,
Boston_0_256-even-1_n15_run09,15,9,15,Boston_0_256.map,False,5000,5000,
Boston_0_256-even-1_n15_run10,15,10,15,Boston_0_256.map,False,5000,5000,
Boston_0_256-even-1_n20_run01,20,1,20,Boston_0_256.map,False,5000,5000,
Boston_0_256-even-1_n20_run02,20,2,20,Boston_0_256.map,False,5000,5000,
Boston_0_256-even-1_n20_run03,20,3,20,Boston_0_256.map,False,5000,5000,
Boston_0_256-even-1_n20_run04,20,4,20,Boston_0_256.map,False,5000,5000,
Boston_0_256-even-1_n20_run05,20,5,20,Boston_0_256.map,False,5000,5000,
Boston_0_256-even-1_n20_run06,20,6,20,Boston_0_256.map,False,5000,5000,
Boston_0_256-even-1_n20_run07,20,7,20,Boston_0_256.map,False,5000,5000,
Boston_0_256-even-1_n20_run08,20,8,20,Boston_0_256.map,False,5000,5000,
Boston_0_256-even-1_n20_run09,20,9,20,Boston_0_256.map,False,5000,5000,
Boston_0_256-even-1_n20_run10,20,10,20,Boston_0_256.map,False,5000,5000,
Boston_0_256-even-1_n25_run01,25,1,25,Boston_0_256.map,False,5000,5000,
Boston_0_256-even-1_n25_run02,25,2,25,Boston_0_256.map,False,5000,5000,
Boston_0_256-even-1_n25_run03,25,3,25,Boston_0_256.map,False,5000,5000,
Boston_0_256-even-1_n25_run04,25,4,25,Boston_0_256.map,False,5000,5000,
Boston_0_256-even-1_n25_run05,25,5,25,Boston_0_256.map,False,5000,5000,
Boston_0_256-even-1_n25_run06,25,6,25,Boston_0_256.map,False,5000,5000,
Boston_0_256-even-1_n25_run07,25,7,25,Boston_0_256.map,False,5000,5000,
Boston_0_256-even-1_n25_run08,25,8,25,Boston_0_256.map,False,5000,5000,
Boston_0_256-even-1_n25_run09,25,9,25,Boston_0_256.map,False,5000,5000,
Boston_0_256-even-1_n25_run10,25,10,25,Boston_0_256.map,False,5000,5000,
brc202d-even-1_n5_run01,5,1,5,brc202d.map,False,5000,5000,
brc202d-even-1_n5_run02,5,2,5,brc202d.map,False,5000,5000,
brc202d-even-1_n5_run03,5,3,5,brc202d.map,False,5000,5000,
brc202d-even-1_n5_run04,5,4,5,brc202d.map,False,5000,5000,
brc202d-even-1_n5_run05,5,5,5,brc202d.map,False,5000,5000,
brc202d-even-1_n5_run06,5,6,5,brc202d.map,False,5000,5000,
brc202d-even-1_n5_run07,5,7,5,brc202d.map,False,5000,5000,
brc202d-even-1_n5_run08,5,8,5,brc202d.map,False,5000,5000,
brc202d-even-1_n5_run09,5,9,5,brc202d.map,False,5000,5000,
brc202d-even-1_n5_run10,5,10,5,brc202d.map,False,5000,5000,
brc202d-even-1_n10_run01,10,1,10,brc202d.map,False,5000,5000,
brc202d-even-1_n10_run02,10,2,10,brc202d.map,False,5000,5000,
brc202d-even-1_n10_run03,10,3,10,brc202d.map,False,5000,5000,
brc202d-even-1_n10_run04,10,4,10,brc202d.map,False,5000,5000,
brc202d-even-1_n10_run05,10,5,10,brc202d.map,False,5000,5000,
brc202d-even-1_n10_run06,10,6,10,brc202d.map,False,5000,5000,
brc202d-even-1_n10_run07,10,7,10,brc202d.map,False,5000,5000,
brc202d-even-1_n10_run08,10,8,10,brc202d.map,False,5000,5000,
brc202d-even-1_n10_run09,10,9,10,brc202d.map,False,5000,5000,
brc202d-even-1_n10_run10,10,10,10,brc202d.map,False,5000,5000,
brc202d-even-1_n15_run01,15,1,15,brc202d.map,False,5000,5000,
brc202d-even-1_n15_run02,15,2,15,brc202d.map,False,5000,5000,
brc202d-even-1_n15_run03,15,3,15,brc202d.map,False,5000,5000,
brc202d-even-1_n15_run04,15,4,15,brc202d.map,False,5000,5000,
brc202d-even-1_n15_run05,15,5,15,brc202d.map,False,5000,5000,
brc202d-even-1_n15_run06,15,6,15,brc202d.map,False,5000,5000,
brc202d-even-1_n15_run07,15,7,15,brc202d.map,False,5000,5000,
brc202d-even-1_n15_run08,15,8,15,brc202d.map,False,5000,5000,
brc202d-even-1_n15_run09,15,9,15,brc202d.map,False,5000,5000,
brc202d-even-1_n15_run10,15,10,15,brc202d.map,False,5000,5000,
brc202d-even-1_n20_run01,20,1,20,brc202d.map,False,5000,5000,
brc202d-even-1_n20_run02,20,2,20,brc202d.map,False,5000,5000,
brc202d-even-1_n20_run03,20,3,20,brc202d.map,False,5000,5000,
brc202d-even-1_n20_run04,20,4,20,brc202d.map,False,5000,5000,
brc202d-even-1_n20_run05,20,5,20,brc202d.map,False,5000,5000,
brc202d-even-1_n20_run06,20,6,20,brc202d.map,False,5000,5000,
brc202d-even-1_n20_run07,20,7,20,brc202d.map,False,5000,5000,
brc202d-even-1_n20_run08,20,8,20,brc202d.map,False,5000,5000,
brc202d-even-1_n20_run09,20,9,20,brc202d.map,False,5000,5000,
brc202d-even-1_n20_run10,20,10,20,brc202d.map,False,5000,5000,
brc202d-even-1_n25_run01,25,1,25,brc202d.map,False,5000,5000,
brc202d-even-1_n25_run02,25,2,25,brc202d.map,False,5000,5000,
brc202d-even-1_n25_run03,25,3,25,brc202d.map,False,5000,5000,
brc202d-even-1_n25_run04,25,4,25,brc202d.map,False,5000,5000,
brc202d-even-1_n25_run05,25,5,25,brc202d.map,False,5000,5000,
brc202d-even-1_n25_run06,25,6,25,brc202d.map,False,5000,5000,
brc202d-even-1_n25_run07,25,7,25,brc202d.map,False,5000,5000,
brc202d-even-1_n25_run08,25,8,25,brc202d.map,False,5000,5000,
brc202d-even-1_n25_run09,25,9,25,brc202d.map,False,5000,5000,
brc202d-even-1_n25_run10,25,10,25,brc202d.map,False,5000,5000,
den312d-even-1_n5_run01,5,1,5,den312d.map,False,5000,5000,
den312d-even-1_n5_run02,5,2,5,den312d.map,False,5000,5000,
den312d-even-1_n5_run03,5,3,5,den312d.map,False,5000,5000,
den312d-even-1_n5_run04,5,4,5,den312d.map,False,5000,5000,
den312d-even-1_n5_run05,5,5,5,den312d.map,False,5000,5000,
den312d-even-1_n5_run06,5,6,5,den312d.map,False,5000,5000,
den312d-even-1_n5_run07,5,7,5,den312d.map,False,5000,5000,
den312d-even-1_n5_run08,5,8,5,den312d.map,False,5000,5000,
den312d-even-1_n5_run09,5,9,5,den312d.map,False,5000,5000,
den312d-even-1_n5_run10,5,10,5,den312d.map,False,5000,5000,
den312d-even-1_n10_run01,10,1,10,den312d.map,False,5000,5000,
den312d-even-1_n10_run02,10,2,10,den312d.map,False,5000,5000,
den312d-even-1_n10_run03,10,3,10,den312d.map,False,5000,5000,
den312d-even-1_n10_run04,10,4,10,den312d.map,False,5000,5000,
den312d-even-1_n10_run05,10,5,10,den312d.map,False,5000,5000,
den312d-even-1_n10_run06,10,6,10,den312d.map,False,5000,5000,
den312d-even-1_n10_run07,10,7,10,den312d.map,False,5000,5000,
den312d-even-1_n10_run08,10,8,10,den312d.map,False,5000,5000,
den312d-even-1_n10_run09,10,9,10,den312d.map,False,5000,5000,
den312d-even-1_n10_run10,10,10,10,den312d.map,False,5000,5000,
den312d-even-1_n15_run01,15,1,15,den312d.map,False,5000,5000,
den312d-even-1_n15_run02,15,2,15,den312d.map,False,5000,5000,
den312d-even-1_n15_run03,15,3,15,den312d.map,False,5000,5000,
den312d-even-1_n15_run04,15,4,15,den312d.map,False,5000,5000,
den312d-even-1_n15_run05,15,5,15,den312d.map,False,5000,5000,
den312d-even-1_n15_run06,15,6,15,den312d.map,False,5000,5000,
den312d-even-1_n15_run07,15,7,15,den312d.map,False,5000,5000,
den312d-even-1_n15_run08,15,8,15,den312d.map,False,5000,5000,
den312d-even-1_n15_run09,15,9,15,den312d.map,False,5000,5000,
den312d-even-1_n15_run10,15,10,15,den312d.map,False,5000,5000,
den312d-even-1_n20_run01,20,1,20,den312d.map,False,5000,5000,
den312d-even-1_n20_run02,20,2,20,den312d.map,False,5000,5000,
den312d-even-1_n20_run03,20,3,20,den312d.map,False,5000,5000,
den312d-even-1_n20_run04,20,4,20,den312d.map,False,5000,5000,
den312d-even-1_n20_run05,20,5,20,den312d.map,False,5000,5000,
den312d-even-1_n20_run06,20,6,20,den312d.map,False,5000,5000,
den312d-even-1_n20_run07,20,7,20,den312d.map,False,5000,5000,
den312d-even-1_n20_run08,20,8,20,den312d.map,False,5000,5000,
den312d-even-1_n20_run09,20,9,20,den312d.map,False,5000,5000,
den312d-even-1_n20_run10,20,10,20,den312d.map,False,5000,5000,
den312d-even-1_n25_run01,25,1,25,den312d.map,False,5000,5000,
den312d-even-1_n25_run02,25,2,25,den312d.map,False,5000,5000,
den312d-even-1_n25_run03,25,3,25,den312d.map,False,5000,5000,
den312d-even-1_n25_run04,25,4,25,den312d.map,False,5000,5000,
den312d-even-1_n25_run05,25,5,25,den312d.map,False,5000,5000,
den312d-even-1_n25_run06,25,6,25,den312d.map,False,5000,5000,
den312d-even-1_n25_run07,25,7,25,den312d.map,False,5000,5000,
den312d-even-1_n25_run08,25,8,25,den312d.map,False,5000,5000,
den312d-even-1_n25_run09,25,9,25,den312d.map,False,5000,5000,
den312d-even-1_n25_run10,25,10,25,den312d.map,False,5000,5000,
den520d-even-1_n5_run01,5,1,5,den520d.map,False,5000,5000,
den520d-even-1_n5_run02,5,2,5,den520d.map,False,5000,5000,
den520d-even-1_n5_run03,5,3,5,den520d.map,False,5000,5000,
den520d-even-1_n5_run04,5,4,5,den520d.map,False,5000,5000,
den520d-even-1_n5_run05,5,5,5,den520d.map,False,5000,5000,
den520d-even-1_n5_run06,5,6,5,den520d.map,False,5000,5000,
den520d-even-1_n5_run07,5,7,5,den520d.map,False,5000,5000,
den520d-even-1_n5_run08,5,8,5,den520d.map,False,5000,5000,
den520d-even-1_n5_run09,5,9,5,den520d.map,False,5000,5000,
den520d-even-1_n5_run10,5,10,5,den520d.map,False,5000,5000,
den520d-even-1_n10_run01,10,1,10,den520d.map,False,5000,5000,
den520d-even-1_n10_run02,10,2,10,den520d.map,False,5000,5000,
den520d-even-1_n10_run03,10,3,10,den520d.map,False,5000,5000,
den520d-even-1_n10_run04,10,4,10,den520d.map,False,5000,5000,
den520d-even-1_n10_run05,10,5,10,den520d.map,False,5000,5000,
den520d-even-1_n10_run06,10,6,10,den520d.map,False,5000,5000,
den520d-even-1_n10_run07,10,7,10,den520d.map,False,5000,5000,
den520d-even-1_n10_run08,10,8,10,den520d.map,False,5000,5000,
den520d-even-1_n10_run09,10,9,10,den520d.map,False,5000,5000,
den520d-even-1_n10_run10,10,10,10,den520d.map,False,5000,5000,
den520d-even-1_n15_run01,15,1,15,den520d.map,False,5000,5000,
den520d-even-1_n15_run02,15,2,15,den520d.map,False,5000,5000,
den520d-even-1_n15_run03,15,3,15,den520d.map,False,5000,5000,
den520d-even-1_n15_run04,15,4,15,den520d.map,False,5000,5000,
den520d-even-1_n15_run05,15,5,15,den520d.map,False,5000,5000,
den520d-even-1_n15_run06,15,6,15,den520d.map,False,5000,5000,
den520d-even-1_n15_run07,15,7,15,den520d.map,False,5000,5000,
den520d-even-1_n15_run08,15,8,15,den520d.map,False,5000,5000,
den520d-even-1_n15_run09,15,9,15,den520d.map,False,5000,5000,
den520d-even-1_n15_run10,15,10,15,den520d.map,False,5000,5000,
den520d-even-1_n20_run01,20,1,20,den520d.map,False,5000,5000,
den520d-even-1_n20_run02,20,2,20,den520d.map,False,5000,5000,
den520d-even-1_n20_run03,20,3,20,den520d.map,False,5000,5000,
den520d-even-1_n20_run04,20,4,20,den520d.map,False,5000,5000,
den520d-even-1_n20_run05,20,5,20,den520d.map,False,5000,5000,
den520d-even-1_n20_run06,20,6,20,den520d.map,False,5000,5000,
den520d-even-1_n20_run07,20,7,20,den520d.map,False,5000,5000,
den520d-even-1_n20_run08,20,8,20,den520d.map,False,5000,5000,
den520d-even-1_n20_run09,20,9,20,den520d.map,False,5000,5000,
den520d-even-1_n20_run10,20,10,20,den520d.map,False,5000,5000,
den520d-even-1_n25_run01,25,1,25,den520d.map,False,5000,5000,
den520d-even-1_n25_run02,25,2,25,den520d.map,False,5000,5000,
den520d-even-1_n25_run03,25,3,25,den520d.map,False,5000,5000,
den520d-even-1_n25_run04,25,4,25,den520d.map,False,5000,5000,
den520d-even-1_n25_run05,25,5,25,den520d.map,False,5000,5000,
den520d-even-1_n25_run06,25,6,25,den520d.map,False,5000,5000,
den520d-even-1_n25_run07,25,7,25,den520d.map,False,5000,5000,
den520d-even-1_n25_run08,25,8,25,den520d.map,False,5000,5000,
den520d-even-1_n25_run09,25,9,25,den520d.map,False,5000,5000,
den520d-even-1_n25_run10,25,10,25,den520d.map,False,5000,5000,
empty-16-16-even-1_n5_run01,5,1,5,empty-16-16.map,True,78,5000,
empty-16-16-even-1_n5_run02,5,2,5,empty-16-16.map,True,95,5000,
empty-16-16-even-1_n5_run03,5,3,5,empty-16-16.map,True,55,5000,
empty-16-16-even-1_n5_run04,5,4,5,empty-16-16.map,True,59,5000,
empty-16-16-even-1_n5_run05,5,5,5,empty-16-16.map,True,18,5000,
empty-16-16-even-1_n5_run06,5,6,5,empty-16-16.map,True,52,5000,
empty-16-16-even-1_n5_run07,5,7,5,empty-16-16.map,True,39,5000,
empty-16-16-even-1_n5_run08,5,8,5,empty-16-16.map,True,91,5000,
empty-16-16-even-1_n5_run09,5,9,5,empty-16-16.map,True,87,5000,
empty-16-16-even-1_n5_run10,5,10,5,empty-16-16.map,True,41,5000,
empty-16-16-even-1_n10_run01,10,1,10,empty-16-16.map,False,5000,5000,
empty-16-16-even-1_n10_run02,10,2,10,empty-16-16.map,True,63,5000,
empty-16-16-even-1_n10_run03,10,3,10,empty-16-16.map,True,68,5000,
empty-16-16-even-1_n10_run04,10,4,10,empty-16-16.map,True,51,5000,
empty-16-16-even-1_n10_run05,10,5,10,empty-16-16.map,True,45,5000,
empty-16-16-even-1_n10_run06,10,6,10,empty-16-16.map,True,59,5000,
empty-16-16-even-1_n10_run07,10,7,10,empty-16-16.map,True,44,5000,
empty-16-16-even-1_n10_run08,10,8,10,empty-16-16.map,True,50,5000,
empty-16-16-even-1_n10_run09,10,9,10,empty-16-16.map,True,945,5000,
empty-16-16-even-1_n10_run10,10,10,10,empty-16-16.map,False,5000,5000,
empty-16-16-even-1_n15_run01,15,1,15,empty-16-16.map,False,5000,5000,
empty-16-16-even-1_n15_run02,15,2,15,empty-16-16.map,True,43,5000,
empty-16-16-even-1_n15_run03,15,3,15,empty-16-16.map,True,45,5000,
empty-16-16-even-1_n15_run04,15,4,15,empty-16-16.map,True,89,5000,
empty-16-16-even-1_n15_run05,15,5,15,empty-16-16.map,True,59,5000,
empty-16-16-even-1_n15_run06,15,6,15,empty-16-16.map,True,70,5000,
empty-16-16-even-1_n15_run07,15,7,15,empty-16-16.map,True,59,5000,
empty-16-16-even-1_n15_run08,15,8,15,empty-16-16.map,True,70,5000,
empty-16-16-even-1_n15_run09,15,9,15,empty-16-16.map,True,64,5000,
empty-16-16-even-1_n15_run10,15,10,15,empty-16-16.map,True,47,5000,
empty-16-16-even-1_n20_run01,20,1,20,empty-16-16.map,True,74,5000,
empty-16-16-even-1_n20_run02,20,2,20,empty-16-16.map,False,5000,5000,
empty-16-16-even-1_n20_run03,20,3,20,empty-16-16.map,True,3907,5000,
empty-16-16-even-1_n20_run04,20,4,20,empty-16-16.map,True,74,5000,
empty-16-16-even-1_n20_run05,20,5,20,empty-16-16.map,False,5000,5000,
empty-16-16-even-1_n20_run06,20,6,20,empty-16-16.map,True,110,5000,
empty-16-16-even-1_n20_run07,20,7,20,empty-16-16.map,True,55,5000,
empty-16-16-even-1_n20_run08,20,8,20,empty-16-16.map,True,667,5000,
empty-16-16-even-1_n20_run09,20,9,20,empty-16-16.map,True,91,5000,
empty-16-16-even-1_n20_run10,20,10,20,empty-16-16.map,True,81,5000,
empty-16-16-even-1_n25_run01,25,1,25,empty-16-16.map,True,70,5000,
empty-16-16-even-1_n25_run02,25,2,25,empty-16-16.map,True,85,5000,
empty-16-16-even-1_n25_run03,25,3,25,empty-16-16.map,True,78,5000,
empty-16-16-even-1_n25_run04,25,4,25,empty-16-16.map,True,89,5000,
empty-16-16-even-1_n25_run05,25,5,25,empty-16-16.map,True,92,5000,
empty-16-16-even-1_n25_run06,25,6,25,empty-16-16.map,True,56,5000,
empty-16-16-even-1_n25_run07,25,7,25,empty-16-16.map,True,99,5000,
empty-16-16-even-1_n25_run08,25,8,25,empty-16-16.map,True,70,5000,
empty-16-16-even-1_n25_run09,25,9,25,empty-16-16.map,True,86,5000,
empty-16-16-even-1_n25_run10,25,10,25,empty-16-16.map,True,72,5000,
empty-32-32-even-1_n5_run01,5,1,5,empty-32-32.map,True,106,5000,
empty-32-32-even-1_n5_run02,5,2,5,empty-32-32.map,True,111,5000,
empty-32-32-even-1_n5_run03,5,3,5,empty-32-32.map,True,88,5000,
empty-32-32-even-1_n5_run04,5,4,5,empty-32-32.map,True,62,5000,
empty-32-32-even-1_n5_run05,5,5,5,empty-32-32.map,True,161,5000,
empty-32-32-even-1_n5_run06,5,6,5,empty-32-32.map,True,110,5000,
empty-32-32-even-1_n5_run07,5,7,5,empty-32-32.map,True,93,5000,
empty-32-32-even-1_n5_run08,5,8,5,empty-32-32.map,True,123,5000,
empty-32-32-even-1_n5_run09,5,9,5,empty-32-32.map,True,147,5000,
empty-32-32-even-1_n5_run10,5,10,5,empty-32-32.map,True,106,5000,
empty-32-32-even-1_n10_run01,10,1,10,empty-32-32.map,True,88,5000,
empty-32-32-even-1_n10_run02,10,2,10,empty-32-32.map,True,108,5000,
empty-32-32-even-1_n10_run03,10,3,10,empty-32-32.map,True,126,5000,
empty-32-32-even-1_n10_run04,10,4,10,empty-32-32.map,True,142,5000,
empty-32-32-even-1_n10_run05,10,5,10,empty-32-32.map,True,151,5000,
empty-32-32-even-1_n10_run06,10,6,10,empty-32-32.map,True,192,5000,
empty-32-32-even-1_n10_run07,10,7,10,empty-32-32.map,True,105,5000,
empty-32-32-even-1_n10_run08,10,8,10,empty-32-32.map,True,72,5000,
empty-32-32-even-1_n10_run09,10,9,10,empty-32-32.map,True,146,5000,
empty-32-32-even-1_n10_run10,10,10,10,empty-32-32.map,True,111,5000,
empty-32-32-even-1_n15_run01,15,1,15,empty-32-32.map,True,169,5000,
empty-32-32-even-1_n15_run02,15,2,15,empty-32-32.map,True,105,5000,
empty-32-32-even-1_n15_run03,15,3,15,empty-32-32.map,True,150,5000,
empty-32-32-even-1_n15_run04,15,4,15,empty-32-32.map,True,126,5000,
empty-32-32-even-1_n15_run05,15,5,15,empty-32-32.map,True,127,5000,
empty-32-32-even-1_n15_run06,15,6,15,empty-32-32.map,True,84,5000,
empty-32-32-even-1_n15_run07,15,7,15,empty-32-32.map,True,89,5000,
empty-32-32-even-1_n15_run08,15,8,15,empty-32-32.map,True,189,5000,
empty-32-32-even-1_n15_run09,15,9,15,empty-32-32.map,True,124,5000,
empty-32-32-even-1_n15_run10,15,10,15,empty-32-32.map,True,125,5000,
empty-32-32-even-1_n20_run01,20,1,20,empty-32-32.map,True,132,5000,
empty-32-32-even-1_n20_run02,20,2,20,empty-32-32.map,True,128,5000,
empty-32-32-even-1_n20_run03,20,3,20,empty-32-32.map,True,137,5000,
empty-32-32-even-1_n20_run04,20,4,20,empty-32-32.map,True,127,5000,
empty-32-32-even-1_n20_run05,20,5,20,empty-32-32.map,True,132,5000,
empty-32-32-even-1_n20_run06,20,6,20,empty-32-32.map,True,119,5000,
empty-32-32-even-1_n20_run07,20,7,20,empty-32-32.map,True,71,5000,
empty-32-32-even-1_n20_run08,20,8,20,empty-32-32.map,True,125,5000,
empty-32-32-even-1_n20_run09,20,9,20,empty-32-32.map,True,108,5000,
empty-32-32-even-1_n20_run10,20,10,20,empty-32-32.map,True,144,5000,
empty-32-32-even-1_n25_run01,25,1,25,empty-32-32.map,True,116,5000,
empty-32-32-even-1_n25_run02,25,2,25,empty-32-32.map,True,159,5000,
empty-32-32-even-1_n25_run03,25,3,25,empty-32-32.map,True,100,5000,
empty-32-32-even-1_n25_run04,25,4,25,empty-32-32.map,True,142,5000,
empty-32-32-even-1_n25_run05,25,5,25,empty-32-32.map,True,182,5000,
empty-32-32-even-1_n25_run06,25,6,25,empty-32-32.map,True,167,5000,
empty-32-32-even-1_n25_run07,25,7,25,empty-32-32.map,True,126,5000,
empty-32-32-even-1_n25_run08,25,8,25,empty-32-32.map,True,112,5000,
empty-32-32-even-1_n25_run09,25,9,25,empty-32-32.map,True,146,5000,
empty-32-32-even-1_n25_run10,25,10,25,empty-32-32.map,True,121,5000,
empty-48-48-even-1_n5_run01,5,1,5,empty-48-48.map,True,100,5000,
empty-48-48-even-1_n5_run02,5,2,5,empty-48-48.map,True,134,5000,
empty-48-48-even-1_n5_run03,5,3,5,empty-48-48.map,True,145,5000,
empty-48-48-even-1_n5_run04,5,4,5,empty-48-48.map,True,178,5000,
empty-48-48-even-1_n5_run05,5,5,5,empty-48-48.map,True,68,5000,
empty-48-48-even-1_n5_run06,5,6,5,empty-48-48.map,True,167,5000,
empty-48-48-even-1_n5_run07,5,7,5,empty-48-48.map,True,105,5000,
empty-48-48-even-1_n5_run08,5,8,5,empty-48-48.map,True,104,5000,
empty-48-48-even-1_n5_run09,5,9,5,empty-48-48.map,True,96,5000,
empty-48-48-even-1_n5_run10,5,10,5,empty-48-48.map,True,133,5000,
empty-48-48-even-1_n10_run01,10,1,10,empty-48-48.map,True,190,5000,
empty-48-48-even-1_n10_run02,10,2,10,empty-48-48.map,True,156,5000,
empty-48-48-even-1_n10_run03,10,3,10,empty-48-48.map,True,147,5000,
empty-48-48-even-1_n10_run04,10,4,10,empty-48-48.map,True,123,5000,
empty-48-48-even-1_n10_run05,10,5,10,empty-48-48.map,True,116,5000,
empty-48-48-even-1_n10_run06,10,6,10,empty-48-48.map,True,167,5000,
empty-48-48-even-1_n10_run07,10,7,10,empty-48-48.map,True,156,5000,
empty-48-48-even-1_n10_run08,10,8,10,empty-48-48.map,True,156,5000,
empty-48-48-even-1_n10_run09,10,9,10,empty-48-48.map,True,182,5000,
empty-48-48-even-1_n10_run10,10,10,10,empty-48-48.map,True,151,5000,
empty-48-48-even-1_n15_run01,15,1,15,empty-48-48.map,True,212,5000,
empty-48-48-even-1_n15_run02,15,2,15,empty-48-48.map,True,142,5000,
empty-48-48-even-1_n15_run03,15,3,15,empty-48-48.map,True,182,5000,
empty-48-48-even-1_n15_run04,15,4,15,empty-48-48.map,True,195,5000,
empty-48-48-even-1_n15_run05,15,5,15,empty-48-48.map,True,214,5000,
empty-48-48-even-1_n15_run06,15,6,15,empty-48-48.map,True,210,5000,
empty-48-48-even-1_n15_run07,15,7,15,empty-48-48.map,True,164,5000,
empty-48-48-even-1_n15_run08,15,8,15,empty-48-48.map,True,168,5000,
empty-48-48-even-1_n15_run09,15,9,15,empty-48-48.map,True,190,5000,
empty-48-48-even-1_n15_run10,15,10,15,empty-48-48.map,True,281,5000,
empty-48-48-even-1_n20_run01,20,1,20,empty-48-48.map,True,257,5000,
empty-48-48-even-1_n20_run02,20,2,20,empty-48-48.map,True,155,5000,
empty-48-48-even-1_n20_run03,20,3,20,empty-48-48.map,True,200,5000,
empty-48-48-even-1_n20_run04,20,4,20,empty-48-48.map,True,206,5000,
empty-48-48-even-1_n20_run05,20,5,20,empty-48-48.map,True,238,5000,
empty-48-48-even-1_n20_run06,20,6,20,empty-48-48.map,True,187,5000,
empty-48-48-even-1_n20_run07,20,7,20,empty-48-48.map,True,178,5000,
empty-48-48-even-1_n20_run08,20,8,20,empty-48-48.map,True,206,5000,
empty-48-48-even-1_n20_run09,20,9,20,empty-48-48.map,True,203,5000,
empty-48-48-even-1_n20_run10,20,10,20,empty-48-48.map,True,243,5000,
empty-48-48-even-1_n25_run01,25,1,25,empty-48-48.map,True,264,5000,
empty-48-48-even-1_n25_run02,25,2,25,empty-48-48.map,True,171,5000,
empty-48-48-even-1_n25_run03,25,3,25,empty-48-48.map,True,337,5000,
empty-48-48-even-1_n25_run04,25,4,25,empty-48-48.map,True,260,5000,
empty-48-48-even-1_n25_run05,25,5,25,empty-48-48.map,True,207,5000,
empty-48-48-even-1_n25_run06,25,6,25,empty-48-48.map,True,206,5000,
empty-48-48-even-1_n25_run07,25,7,25,empty-48-48.map,True,212,5000,
empty-48-48-even-1_n25_run08,25,8,25,empty-48-48.map,True,207,5000,
empty-48-48-even-1_n25_run09,25,9,25,empty-48-48.map,True,178,5000,
empty-48-48-even-1_n25_run10,25,10,25,empty-48-48.map,True,212,5000,
empty-8-8-even-1_n5_run01,5,1,5,empty-8-8.map,True,9,5000,
empty-8-8-even-1_n5_run02,5,2,5,empty-8-8.map,True,9,5000,
empty-8-8-even-1_n5_run03,5,3,5,empty-8-8.map,True,8,5000,
empty-8-8-even-1_n5_run04,5,4,5,empty-8-8.map,True,40,5000,
empty-8-8-even-1_n5_run05,5,5,5,empty-8-8.map,True,17,5000,
empty-8-8-even-1_n5_run06,5,6,5,empty-8-8.map,True,9,5000,
empty-8-8-even-1_n5_run07,5,7,5,empty-8-8.map,True,11,5000,
empty-8-8-even-1_n5_run08,5,8,5,empty-8-8.map,True,7,5000,
empty-8-8-even-1_n5_run09,5,9,5,empty-8-8.map,True,35,5000,
empty-8-8-even-1_n5_run10,5,10,5,empty-8-8.map,True,5,5000,
empty-8-8-even-1_n10_run01,10,1,10,empty-8-8.map,False,5000,5000,
empty-8-8-even-1_n10_run02,10,2,10,empty-8-8.map,True,11,5000,
empty-8-8-even-1_n10_run03,10,3,10,empty-8-8.map,True,9,5000,
empty-8-8-even-1_n10_run04,10,4,10,empty-8-8.map,True,15,5000,
empty-8-8-even-1_n10_run05,10,5,10,empty-8-8.map,True,17,5000,
empty-8-8-even-1_n10_run06,10,6,10,empty-8-8.map,True,1553,5000,
empty-8-8-even-1_n10_run07,10,7,10,empty-8-8.map,True,19,5000,
empty-8-8-even-1_n10_run08,10,8,10,empty-8-8.map,True,33,5000,
empty-8-8-even-1_n10_run09,10,9,10,empty-8-8.map,True,33,5000,
empty-8-8-even-1_n10_run10,10,10,10,empty-8-8.map,True,39,5000,
empty-8-8-even-1_n15_run01,15,1,15,empty-8-8.map,True,37,5000,
empty-8-8-even-1_n15_run02,15,2,15,empty-8-8.map,True,28,5000,
empty-8-8-even-1_n15_run03,15,3,15,empty-8-8.map,False,5000,5000,
empty-8-8-even-1_n15_run04,15,4,15,empty-8-8.map,True,32,5000,
empty-8-8-even-1_n15_run05,15,5,15,empty-8-8.map,True,18,5000,
empty-8-8-even-1_n15_run06,15,6,15,empty-8-8.map,True,19,5000,
empty-8-8-even-1_n15_run07,15,7,15,empty-8-8.map,True,25,5000,
empty-8-8-even-1_n15_run08,15,8,15,empty-8-8.map,False,5000,5000,
empty-8-8-even-1_n15_run09,15,9,15,empty-8-8.map,True,21,5000,
empty-8-8-even-1_n15_run10,15,10,15,empty-8-8.map,False,5000,5000,
empty-8-8-even-1_n20_run01,20,1,20,empty-8-8.map,True,28,5000,
empty-8-8-even-1_n20_run02,20,2,20,empty-8-8.map,True,20,5000,
empty-8-8-even-1_n20_run03,20,3,20,empty-8-8.map,False,5000,5000,
empty-8-8-even-1_n20_run04,20,4,20,empty-8-8.map,True,31,5000,
empty-8-8-even-1_n20_run05,20,5,20,empty-8-8.map,True,18,5000,
empty-8-8-even-1_n20_run06,20,6,20,empty-8-8.map,True,43,5000,
empty-8-8-even-1_n20_run07,20,7,20,empty-8-8.map,True,34,5000,
empty-8-8-even-1_n20_run08,20,8,20,empty-8-8.map,True,35,5000,
empty-8-8-even-1_n20_run09,20,9,20,empty-8-8.map,True,28,5000,
empty-8-8-even-1_n20_run10,20,10,20,empty-8-8.map,False,5000,5000,
empty-8-8-even-1_n25_run01,25,1,25,empty-8-8.map,True,27,5000,
empty-8-8-even-1_n25_run02,25,2,25,empty-8-8.map,True,29,5000,
empty-8-8-even-1_n25_run03,25,3,25,empty-8-8.map,True,33,5000,
empty-8-8-even-1_n25_run04,25,4,25,empty-8-8.map,False,5000,5000,
empty-8-8-even-1_n25_run05,25,5,25,empty-8-8.map,True,41,5000,
empty-8-8-even-1_n25_run06,25,6,25,empty-8-8.map,True,24,5000,
empty-8-8-even-1_n25_run07,25,7,25,empty-8-8.map,False,5000,5000,
empty-8-8-even-1_n25_run08,25,8,25,empty-8-8.map,True,32,5000,
empty-8-8-even-1_n25_run09,25,9,25,empty-8-8.map,True,52,5000,
empty-8-8-even-1_n25_run10,25,10,25,empty-8-8.map,True,3109,5000,
ht_chantry-even-1_n5_run01,5,1,5,ht_chantry.map,False,5000,5000,
ht_chantry-even-1_n5_run02,5,2,5,ht_chantry.map,False,5000,5000,
ht_chantry-even-1_n5_run03,5,3,5,ht_chantry.map,False,5000,5000,
ht_chantry-even-1_n5_run04,5,4,5,ht_chantry.map,False,5000,5000,
ht_chantry-even-1_n5_run05,5,5,5,ht_chantry.map,False,5000,5000,
ht_chantry-even-1_n5_run06,5,6,5,ht_chantry.map,False,5000,5000,
ht_chantry-even-1_n5_run07,5,7,5,ht_chantry.map,False,5000,5000,
ht_chantry-even-1_n5_run08,5,8,5,ht_chantry.map,False,5000,5000,
ht_chantry-even-1_n5_run09,5,9,5,ht_chantry.map,False,5000,5000,
ht_chantry-even-1_n5_run10,5,10,5,ht_chantry.map,False,5000,5000,
ht_chantry-even-1_n10_run01,10,1,10,ht_chantry.map,False,5000,5000,
ht_chantry-even-1_n10_run02,10,2,10,ht_chantry.map,False,5000,5000,
ht_chantry-even-1_n10_run03,10,3,10,ht_chantry.map,False,5000,5000,
ht_chantry-even-1_n10_run04,10,4,10,ht_chantry.map,False,5000,5000,
ht_chantry-even-1_n10_run05,10,5,10,ht_chantry.map,False,5000,5000,
ht_chantry-even-1_n10_run06,10,6,10,ht_chantry.map,False,5000,5000,
ht_chantry-even-1_n10_run07,10,7,10,ht_chantry.map,False,5000,5000,
ht_chantry-even-1_n10_run08,10,8,10,ht_chantry.map,False,5000,5000,
ht_chantry-even-1_n10_run09,10,9,10,ht_chantry.map,False,5000,5000,
ht_chantry-even-1_n10_run10,10,10,10,ht_chantry.map,False,5000,5000,
ht_chantry-even-1_n15_run01,15,1,15,ht_chantry.map,False,5000,5000,
ht_chantry-even-1_n15_run02,15,2,15,ht_chantry.map,False,5000,5000,
ht_chantry-even-1_n15_run03,15,3,15,ht_chantry.map,False,5000,5000,
ht_chantry-even-1_n15_run04,15,4,15,ht_chantry.map,False,5000,5000,
ht_chantry-even-1_n15_run05,15,5,15,ht_chantry.map,False,5000,5000,
ht_chantry-even-1_n15_run06,15,6,15,ht_chantry.map,False,5000,5000,
ht_chantry-even-1_n15_run07,15,7,15,ht_chantry.map,False,5000,5000,
ht_chantry-even-1_n15_run08,15,8,15,ht_chantry.map,False,5000,5000,
ht_chantry-even-1_n15_run09,15,9,15,ht_chantry.map,False,5000,5000,
ht_chantry-even-1_n15_run10,15,10,15,ht_chantry.map,False,5000,5000,
ht_chantry-even-1_n20_run01,20,1,20,ht_chantry.map,False,5000,5000,
ht_chantry-even-1_n20_run02,20,2,20,ht_chantry.map,False,5000,5000,
ht_chantry-even-1_n20_run03,20,3,20,ht_chantry.map,False,5000,5000,
ht_chantry-even-1_n20_run04,20,4,20,ht_chantry.map,False,5000,5000,
ht_chantry-even-1_n20_run05,20,5,20,ht_chantry.map,False,5000,5000,
ht_chantry-even-1_n20_run06,20,6,20,ht_chantry.map,False,5000,5000,
ht_chantry-even-1_n20_run07,20,7,20,ht_chantry.map,False,5000,5000,
ht_chantry-even-1_n20_run08,20,8,20,ht_chantry.map,False,5000,5000,
ht_chantry-even-1_n20_run09,20,9,20,ht_chantry.map,False,5000,5000,
ht_chantry-even-1_n20_run10,20,10,20,ht_chantry.map,False,5000,5000,
ht_chantry-even-1_n25_run01,25,1,25,ht_chantry.map,False,5000,5000,
ht_chantry-even-1_n25_run02,25,2,25,ht_chantry.map,False,5000,5000,
ht_chantry-even-1_n25_run03,25,3,25,ht_chantry.map,False,5000,5000,
ht_chantry-even-1_n25_run04,25,4,25,ht_chantry.map,False,5000,5000,
ht_chantry-even-1_n25_run05,25,5,25,ht_chantry.map,False,5000,5000,
ht_chantry-even-1_n25_run06,25,6,25,ht_chantry.map,False,5000,5000,
ht_chantry-even-1_n25_run07,25,7,25,ht_chantry.map,False,5000,5000,
ht_chantry-even-1_n25_run08,25,8,25,ht_chantry.map,False,5000,5000,
ht_chantry-even-1_n25_run09,25,9,25,ht_chantry.map,False,5000,5000,
ht_chantry-even-1_n25_run10,25,10,25,ht_chantry.map,False,5000,5000,
ht_mansion_n-even-1_n5_run01,5,1,5,ht_mansion_n.map,False,5000,5000,
ht_mansion_n-even-1_n5_run02,5,2,5,ht_mansion_n.map,False,5000,5000,
ht_mansion_n-even-1_n5_run03,5,3,5,ht_mansion_n.map,False,5000,5000,
ht_mansion_n-even-1_n5_run04,5,4,5,ht_mansion_n.map,False,5000,5000,
ht_mansion_n-even-1_n5_run05,5,5,5,ht_mansion_n.map,False,5000,5000,
ht_mansion_n-even-1_n5_run06,5,6,5,ht_mansion_n.map,False,5000,5000,
ht_mansion_n-even-1_n5_run07,5,7,5,ht_mansion_n.map,False,5000,5000,
ht_mansion_n-even-1_n5_run08,5,8,5,ht_mansion_n.map,False,5000,5000,
ht_mansion_n-even-1_n5_run09,5,9,5,ht_mansion_n.map,False,5000,5000,
ht_mansion_n-even-1_n5_run10,5,10,5,ht_mansion_n.map,False,5000,5000,
ht_mansion_n-even-1_n10_run01,10,1,10,ht_mansion_n.map,False,5000,5000,
ht_mansion_n-even-1_n10_run02,10,2,10,ht_mansion_n.map,False,5000,5000,
ht_mansion_n-even-1_n10_run03,10,3,10,ht_mansion_n.map,False,5000,5000,
ht_mansion_n-even-1_n10_run04,10,4,10,ht_mansion_n.map,False,5000,5000,
ht_mansion_n-even-1_n10_run05,10,5,10,ht_mansion_n.map,False,5000,5000,
ht_mansion_n-even-1_n10_run06,10,6,10,ht_mansion_n.map,False,5000,5000,
ht_mansion_n-even-1_n10_run07,10,7,10,ht_mansion_n.map,False,5000,5000,
ht_mansion_n-even-1_n10_run08,10,8,10,ht_mansion_n.map,False,5000,5000,
ht_mansion_n-even-1_n10_run09,10,9,10,ht_mansion_n.map,False,5000,5000,
ht_mansion_n-even-1_n10_run10,10,10,10,ht_mansion_n.map,False,5000,5000,
ht_mansion_n-even-1_n15_run01,15,1,15,ht_mansion_n.map,False,5000,5000,
ht_mansion_n-even-1_n15_run02,15,2,15,ht_mansion_n.map,False,5000,5000,
ht_mansion_n-even-1_n15_run03,15,3,15,ht_mansion_n.map,False,5000,5000,
ht_mansion_n-even-1_n15_run04,15,4,15,ht_mansion_n.map,False,5000,5000,
ht_mansion_n-even-1_n15_run05,15,5,15,ht_mansion_n.map,False,5000,5000,
ht_mansion_n-even-1_n15_run06,15,6,15,ht_mansion_n.map,False,5000,5000,
ht_mansion_n-even-1_n15_run07,15,7,15,ht_mansion_n.map,False,5000,5000,
ht_mansion_n-even-1_n15_run08,15,8,15,ht_mansion_n.map,False,5000,5000,
ht_mansion_n-even-1_n15_run09,15,9,15,ht_mansion_n.map,False,5000,5000,
ht_mansion_n-even-1_n15_run10,15,10,15,ht_mansion_n.map,False,5000,5000,
ht_mansion_n-even-1_n20_run01,20,1,20,ht_mansion_n.map,False,5000,5000,
ht_mansion_n-even-1_n20_run02,20,2,20,ht_mansion_n.map,False,5000,5000,
ht_mansion_n-even-1_n20_run03,20,3,20,ht_mansion_n.map,False,5000,5000,
ht_mansion_n-even-1_n20_run04,20,4,20,ht_mansion_n.map,False,5000,5000,
ht_mansion_n-even-1_n20_run05,20,5,20,ht_mansion_n.map,False,5000,5000,
ht_mansion_n-even-1_n20_run06,20,6,20,ht_mansion_n.map,False,5000,5000,
ht_mansion_n-even-1_n20_run07,20,7,20,ht_mansion_n.map,False,5000,5000,
ht_mansion_n-even-1_n20_run08,20,8,20,ht_mansion_n.map,False,5000,5000,
ht_mansion_n-even-1_n20_run09,20,9,20,ht_mansion_n.map,False,5000,5000,
ht_mansion_n-even-1_n20_run10,20,10,20,ht_mansion_n.map,False,5000,5000,
ht_mansion_n-even-1_n25_run01,25,1,25,ht_mansion_n.map,False,5000,5000,
ht_mansion_n-even-1_n25_run02,25,2,25,ht_mansion_n.map,False,5000,5000,
ht_mansion_n-even-1_n25_run03,25,3,25,ht_mansion_n.map,False,5000,5000,
ht_mansion_n-even-1_n25_run04,25,4,25,ht_mansion_n.map,False,5000,5000,
ht_mansion_n-even-1_n25_run05,25,5,25,ht_mansion_n.map,False,5000,5000,
ht_mansion_n-even-1_n25_run06,25,6,25,ht_mansion_n.map,False,5000,5000,
ht_mansion_n-even-1_n25_run07,25,7,25,ht_mansion_n.map,False,5000,5000,
ht_mansion_n-even-1_n25_run08,25,8,25,ht_mansion_n.map,False,5000,5000,
ht_mansion_n-even-1_n25_run09,25,9,25,ht_mansion_n.map,False,5000,5000,
ht_mansion_n-even-1_n25_run10,25,10,25,ht_mansion_n.map,False,5000,5000,
lak303d-even-1_n5_run01,5,1,5,lak303d.map,False,5000,5000,
lak303d-even-1_n5_run02,5,2,5,lak303d.map,False,5000,5000,
lak303d-even-1_n5_run03,5,3,5,lak303d.map,False,5000,5000,
lak303d-even-1_n5_run04,5,4,5,lak303d.map,False,5000,5000,
lak303d-even-1_n5_run05,5,5,5,lak303d.map,False,5000,5000,
lak303d-even-1_n5_run06,5,6,5,lak303d.map,False,5000,5000,
lak303d-even-1_n5_run07,5,7,5,lak303d.map,False,5000,5000,
lak303d-even-1_n5_run08,5,8,5,lak303d.map,False,5000,5000,
lak303d-even-1_n5_run09,5,9,5,lak303d.map,False,5000,5000,
lak303d-even-1_n5_run10,5,10,5,lak303d.map,False,5000,5000,
lak303d-even-1_n10_run01,10,1,10,lak303d.map,False,5000,5000,
lak303d-even-1_n10_run02,10,2,10,lak303d.map,False,5000,5000,
lak303d-even-1_n10_run03,10,3,10,lak303d.map,False,5000,5000,
lak303d-even-1_n10_run04,10,4,10,lak303d.map,False,5000,5000,
lak303d-even-1_n10_run05,10,5,10,lak303d.map,False,5000,5000,
lak303d-even-1_n10_run06,10,6,10,lak303d.map,False,5000,5000,
lak303d-even-1_n10_run07,10,7,10,lak303d.map,False,5000,5000,
lak303d-even-1_n10_run08,10,8,10,lak303d.map,False,5000,5000,
lak303d-even-1_n10_run09,10,9,10,lak303d.map,False,5000,5000,
lak303d-even-1_n10_run10,10,10,10,lak303d.map,False,5000,5000,
lak303d-even-1_n15_run01,15,1,15,lak303d.map,False,5000,5000,
lak303d-even-1_n15_run02,15,2,15,lak303d.map,False,5000,5000,
lak303d-even-1_n15_run03,15,3,15,lak303d.map,False,5000,5000,
lak303d-even-1_n15_run04,15,4,15,lak303d.map,False,5000,5000,
lak303d-even-1_n15_run05,15,5,15,lak303d.map,False,5000,5000,
lak303d-even-1_n15_run06,15,6,15,lak303d.map,False,5000,5000,
lak303d-even-1_n15_run07,15,7,15,lak303d.map,False,5000,5000,
lak303d-even-1_n15_run08,15,8,15,lak303d.map,False,5000,5000,
lak303d-even-1_n15_run09,15,9,15,lak303d.map,False,5000,5000,
lak303d-even-1_n15_run10,15,10,15,lak303d.map,False,5000,5000,
lak303d-even-1_n20_run01,20,1,20,lak303d.map,False,5000,5000,
lak303d-even-1_n20_run02,20,2,20,lak303d.map,False,5000,5000,
lak303d-even-1_n20_run03,20,3,20,lak303d.map,False,5000,5000,
lak303d-even-1_n20_run04,20,4,20,lak303d.map,False,5000,5000,
lak303d-even-1_n20_run05,20,5,20,lak303d.map,False,5000,5000,
lak303d-even-1_n20_run06,20,6,20,lak303d.map,False,5000,5000,
lak303d-even-1_n20_run07,20,7,20,lak303d.map,False,5000,5000,
lak303d-even-1_n20_run08,20,8,20,lak303d.map,False,5000,5000,
lak303d-even-1_n20_run09,20,9,20,lak303d.map,False,5000,5000,
lak303d-even-1_n20_run10,20,10,20,lak303d.map,False,5000,5000,
lak303d-even-1_n25_run01,25,1,25,lak303d.map,False,5000,5000,
lak303d-even-1_n25_run02,25,2,25,lak303d.map,False,5000,5000,
lak303d-even-1_n25_run03,25,3,25,lak303d.map,False,5000,5000,
lak303d-even-1_n25_run04,25,4,25,lak303d.map,False,5000,5000,
lak303d-even-1_n25_run05,25,5,25,lak303d.map,False,5000,5000,
lak303d-even-1_n25_run06,25,6,25,lak303d.map,False,5000,5000,
lak303d-even-1_n25_run07,25,7,25,lak303d.map,False,5000,5000,
lak303d-even-1_n25_run08,25,8,25,lak303d.map,False,5000,5000,
lak303d-even-1_n25_run09,25,9,25,lak303d.map,False,5000,5000,
lak303d-even-1_n25_run10,25,10,25,lak303d.map,False,5000,5000,
lt_gallowstemplar_n-even-1_n5_run01,5,1,5,lt_gallowstemplar_n.map,False,5000,5000,
lt_gallowstemplar_n-even-1_n5_run02,5,2,5,lt_gallowstemplar_n.map,False,5000,5000,
lt_gallowstemplar_n-even-1_n5_run03,5,3,5,lt_gallowstemplar_n.map,False,5000,5000,
lt_gallowstemplar_n-even-1_n5_run04,5,4,5,lt_gallowstemplar_n.map,False,5000,5000,
lt_gallowstemplar_n-even-1_n5_run05,5,5,5,lt_gallowstemplar_n.map,False,5000,5000,
lt_gallowstemplar_n-even-1_n5_run06,5,6,5,lt_gallowstemplar_n.map,False,5000,5000,
lt_gallowstemplar_n-even-1_n5_run07,5,7,5,lt_gallowstemplar_n.map,False,5000,5000,
lt_gallowstemplar_n-even-1_n5_run08,5,8,5,lt_gallowstemplar_n.map,False,5000,5000,
lt_gallowstemplar_n-even-1_n5_run09,5,9,5,lt_gallowstemplar_n.map,False,5000,5000,
lt_gallowstemplar_n-even-1_n5_run10,5,10,5,lt_gallowstemplar_n.map,False,5000,5000,
lt_gallowstemplar_n-even-1_n10_run01,10,1,10,lt_gallowstemplar_n.map,False,5000,5000,
lt_gallowstemplar_n-even-1_n10_run02,10,2,10,lt_gallowstemplar_n.map,False,5000,5000,
lt_gallowstemplar_n-even-1_n10_run03,10,3,10,lt_gallowstemplar_n.map,False,5000,5000,
lt_gallowstemplar_n-even-1_n10_run04,10,4,10,lt_gallowstemplar_n.map,False,5000,5000,
lt_gallowstemplar_n-even-1_n10_run05,10,5,10,lt_gallowstemplar_n.map,False,5000,5000,
lt_gallowstemplar_n-even-1_n10_run06,10,6,10,lt_gallowstemplar_n.map,False,5000,5000,
lt_gallowstemplar_n-even-1_n10_run07,10,7,10,lt_gallowstemplar_n.map,False,5000,5000,
lt_gallowstemplar_n-even-1_n10_run08,10,8,10,lt_gallowstemplar_n.map,False,5000,5000,
lt_gallowstemplar_n-even-1_n10_run09,10,9,10,lt_gallowstemplar_n.map,False,5000,5000,
lt_gallowstemplar_n-even-1_n10_run10,10,10,10,lt_gallowstemplar_n.map,False,5000,5000,
lt_gallowstemplar_n-even-1_n15_run01,15,1,15,lt_gallowstemplar_n.map,False,5000,5000,
lt_gallowstemplar_n-even-1_n15_run02,15,2,15,lt_gallowstemplar_n.map,False,5000,5000,
lt_gallowstemplar_n-even-1_n15_run03,15,3,15,lt_gallowstemplar_n.map,False,5000,5000,
lt_gallowstemplar_n-even-1_n15_run04,15,4,15,lt_gallowstemplar_n.map,False,5000,5000,
lt_gallowstemplar_n-even-1_n15_run05,15,5,15,lt_gallowstemplar_n.map,False,5000,5000,
lt_gallowstemplar_n-even-1_n15_run06,15,6,15,lt_gallowstemplar_n.map,False,5000,5000,
lt_gallowstemplar_n-even-1_n15_run07,15,7,15,lt_gallowstemplar_n.map,False,5000,5000,
lt_gallowstemplar_n-even-1_n15_run08,15,8,15,lt_gallowstemplar_n.map,False,5000,5000,
lt_gallowstemplar_n-even-1_n15_run09,15,9,15,lt_gallowstemplar_n.map,False,5000,5000,
lt_gallowstemplar_n-even-1_n15_run10,15,10,15,lt_gallowstemplar_n.map,False,5000,5000,
lt_gallowstemplar_n-even-1_n20_run01,20,1,20,lt_gallowstemplar_n.map,False,5000,5000,
lt_gallowstemplar_n-even-1_n20_run02,20,2,20,lt_gallowstemplar_n.map,False,5000,5000,
lt_gallowstemplar_n-even-1_n20_run03,20,3,20,lt_gallowstemplar_n.map,False,5000,5000,
lt_gallowstemplar_n-even-1_n20_run04,20,4,20,lt_gallowstemplar_n.map,False,5000,5000,
lt_gallowstemplar_n-even-1_n20_run05,20,5,20,lt_gallowstemplar_n.map,False,5000,5000,
lt_gallowstemplar_n-even-1_n20_run06,20,6,20,lt_gallowstemplar_n.map,False,5000,5000,
lt_gallowstemplar_n-even-1_n20_run07,20,7,20,lt_gallowstemplar_n.map,False,5000,5000,
lt_gallowstemplar_n-even-1_n20_run08,20,8,20,lt_gallowstemplar_n.map,False,5000,5000,
lt_gallowstemplar_n-even-1_n20_run09,20,9,20,lt_gallowstemplar_n.map,False,5000,5000,
lt_gallowstemplar_n-even-1_n20_run10,20,10,20,lt_gallowstemplar_n.map,False,5000,5000,
lt_gallowstemplar_n-even-1_n25_run01,25,1,25,lt_gallowstemplar_n.map,False,5000,5000,
lt_gallowstemplar_n-even-1_n25_run02,25,2,25,lt_gallowstemplar_n.map,False,5000,5000,
lt_gallowstemplar_n-even-1_n25_run03,25,3,25,lt_gallowstemplar_n.map,False,5000,5000,
lt_gallowstemplar_n-even-1_n25_run04,25,4,25,lt_gallowstemplar_n.map,False,5000,5000,
lt_gallowstemplar_n-even-1_n25_run05,25,5,25,lt_gallowstemplar_n.map,False,5000,5000,
lt_gallowstemplar_n-even-1_n25_run06,25,6,25,lt_gallowstemplar_n.map,False,5000,5000,
lt_gallowstemplar_n-even-1_n25_run07,25,7,25,lt_gallowstemplar_n.map,False,5000,5000,
lt_gallowstemplar_n-even-1_n25_run08,25,8,25,lt_gallowstemplar_n.map,False,5000,5000,
lt_gallowstemplar_n-even-1_n25_run09,25,9,25,lt_gallowstemplar_n.map,False,5000,5000,
lt_gallowstemplar_n-even-1_n25_run10,25,10,25,lt_gallowstemplar_n.map,False,5000,5000,
maze-128-128-1-even-1_n5_run01,5,1,5,maze-128-128-1.map,False,5000,5000,
maze-128-128-1-even-1_n5_run02,5,2,5,maze-128-128-1.map,False,5000,5000,
maze-128-128-1-even-1_n5_run03,5,3,5,maze-128-128-1.map,False,5000,5000,
maze-128-128-1-even-1_n5_run04,5,4,5,maze-128-128-1.map,False,5000,5000,
maze-128-128-1-even-1_n5_run05,5,5,5,maze-128-128-1.map,False,5000,5000,
maze-128-128-1-even-1_n5_run06,5,6,5,maze-128-128-1.map,False,5000,5000,
maze-128-128-1-even-1_n5_run07,5,7,5,maze-128-128-1.map,False,5000,5000,
maze-128-128-1-even-1_n5_run08,5,8,5,maze-128-128-1.map,False,5000,5000,
maze-128-128-1-even-1_n5_run09,5,9,5,maze-128-128-1.map,False,5000,5000,
maze-128-128-1-even-1_n5_run10,5,10,5,maze-128-128-1.map,False,5000,5000,
maze-128-128-1-even-1_n10_run01,10,1,10,maze-128-128-1.map,False,5000,5000,
maze-128-128-1-even-1_n10_run02,10,2,10,maze-128-128-1.map,False,5000,5000,
maze-128-128-1-even-1_n10_run03,10,3,10,maze-128-128-1.map,False,5000,5000,
maze-128-128-1-even-1_n10_run04,10,4,10,maze-128-128-1.map,False,5000,5000,
maze-128-128-1-even-1_n10_run05,10,5,10,maze-128-128-1.map,False,5000,5000,
maze-128-128-1-even-1_n10_run06,10,6,10,maze-128-128-1.map,False,5000,5000,
maze-128-128-1-even-1_n10_run07,10,7,10,maze-128-128-1.map,False,5000,5000,
maze-128-128-1-even-1_n10_run08,10,8,10,maze-128-128-1.map,False,5000,5000,
maze-128-128-1-even-1_n10_run09,10,9,10,maze-128-128-1.map,False,5000,5000,
maze-128-128-1-even-1_n10_run10,10,10,10,maze-128-128-1.map,False,5000,5000,
maze-128-128-1-even-1_n15_run01,15,1,15,maze-128-128-1.map,False,5000,5000,
maze-128-128-1-even-1_n15_run02,15,2,15,maze-128-128-1.map,False,5000,5000,
maze-128-128-1-even-1_n15_run03,15,3,15,maze-128-128-1.map,False,5000,5000,
maze-128-128-1-even-1_n15_run04,15,4,15,maze-128-128-1.map,False,5000,5000,
maze-128-128-1-even-1_n15_run05,15,5,15,maze-128-128-1.map,False,5000,5000,
maze-128-128-1-even-1_n15_run06,15,6,15,maze-128-128-1.map,False,5000,5000,
maze-128-128-1-even-1_n15_run07,15,7,15,maze-128-128-1.map,False,5000,5000,
maze-128-128-1-even-1_n15_run08,15,8,15,maze-128-128-1.map,False,5000,5000,
maze-128-128-1-even-1_n15_run09,15,9,15,maze-128-128-1.map,False,5000,5000,
maze-128-128-1-even-1_n15_run10,15,10,15,maze-128-128-1.map,False,5000,5000,
maze-128-128-1-even-1_n20_run01,20,1,20,maze-128-128-1.map,False,5000,5000,
maze-128-128-1-even-1_n20_run02,20,2,20,maze-128-128-1.map,False,5000,5000,
maze-128-128-1-even-1_n20_run03,20,3,20,maze-128-128-1.map,False,5000,5000,
maze-128-128-1-even-1_n20_run04,20,4,20,maze-128-128-1.map,False,5000,5000,
maze-128-128-1-even-1_n20_run05,20,5,20,maze-128-128-1.map,False,5000,5000,
maze-128-128-1-even-1_n20_run06,20,6,20,maze-128-128-1.map,False,5000,5000,
maze-128-128-1-even-1_n20_run07,20,7,20,maze-128-128-1.map,False,5000,5000,
maze-128-128-1-even-1_n20_run08,20,8,20,maze-128-128-1.map,False,5000,5000,
maze-128-128-1-even-1_n20_run09,20,9,20,maze-128-128-1.map,False,5000,5000,
maze-128-128-1-even-1_n20_run10,20,10,20,maze-128-128-1.map,False,5000,5000,
maze-128-128-1-even-1_n25_run01,25,1,25,maze-128-128-1.map,False,5000,5000,
maze-128-128-1-even-1_n25_run02,25,2,25,maze-128-128-1.map,False,5000,5000,
maze-128-128-1-even-1_n25_run03,25,3,25,maze-128-128-1.map,False,5000,5000,
maze-128-128-1-even-1_n25_run04,25,4,25,maze-128-128-1.map,False,5000,5000,
maze-128-128-1-even-1_n25_run05,25,5,25,maze-128-128-1.map,False,5000,5000,
maze-128-128-1-even-1_n25_run06,25,6,25,maze-128-128-1.map,False,5000,5000,
maze-128-128-1-even-1_n25_run07,25,7,25,maze-128-128-1.map,False,5000,5000,
maze-128-128-1-even-1_n25_run08,25,8,25,maze-128-128-1.map,False,5000,5000,
maze-128-128-1-even-1_n25_run09,25,9,25,maze-128-128-1.map,False,5000,5000,
maze-128-128-1-even-1_n25_run10,25,10,25,maze-128-128-1.map,False,5000,5000,
maze-128-128-10-even-1_n5_run01,5,1,5,maze-128-128-10.map,False,5000,5000,
maze-128-128-10-even-1_n5_run02,5,2,5,maze-128-128-10.map,False,5000,5000,
maze-128-128-10-even-1_n5_run03,5,3,5,maze-128-128-10.map,False,5000,5000,
maze-128-128-10-even-1_n5_run04,5,4,5,maze-128-128-10.map,False,5000,5000,
maze-128-128-10-even-1_n5_run05,5,5,5,maze-128-128-10.map,False,5000,5000,
maze-128-128-10-even-1_n5_run06,5,6,5,maze-128-128-10.map,False,5000,5000,
maze-128-128-10-even-1_n5_run07,5,7,5,maze-128-128-10.map,False,5000,5000,
maze-128-128-10-even-1_n5_run08,5,8,5,maze-128-128-10.map,False,5000,5000,
maze-128-128-10-even-1_n5_run09,5,9,5,maze-128-128-10.map,False,5000,5000,
maze-128-128-10-even-1_n5_run10,5,10,5,maze-128-128-10.map,False,5000,5000,
maze-128-128-10-even-1_n10_run01,10,1,10,maze-128-128-10.map,False,5000,5000,
maze-128-128-10-even-1_n10_run02,10,2,10,maze-128-128-10.map,False,5000,5000,
maze-128-128-10-even-1_n10_run03,10,3,10,maze-128-128-10.map,False,5000,5000,
maze-128-128-10-even-1_n10_run04,10,4,10,maze-128-128-10.map,False,5000,5000,
maze-128-128-10-even-1_n10_run05,10,5,10,maze-128-128-10.map,False,5000,5000,
maze-128-128-10-even-1_n10_run06,10,6,10,maze-128-128-10.map,False,5000,5000,
maze-128-128-10-even-1_n10_run07,10,7,10,maze-128-128-10.map,False,5000,5000,
maze-128-128-10-even-1_n10_run08,10,8,10,maze-128-128-10.map,False,5000,5000,
maze-128-128-10-even-1_n10_run09,10,9,10,maze-128-128-10.map,False,5000,5000,
maze-128-128-10-even-1_n10_run10,10,10,10,maze-128-128-10.map,False,5000,5000,
maze-128-128-10-even-1_n15_run01,15,1,15,maze-128-128-10.map,False,5000,5000,
maze-128-128-10-even-1_n15_run02,15,2,15,maze-128-128-10.map,False,5000,5000,
maze-128-128-10-even-1_n15_run03,15,3,15,maze-128-128-10.map,False,5000,5000,
maze-128-128-10-even-1_n15_run04,15,4,15,maze-128-128-10.map,False,5000,5000,
maze-128-128-10-even-1_n15_run05,15,5,15,maze-128-128-10.map,False,5000,5000,
maze-128-128-10-even-1_n15_run06,15,6,15,maze-128-128-10.map,False,5000,5000,
maze-128-128-10-even-1_n15_run07,15,7,15,maze-128-128-10.map,False,5000,5000,
maze-128-128-10-even-1_n15_run08,15,8,15,maze-128-128-10.map,False,5000,5000,
maze-128-128-10-even-1_n15_run09,15,9,15,maze-128-128-10.map,False,5000,5000,
maze-128-128-10-even-1_n15_run10,15,10,15,maze-128-128-10.map,False,5000,5000,
maze-128-128-10-even-1_n20_run01,20,1,20,maze-128-128-10.map,False,5000,5000,
maze-128-128-10-even-1_n20_run02,20,2,20,maze-128-128-10.map,False,5000,5000,
maze-128-128-10-even-1_n20_run03,20,3,20,maze-128-128-10.map,False,5000,5000,
maze-128-128-10-even-1_n20_run04,20,4,20,maze-128-128-10.map,False,5000,5000,
maze-128-128-10-even-1_n20_run05,20,5,20,maze-128-128-10.map,False,5000,5000,
maze-128-128-10-even-1_n20_run06,20,6,20,maze-128-128-10.map,False,5000,5000,
maze-128-128-10-even-1_n20_run07,20,7,20,maze-128-128-10.map,False,5000,5000,
maze-128-128-10-even-1_n20_run08,20,8,20,maze-128-128-10.map,False,5000,5000,
maze-128-128-10-even-1_n20_run09,20,9,20,maze-128-128-10.map,False,5000,5000,
maze-128-128-10-even-1_n20_run10,20,10,20,maze-128-128-10.map,False,5000,5000,
maze-128-128-10-even-1_n25_run01,25,1,25,maze-128-128-10.map,False,5000,5000,
maze-128-128-10-even-1_n25_run02,25,2,25,maze-128-128-10.map,False,5000,5000,
maze-128-128-10-even-1_n25_run03,25,3,25,maze-128-128-10.map,False,5000,5000,
maze-128-128-10-even-1_n25_run04,25,4,25,maze-128-128-10.map,False,5000,5000,
maze-128-128-10-even-1_n25_run05,25,5,25,maze-128-128-10.map,False,5000,5000,
maze-128-128-10-even-1_n25_run06,25,6,25,maze-128-128-10.map,False,5000,5000,
maze-128-128-10-even-1_n25_run07,25,7,25,maze-128-128-10.map,False,5000,5000,
maze-128-128-10-even-1_n25_run08,25,8,25,maze-128-128-10.map,False,5000,5000,
maze-128-128-10-even-1_n25_run09,25,9,25,maze-128-128-10.map,False,5000,5000,
maze-128-128-10-even-1_n25_run10,25,10,25,maze-128-128-10.map,False,5000,5000,
maze-128-128-2-even-1_n5_run01,5,1,5,maze-128-128-2.map,False,5000,5000,
maze-128-128-2-even-1_n5_run02,5,2,5,maze-128-128-2.map,False,5000,5000,
maze-128-128-2-even-1_n5_run03,5,3,5,maze-128-128-2.map,False,5000,5000,
maze-128-128-2-even-1_n5_run04,5,4,5,maze-128-128-2.map,False,5000,5000,
maze-128-128-2-even-1_n5_run05,5,5,5,maze-128-128-2.map,False,5000,5000,
maze-128-128-2-even-1_n5_run06,5,6,5,maze-128-128-2.map,False,5000,5000,
maze-128-128-2-even-1_n5_run07,5,7,5,maze-128-128-2.map,False,5000,5000,
maze-128-128-2-even-1_n5_run08,5,8,5,maze-128-128-2.map,False,5000,5000,
maze-128-128-2-even-1_n5_run09,5,9,5,maze-128-128-2.map,False,5000,5000,
maze-128-128-2-even-1_n5_run10,5,10,5,maze-128-128-2.map,False,5000,5000,
maze-128-128-2-even-1_n10_run01,10,1,10,maze-128-128-2.map,False,5000,5000,
maze-128-128-2-even-1_n10_run02,10,2,10,maze-128-128-2.map,False,5000,5000,
maze-128-128-2-even-1_n10_run03,10,3,10,maze-128-128-2.map,False,5000,5000,
maze-128-128-2-even-1_n10_run04,10,4,10,maze-128-128-2.map,False,5000,5000,
maze-128-128-2-even-1_n10_run05,10,5,10,maze-128-128-2.map,False,5000,5000,
maze-128-128-2-even-1_n10_run06,10,6,10,maze-128-128-2.map,False,5000,5000,
maze-128-128-2-even-1_n10_run07,10,7,10,maze-128-128-2.map,False,5000,5000,
maze-128-128-2-even-1_n10_run08,10,8,10,maze-128-128-2.map,False,5000,5000,
maze-128-128-2-even-1_n10_run09,10,9,10,maze-128-128-2.map,False,5000,5000,
maze-128-128-2-even-1_n10_run10,10,10,10,maze-128-128-2.map,False,5000,5000,
maze-128-128-2-even-1_n15_run01,15,1,15,maze-128-128-2.map,False,5000,5000,
maze-128-128-2-even-1_n15_run02,15,2,15,maze-128-128-2.map,False,5000,5000,
maze-128-128-2-even-1_n15_run03,15,3,15,maze-128-128-2.map,False,5000,5000,
maze-128-128-2-even-1_n15_run04,15,4,15,maze-128-128-2.map,False,5000,5000,
maze-128-128-2-even-1_n15_run05,15,5,15,maze-128-128-2.map,False,5000,5000,
maze-128-128-2-even-1_n15_run06,15,6,15,maze-128-128-2.map,False,5000,5000,
maze-128-128-2-even-1_n15_run07,15,7,15,maze-128-128-2.map,False,5000,5000,
maze-128-128-2-even-1_n15_run08,15,8,15,maze-128-128-2.map,False,5000,5000,
maze-128-128-2-even-1_n15_run09,15,9,15,maze-128-128-2.map,False,5000,5000,
maze-128-128-2-even-1_n15_run10,15,10,15,maze-128-128-2.map,False,5000,5000,
maze-128-128-2-even-1_n20_run01,20,1,20,maze-128-128-2.map,False,5000,5000,
maze-128-128-2-even-1_n20_run02,20,2,20,maze-128-128-2.map,False,5000,5000,
maze-128-128-2-even-1_n20_run03,20,3,20,maze-128-128-2.map,False,5000,5000,
maze-128-128-2-even-1_n20_run04,20,4,20,maze-128-128-2.map,False,5000,5000,
maze-128-128-2-even-1_n20_run05,20,5,20,maze-128-128-2.map,False,5000,5000,
maze-128-128-2-even-1_n20_run06,20,6,20,maze-128-128-2.map,False,5000,5000,
maze-128-128-2-even-1_n20_run07,20,7,20,maze-128-128-2.map,False,5000,5000,
maze-128-128-2-even-1_n20_run08,20,8,20,maze-128-128-2.map,False,5000,5000,
maze-128-128-2-even-1_n20_run09,20,9,20,maze-128-128-2.map,False,5000,5000,
maze-128-128-2-even-1_n20_run10,20,10,20,maze-128-128-2.map,False,5000,5000,
maze-128-128-2-even-1_n25_run01,25,1,25,maze-128-128-2.map,False,5000,5000,
maze-128-128-2-even-1_n25_run02,25,2,25,maze-128-128-2.map,False,5000,5000,
maze-128-128-2-even-1_n25_run03,25,3,25,maze-128-128-2.map,False,5000,5000,
maze-128-128-2-even-1_n25_run04,25,4,25,maze-128-128-2.map,False,5000,5000,
maze-128-128-2-even-1_n25_run05,25,5,25,maze-128-128-2.map,False,5000,5000,
maze-128-128-2-even-1_n25_run06,25,6,25,maze-128-128-2.map,False,5000,5000,
maze-128-128-2-even-1_n25_run07,25,7,25,maze-128-128-2.map,False,5000,5000,
maze-128-128-2-even-1_n25_run08,25,8,25,maze-128-128-2.map,False,5000,5000,
maze-128-128-2-even-1_n25_run09,25,9,25,maze-128-128-2.map,False,5000,5000,
maze-128-128-2-even-1_n25_run10,25,10,25,maze-128-128-2.map,False,5000,5000,
maze-32-32-2-even-1_n5_run01,5,1,5,maze-32-32-2.map,False,5000,5000,
maze-32-32-2-even-1_n5_run02,5,2,5,maze-32-32-2.map,False,5000,5000,
maze-32-32-2-even-1_n5_run03,5,3,5,maze-32-32-2.map,False,5000,5000,
maze-32-32-2-even-1_n5_run04,5,4,5,maze-32-32-2.map,False,5000,5000,
maze-32-32-2-even-1_n5_run05,5,5,5,maze-32-32-2.map,False,5000,5000,
maze-32-32-2-even-1_n5_run06,5,6,5,maze-32-32-2.map,False,5000,5000,
maze-32-32-2-even-1_n5_run07,5,7,5,maze-32-32-2.map,False,5000,5000,
maze-32-32-2-even-1_n5_run08,5,8,5,maze-32-32-2.map,False,5000,5000,
maze-32-32-2-even-1_n5_run09,5,9,5,maze-32-32-2.map,False,5000,5000,
maze-32-32-2-even-1_n5_run10,5,10,5,maze-32-32-2.map,False,5000,5000,
maze-32-32-2-even-1_n10_run01,10,1,10,maze-32-32-2.map,False,5000,5000,
maze-32-32-2-even-1_n10_run02,10,2,10,maze-32-32-2.map,False,5000,5000,
maze-32-32-2-even-1_n10_run03,10,3,10,maze-32-32-2.map,False,5000,5000,
maze-32-32-2-even-1_n10_run04,10,4,10,maze-32-32-2.map,False,5000,5000,
maze-32-32-2-even-1_n10_run05,10,5,10,maze-32-32-2.map,False,5000,5000,
maze-32-32-2-even-1_n10_run06,10,6,10,maze-32-32-2.map,False,5000,5000,
maze-32-32-2-even-1_n10_run07,10,7,10,maze-32-32-2.map,False,5000,5000,
maze-32-32-2-even-1_n10_run08,10,8,10,maze-32-32-2.map,False,5000,5000,
maze-32-32-2-even-1_n10_run09,10,9,10,maze-32-32-2.map,False,5000,5000,
maze-32-32-2-even-1_n10_run10,10,10,10,maze-32-32-2.map,False,5000,5000,
maze-32-32-2-even-1_n15_run01,15,1,15,maze-32-32-2.map,False,5000,5000,
maze-32-32-2-even-1_n15_run02,15,2,15,maze-32-32-2.map,False,5000,5000,
maze-32-32-2-even-1_n15_run03,15,3,15,maze-32-32-2.map,False,5000,5000,
maze-32-32-2-even-1_n15_run04,15,4,15,maze-32-32-2.map,False,5000,5000,
maze-32-32-2-even-1_n15_run05,15,5,15,maze-32-32-2.map,False,5000,5000,
maze-32-32-2-even-1_n15_run06,15,6,15,maze-32-32-2.map,False,5000,5000,
maze-32-32-2-even-1_n15_run07,15,7,15,maze-32-32-2.map,False,5000,5000,
maze-32-32-2-even-1_n15_run08,15,8,15,maze-32-32-2.map,False,5000,5000,
maze-32-32-2-even-1_n15_run09,15,9,15,maze-32-32-2.map,False,5000,5000,
maze-32-32-2-even-1_n15_run10,15,10,15,maze-32-32-2.map,False,5000,5000,
maze-32-32-2-even-1_n20_run01,20,1,20,maze-32-32-2.map,False,5000,5000,
maze-32-32-2-even-1_n20_run02,20,2,20,maze-32-32-2.map,False,5000,5000,
maze-32-32-2-even-1_n20_run03,20,3,20,maze-32-32-2.map,False,5000,5000,
maze-32-32-2-even-1_n20_run04,20,4,20,maze-32-32-2.map,False,5000,5000,
maze-32-32-2-even-1_n20_run05,20,5,20,maze-32-32-2.map,False,5000,5000,
maze-32-32-2-even-1_n20_run06,20,6,20,maze-32-32-2.map,False,5000,5000,
maze-32-32-2-even-1_n20_run07,20,7,20,maze-32-32-2.map,False,5000,5000,
maze-32-32-2-even-1_n20_run08,20,8,20,maze-32-32-2.map,False,5000,5000,
maze-32-32-2-even-1_n20_run09,20,9,20,maze-32-32-2.map,False,5000,5000,
maze-32-32-2-even-1_n20_run10,20,10,20,maze-32-32-2.map,False,5000,5000,
maze-32-32-2-even-1_n25_run01,25,1,25,maze-32-32-2.map,False,5000,5000,
maze-32-32-2-even-1_n25_run02,25,2,25,maze-32-32-2.map,False,5000,5000,
maze-32-32-2-even-1_n25_run03,25,3,25,maze-32-32-2.map,False,5000,5000,
maze-32-32-2-even-1_n25_run04,25,4,25,maze-32-32-2.map,False,5000,5000,
maze-32-32-2-even-1_n25_run05,25,5,25,maze-32-32-2.map,False,5000,5000,
maze-32-32-2-even-1_n25_run06,25,6,25,maze-32-32-2.map,False,5000,5000,
maze-32-32-2-even-1_n25_run07,25,7,25,maze-32-32-2.map,False,5000,5000,
maze-32-32-2-even-1_n25_run08,25,8,25,maze-32-32-2.map,False,5000,5000,
maze-32-32-2-even-1_n25_run09,25,9,25,maze-32-32-2.map,False,5000,5000,
maze-32-32-2-even-1_n25_run10,25,10,25,maze-32-32-2.map,False,5000,5000,
maze-32-32-4-even-1_n5_run01,5,1,5,maze-32-32-4.map,False,5000,5000,
maze-32-32-4-even-1_n5_run02,5,2,5,maze-32-32-4.map,False,5000,5000,
maze-32-32-4-even-1_n5_run03,5,3,5,maze-32-32-4.map,False,5000,5000,
maze-32-32-4-even-1_n5_run04,5,4,5,maze-32-32-4.map,False,5000,5000,
maze-32-32-4-even-1_n5_run05,5,5,5,maze-32-32-4.map,False,5000,5000,
maze-32-32-4-even-1_n5_run06,5,6,5,maze-32-32-4.map,False,5000,5000,
maze-32-32-4-even-1_n5_run07,5,7,5,maze-32-32-4.map,False,5000,5000,
maze-32-32-4-even-1_n5_run08,5,8,5,maze-32-32-4.map,False,5000,5000,
maze-32-32-4-even-1_n5_run09,5,9,5,maze-32-32-4.map,False,5000,5000,
maze-32-32-4-even-1_n5_run10,5,10,5,maze-32-32-4.map,False,5000,5000,
maze-32-32-4-even-1_n10_run01,10,1,10,maze-32-32-4.map,False,5000,5000,
maze-32-32-4-even-1_n10_run02,10,2,10,maze-32-32-4.map,False,5000,5000,
maze-32-32-4-even-1_n10_run03,10,3,10,maze-32-32-4.map,False,5000,5000,
maze-32-32-4-even-1_n10_run04,10,4,10,maze-32-32-4.map,False,5000,5000,
maze-32-32-4-even-1_n10_run05,10,5,10,maze-32-32-4.map,False,5000,5000,
maze-32-32-4-even-1_n10_run06,10,6,10,maze-32-32-4.map,False,5000,5000,
maze-32-32-4-even-1_n10_run07,10,7,10,maze-32-32-4.map,False,5000,5000,
maze-32-32-4-even-1_n10_run08,10,8,10,maze-32-32-4.map,False,5000,5000,
maze-32-32-4-even-1_n10_run09,10,9,10,maze-32-32-4.map,False,5000,5000,
maze-32-32-4-even-1_n10_run10,10,10,10,maze-32-32-4.map,False,5000,5000,
maze-32-32-4-even-1_n15_run01,15,1,15,maze-32-32-4.map,False,5000,5000,
maze-32-32-4-even-1_n15_run02,15,2,15,maze-32-32-4.map,False,5000,5000,
maze-32-32-4-even-1_n15_run03,15,3,15,maze-32-32-4.map,False,5000,5000,
maze-32-32-4-even-1_n15_run04,15,4,15,maze-32-32-4.map,False,5000,5000,
maze-32-32-4-even-1_n15_run05,15,5,15,maze-32-32-4.map,False,5000,5000,
maze-32-32-4-even-1_n15_run06,15,6,15,maze-32-32-4.map,False,5000,5000,
maze-32-32-4-even-1_n15_run07,15,7,15,maze-32-32-4.map,False,5000,5000,
maze-32-32-4-even-1_n15_run08,15,8,15,maze-32-32-4.map,False,5000,5000,
maze-32-32-4-even-1_n15_run09,15,9,15,maze-32-32-4.map,False,5000,5000,
maze-32-32-4-even-1_n15_run10,15,10,15,maze-32-32-4.map,False,5000,5000,
maze-32-32-4-even-1_n20_run01,20,1,20,maze-32-32-4.map,False,5000,5000,
maze-32-32-4-even-1_n20_run02,20,2,20,maze-32-32-4.map,False,5000,5000,
maze-32-32-4-even-1_n20_run03,20,3,20,maze-32-32-4.map,False,5000,5000,
maze-32-32-4-even-1_n20_run04,20,4,20,maze-32-32-4.map,False,5000,5000,
maze-32-32-4-even-1_n20_run05,20,5,20,maze-32-32-4.map,False,5000,5000,
maze-32-32-4-even-1_n20_run06,20,6,20,maze-32-32-4.map,False,5000,5000,
maze-32-32-4-even-1_n20_run07,20,7,20,maze-32-32-4.map,False,5000,5000,
maze-32-32-4-even-1_n20_run08,20,8,20,maze-32-32-4.map,False,5000,5000,
maze-32-32-4-even-1_n20_run09,20,9,20,maze-32-32-4.map,False,5000,5000,
maze-32-32-4-even-1_n20_run10,20,10,20,maze-32-32-4.map,False,5000,5000,
maze-32-32-4-even-1_n25_run01,25,1,25,maze-32-32-4.map,False,5000,5000,
maze-32-32-4-even-1_n25_run02,25,2,25,maze-32-32-4.map,False,5000,5000,
maze-32-32-4-even-1_n25_run03,25,3,25,maze-32-32-4.map,False,5000,5000,
maze-32-32-4-even-1_n25_run04,25,4,25,maze-32-32-4.map,False,5000,5000,
maze-32-32-4-even-1_n25_run05,25,5,25,maze-32-32-4.map,False,5000,5000,
maze-32-32-4-even-1_n25_run06,25,6,25,maze-32-32-4.map,False,5000,5000,
maze-32-32-4-even-1_n25_run07,25,7,25,maze-32-32-4.map,False,5000,5000,
maze-32-32-4-even-1_n25_run08,25,8,25,maze-32-32-4.map,False,5000,5000,
maze-32-32-4-even-1_n25_run09,25,9,25,maze-32-32-4.map,False,5000,5000,
maze-32-32-4-even-1_n25_run10,25,10,25,maze-32-32-4.map,False,5000,5000,
orz900d-even-1_n5_run01,5,1,5,orz900d.map,False,5000,5000,
orz900d-even-1_n5_run02,5,2,5,orz900d.map,False,5000,5000,
orz900d-even-1_n5_run03,5,3,5,orz900d.map,False,5000,5000,
orz900d-even-1_n5_run04,5,4,5,orz900d.map,False,5000,5000,
orz900d-even-1_n5_run05,5,5,5,orz900d.map,False,5000,5000,
orz900d-even-1_n5_run06,5,6,5,orz900d.map,False,5000,5000,
orz900d-even-1_n5_run07,5,7,5,orz900d.map,False,5000,5000,
orz900d-even-1_n5_run08,5,8,5,orz900d.map,False,5000,5000,
orz900d-even-1_n5_run09,5,9,5,orz900d.map,False,5000,5000,
orz900d-even-1_n5_run10,5,10,5,orz900d.map,False,5000,5000,
orz900d-even-1_n10_run01,10,1,10,orz900d.map,False,5000,5000,
orz900d-even-1_n10_run02,10,2,10,orz900d.map,False,5000,5000,
orz900d-even-1_n10_run03,10,3,10,orz900d.map,False,5000,5000,
orz900d-even-1_n10_run04,10,4,10,orz900d.map,False,5000,5000,
orz900d-even-1_n10_run05,10,5,10,orz900d.map,False,5000,5000,
orz900d-even-1_n10_run06,10,6,10,orz900d.map,False,5000,5000,
orz900d-even-1_n10_run07,10,7,10,orz900d.map,False,5000,5000,
orz900d-even-1_n10_run08,10,8,10,orz900d.map,False,5000,5000,
orz900d-even-1_n10_run09,10,9,10,orz900d.map,False,5000,5000,
orz900d-even-1_n10_run10,10,10,10,orz900d.map,False,5000,5000,
orz900d-even-1_n15_run01,15,1,15,orz900d.map,False,5000,5000,
orz900d-even-1_n15_run02,15,2,15,orz900d.map,False,5000,5000,
orz900d-even-1_n15_run03,15,3,15,orz900d.map,False,5000,5000,
orz900d-even-1_n15_run04,15,4,15,orz900d.map,False,5000,5000,
orz900d-even-1_n15_run05,15,5,15,orz900d.map,False,5000,5000,
orz900d-even-1_n15_run06,15,6,15,orz900d.map,False,5000,5000,
orz900d-even-1_n15_run07,15,7,15,orz900d.map,False,5000,5000,
orz900d-even-1_n15_run08,15,8,15,orz900d.map,False,5000,5000,
orz900d-even-1_n15_run09,15,9,15,orz900d.map,False,5000,5000,
orz900d-even-1_n15_run10,15,10,15,orz900d.map,False,5000,5000,
orz900d-even-1_n20_run01,20,1,20,orz900d.map,False,5000,5000,
orz900d-even-1_n20_run02,20,2,20,orz900d.map,False,5000,5000,
orz900d-even-1_n20_run03,20,3,20,orz900d.map,False,5000,5000,
orz900d-even-1_n20_run04,20,4,20,orz900d.map,False,5000,5000,
orz900d-even-1_n20_run05,20,5,20,orz900d.map,False,5000,5000,
orz900d-even-1_n20_run06,20,6,20,orz900d.map,False,5000,5000,
orz900d-even-1_n20_run07,20,7,20,orz900d.map,False,5000,5000,
orz900d-even-1_n20_run08,20,8,20,orz900d.map,False,5000,5000,
orz900d-even-1_n20_run09,20,9,20,orz900d.map,False,5000,5000,
orz900d-even-1_n20_run10,20,10,20,orz900d.map,False,5000,5000,
orz900d-even-1_n25_run01,25,1,25,orz900d.map,False,5000,5000,
orz900d-even-1_n25_run02,25,2,25,orz900d.map,False,5000,5000,
orz900d-even-1_n25_run03,25,3,25,orz900d.map,False,5000,5000,
orz900d-even-1_n25_run04,25,4,25,orz900d.map,False,5000,5000,
orz900d-even-1_n25_run05,25,5,25,orz900d.map,False,5000,5000,
orz900d-even-1_n25_run06,25,6,25,orz900d.map,False,5000,5000,
orz900d-even-1_n25_run07,25,7,25,orz900d.map,False,5000,5000,
orz900d-even-1_n25_run08,25,8,25,orz900d.map,False,5000,5000,
orz900d-even-1_n25_run09,25,9,25,orz900d.map,False,5000,5000,
orz900d-even-1_n25_run10,25,10,25,orz900d.map,False,5000,5000,
ost003d-even-1_n5_run01,5,1,5,ost003d.map,False,5000,5000,
ost003d-even-1_n5_run02,5,2,5,ost003d.map,False,5000,5000,
ost003d-even-1_n5_run03,5,3,5,ost003d.map,False,5000,5000,
ost003d-even-1_n5_run04,5,4,5,ost003d.map,False,5000,5000,
ost003d-even-1_n5_run05,5,5,5,ost003d.map,False,5000,5000,
ost003d-even-1_n5_run06,5,6,5,ost003d.map,False,5000,5000,
ost003d-even-1_n5_run07,5,7,5,ost003d.map,False,5000,5000,
ost003d-even-1_n5_run08,5,8,5,ost003d.map,False,5000,5000,
ost003d-even-1_n5_run09,5,9,5,ost003d.map,False,5000,5000,
ost003d-even-1_n5_run10,5,10,5,ost003d.map,False,5000,5000,
ost003d-even-1_n10_run01,10,1,10,ost003d.map,False,5000,5000,
ost003d-even-1_n10_run02,10,2,10,ost003d.map,False,5000,5000,
ost003d-even-1_n10_run03,10,3,10,ost003d.map,False,5000,5000,
ost003d-even-1_n10_run04,10,4,10,ost003d.map,False,5000,5000,
ost003d-even-1_n10_run05,10,5,10,ost003d.map,False,5000,5000,
ost003d-even-1_n10_run06,10,6,10,ost003d.map,False,5000,5000,
ost003d-even-1_n10_run07,10,7,10,ost003d.map,False,5000,5000,
ost003d-even-1_n10_run08,10,8,10,ost003d.map,False,5000,5000,
ost003d-even-1_n10_run09,10,9,10,ost003d.map,False,5000,5000,
ost003d-even-1_n10_run10,10,10,10,ost003d.map,False,5000,5000,
ost003d-even-1_n15_run01,15,1,15,ost003d.map,False,5000,5000,
ost003d-even-1_n15_run02,15,2,15,ost003d.map,False,5000,5000,
ost003d-even-1_n15_run03,15,3,15,ost003d.map,False,5000,5000,
ost003d-even-1_n15_run04,15,4,15,ost003d.map,False,5000,5000,
ost003d-even-1_n15_run05,15,5,15,ost003d.map,False,5000,5000,
ost003d-even-1_n15_run06,15,6,15,ost003d.map,False,5000,5000,
ost003d-even-1_n15_run07,15,7,15,ost003d.map,False,5000,5000,
ost003d-even-1_n15_run08,15,8,15,ost003d.map,False,5000,5000,
ost003d-even-1_n15_run09,15,9,15,ost003d.map,False,5000,5000,
ost003d-even-1_n15_run10,15,10,15,ost003d.map,False,5000,5000,
ost003d-even-1_n20_run01,20,1,20,ost003d.map,False,5000,5000,
ost003d-even-1_n20_run02,20,2,20,ost003d.map,False,5000,5000,
ost003d-even-1_n20_run03,20,3,20,ost003d.map,False,5000,5000,
ost003d-even-1_n20_run04,20,4,20,ost003d.map,False,5000,5000,
ost003d-even-1_n20_run05,20,5,20,ost003d.map,False,5000,5000,
ost003d-even-1_n20_run06,20,6,20,ost003d.map,False,5000,5000,
ost003d-even-1_n20_run07,20,7,20,ost003d.map,False,5000,5000,
ost003d-even-1_n20_run08,20,8,20,ost003d.map,False,5000,5000,
ost003d-even-1_n20_run09,20,9,20,ost003d.map,False,5000,5000,
ost003d-even-1_n20_run10,20,10,20,ost003d.map,False,5000,5000,
ost003d-even-1_n25_run01,25,1,25,ost003d.map,False,5000,5000,
ost003d-even-1_n25_run02,25,2,25,ost003d.map,False,5000,5000,
ost003d-even-1_n25_run03,25,3,25,ost003d.map,False,5000,5000,
ost003d-even-1_n25_run04,25,4,25,ost003d.map,False,5000,5000,
ost003d-even-1_n25_run05,25,5,25,ost003d.map,False,5000,5000,
ost003d-even-1_n25_run06,25,6,25,ost003d.map,False,5000,5000,
ost003d-even-1_n25_run07,25,7,25,ost003d.map,False,5000,5000,
ost003d-even-1_n25_run08,25,8,25,ost003d.map,False,5000,5000,
ost003d-even-1_n25_run09,25,9,25,ost003d.map,False,5000,5000,
ost003d-even-1_n25_run10,25,10,25,ost003d.map,False,5000,5000,
Paris_1_256-even-1_n5_run01,5,1,5,Paris_1_256.map,False,5000,5000,
Paris_1_256-even-1_n5_run02,5,2,5,Paris_1_256.map,False,5000,5000,
Paris_1_256-even-1_n5_run03,5,3,5,Paris_1_256.map,False,5000,5000,
Paris_1_256-even-1_n5_run04,5,4,5,Paris_1_256.map,False,5000,5000,
Paris_1_256-even-1_n5_run05,5,5,5,Paris_1_256.map,False,5000,5000,
Paris_1_256-even-1_n5_run06,5,6,5,Paris_1_256.map,False,5000,5000,
Paris_1_256-even-1_n5_run07,5,7,5,Paris_1_256.map,False,5000,5000,
Paris_1_256-even-1_n5_run08,5,8,5,Paris_1_256.map,False,5000,5000,
Paris_1_256-even-1_n5_run09,5,9,5,Paris_1_256.map,False,5000,5000,
Paris_1_256-even-1_n5_run10,5,10,5,Paris_1_256.map,False,5000,5000,
Paris_1_256-even-1_n10_run01,10,1,10,Paris_1_256.map,False,5000,5000,
Paris_1_256-even-1_n10_run02,10,2,10,Paris_1_256.map,False,5000,5000,
Paris_1_256-even-1_n10_run03,10,3,10,Paris_1_256.map,False,5000,5000,
Paris_1_256-even-1_n10_run04,10,4,10,Paris_1_256.map,False,5000,5000,
Paris_1_256-even-1_n10_run05,10,5,10,Paris_1_256.map,False,5000,5000,
Paris_1_256-even-1_n10_run06,10,6,10,Paris_1_256.map,False,5000,5000,
Paris_1_256-even-1_n10_run07,10,7,10,Paris_1_256.map,False,5000,5000,
Paris_1_256-even-1_n10_run08,10,8,10,Paris_1_256.map,False,5000,5000,
Paris_1_256-even-1_n10_run09,10,9,10,Paris_1_256.map,False,5000,5000,
Paris_1_256-even-1_n10_run10,10,10,10,Paris_1_256.map,False,5000,5000,
Paris_1_256-even-1_n15_run01,15,1,15,Paris_1_256.map,False,5000,5000,
Paris_1_256-even-1_n15_run02,15,2,15,Paris_1_256.map,False,5000,5000,
Paris_1_256-even-1_n15_run03,15,3,15,Paris_1_256.map,False,5000,5000,
Paris_1_256-even-1_n15_run04,15,4,15,Paris_1_256.map,False,5000,5000,
Paris_1_256-even-1_n15_run05,15,5,15,Paris_1_256.map,False,5000,5000,
Paris_1_256-even-1_n15_run06,15,6,15,Paris_1_256.map,False,5000,5000,
Paris_1_256-even-1_n15_run07,15,7,15,Paris_1_256.map,False,5000,5000,
Paris_1_256-even-1_n15_run08,15,8,15,Paris_1_256.map,False,5000,5000,
Paris_1_256-even-1_n15_run09,15,9,15,Paris_1_256.map,False,5000,5000,
Paris_1_256-even-1_n15_run10,15,10,15,Paris_1_256.map,False,5000,5000,
Paris_1_256-even-1_n20_run01,20,1,20,Paris_1_256.map,False,5000,5000,
Paris_1_256-even-1_n20_run02,20,2,20,Paris_1_256.map,False,5000,5000,
Paris_1_256-even-1_n20_run03,20,3,20,Paris_1_256.map,False,5000,5000,
Paris_1_256-even-1_n20_run04,20,4,20,Paris_1_256.map,False,5000,5000,
Paris_1_256-even-1_n20_run05,20,5,20,Paris_1_256.map,False,5000,5000,
Paris_1_256-even-1_n20_run06,20,6,20,Paris_1_256.map,False,5000,5000,
Paris_1_256-even-1_n20_run07,20,7,20,Paris_1_256.map,False,5000,5000,
Paris_1_256-even-1_n20_run08,20,8,20,Paris_1_256.map,False,5000,5000,
Paris_1_256-even-1_n20_run09,20,9,20,Paris_1_256.map,False,5000,5000,
Paris_1_256-even-1_n20_run10,20,10,20,Paris_1_256.map,False,5000,5000,
Paris_1_256-even-1_n25_run01,25,1,25,Paris_1_256.map,False,5000,5000,
Paris_1_256-even-1_n25_run02,25,2,25,Paris_1_256.map,False,5000,5000,
Paris_1_256-even-1_n25_run03,25,3,25,Paris_1_256.map,False,5000,5000,
Paris_1_256-even-1_n25_run04,25,4,25,Paris_1_256.map,False,5000,5000,
Paris_1_256-even-1_n25_run05,25,5,25,Paris_1_256.map,False,5000,5000,
Paris_1_256-even-1_n25_run06,25,6,25,Paris_1_256.map,False,5000,5000,
Paris_1_256-even-1_n25_run07,25,7,25,Paris_1_256.map,False,5000,5000,
Paris_1_256-even-1_n25_run08,25,8,25,Paris_1_256.map,False,5000,5000,
Paris_1_256-even-1_n25_run09,25,9,25,Paris_1_256.map,False,5000,5000,
Paris_1_256-even-1_n25_run10,25,10,25,Paris_1_256.map,False,5000,5000,
random-32-32-10-even-1_n5_run01,5,1,5,random-32-32-10.map,True,108,5000,
random-32-32-10-even-1_n5_run02,5,2,5,random-32-32-10.map,False,5000,5000,
random-32-32-10-even-1_n5_run03,5,3,5,random-32-32-10.map,False,5000,5000,
random-32-32-10-even-1_n5_run04,5,4,5,random-32-32-10.map,False,5000,5000,
random-32-32-10-even-1_n5_run05,5,5,5,random-32-32-10.map,False,5000,5000,
random-32-32-10-even-1_n5_run06,5,6,5,random-32-32-10.map,False,5000,5000,
random-32-32-10-even-1_n5_run07,5,7,5,random-32-32-10.map,False,5000,5000,
random-32-32-10-even-1_n5_run08,5,8,5,random-32-32-10.map,False,5000,5000,
random-32-32-10-even-1_n5_run09,5,9,5,random-32-32-10.map,True,161,5000,
random-32-32-10-even-1_n5_run10,5,10,5,random-32-32-10.map,False,5000,5000,
random-32-32-10-even-1_n10_run01,10,1,10,random-32-32-10.map,False,5000,5000,
random-32-32-10-even-1_n10_run02,10,2,10,random-32-32-10.map,False,5000,5000,
random-32-32-10-even-1_n10_run03,10,3,10,random-32-32-10.map,False,5000,5000,
random-32-32-10-even-1_n10_run04,10,4,10,random-32-32-10.map,False,5000,5000,
random-32-32-10-even-1_n10_run05,10,5,10,random-32-32-10.map,False,5000,5000,
random-32-32-10-even-1_n10_run06,10,6,10,random-32-32-10.map,False,5000,5000,
random-32-32-10-even-1_n10_run07,10,7,10,random-32-32-10.map,False,5000,5000,
random-32-32-10-even-1_n10_run08,10,8,10,random-32-32-10.map,False,5000,5000,
random-32-32-10-even-1_n10_run09,10,9,10,random-32-32-10.map,False,5000,5000,
random-32-32-10-even-1_n10_run10,10,10,10,random-32-32-10.map,False,5000,5000,
random-32-32-10-even-1_n15_run01,15,1,15,random-32-32-10.map,False,5000,5000,
random-32-32-10-even-1_n15_run02,15,2,15,random-32-32-10.map,False,5000,5000,
random-32-32-10-even-1_n15_run03,15,3,15,random-32-32-10.map,False,5000,5000,
random-32-32-10-even-1_n15_run04,15,4,15,random-32-32-10.map,False,5000,5000,
random-32-32-10-even-1_n15_run05,15,5,15,random-32-32-10.map,False,5000,5000,
random-32-32-10-even-1_n15_run06,15,6,15,random-32-32-10.map,False,5000,5000,
random-32-32-10-even-1_n15_run07,15,7,15,random-32-32-10.map,False,5000,5000,
random-32-32-10-even-1_n15_run08,15,8,15,random-32-32-10.map,False,5000,5000,
random-32-32-10-even-1_n15_run09,15,9,15,random-32-32-10.map,False,5000,5000,
random-32-32-10-even-1_n15_run10,15,10,15,random-32-32-10.map,False,5000,5000,
random-32-32-10-even-1_n20_run01,20,1,20,random-32-32-10.map,False,5000,5000,
random-32-32-10-even-1_n20_run02,20,2,20,random-32-32-10.map,False,5000,5000,
random-32-32-10-even-1_n20_run03,20,3,20,random-32-32-10.map,False,5000,5000,
random-32-32-10-even-1_n20_run04,20,4,20,random-32-32-10.map,False,5000,5000,
random-32-32-10-even-1_n20_run05,20,5,20,random-32-32-10.map,False,5000,5000,
random-32-32-10-even-1_n20_run06,20,6,20,random-32-32-10.map,False,5000,5000,
random-32-32-10-even-1_n20_run07,20,7,20,random-32-32-10.map,False,5000,5000,
random-32-32-10-even-1_n20_run08,20,8,20,random-32-32-10.map,False,5000,5000,
random-32-32-10-even-1_n20_run09,20,9,20,random-32-32-10.map,False,5000,5000,
random-32-32-10-even-1_n20_run10,20,10,20,random-32-32-10.map,False,5000,5000,
random-32-32-10-even-1_n25_run01,25,1,25,random-32-32-10.map,False,5000,5000,
random-32-32-10-even-1_n25_run02,25,2,25,random-32-32-10.map,False,5000,5000,
random-32-32-10-even-1_n25_run03,25,3,25,random-32-32-10.map,False,5000,5000,
random-32-32-10-even-1_n25_run04,25,4,25,random-32-32-10.map,False,5000,5000,
random-32-32-10-even-1_n25_run05,25,5,25,random-32-32-10.map,False,5000,5000,
random-32-32-10-even-1_n25_run06,25,6,25,random-32-32-10.map,False,5000,5000,
random-32-32-10-even-1_n25_run07,25,7,25,random-32-32-10.map,False,5000,5000,
random-32-32-10-even-1_n25_run08,25,8,25,random-32-32-10.map,False,5000,5000,
random-32-32-10-even-1_n25_run09,25,9,25,random-32-32-10.map,False,5000,5000,
random-32-32-10-even-1_n25_run10,25,10,25,random-32-32-10.map,False,5000,5000,
random-32-32-20-even-1_n5_run01,5,1,5,random-32-32-20.map,True,215,5000,
random-32-32-20-even-1_n5_run02,5,2,5,random-32-32-20.map,False,5000,5000,
random-32-32-20-even-1_n5_run03,5,3,5,random-32-32-20.map,True,101,5000,
random-32-32-20-even-1_n5_run04,5,4,5,random-32-32-20.map,True,162,5000,
random-32-32-20-even-1_n5_run05,5,5,5,random-32-32-20.map,True,277,5000,
random-32-32-20-even-1_n5_run06,5,6,5,random-32-32-20.map,False,5000,5000,
random-32-32-20-even-1_n5_run07,5,7,5,random-32-32-20.map,False,5000,5000,
random-32-32-20-even-1_n5_run08,5,8,5,random-32-32-20.map,False,5000,5000,
random-32-32-20-even-1_n5_run09,5,9,5,random-32-32-20.map,True,158,5000,
random-32-32-20-even-1_n5_run10,5,10,5,random-32-32-20.map,False,5000,5000,
random-32-32-20-even-1_n10_run01,10,1,10,random-32-32-20.map,False,5000,5000,
random-32-32-20-even-1_n10_run02,10,2,10,random-32-32-20.map,False,5000,5000,
random-32-32-20-even-1_n10_run03,10,3,10,random-32-32-20.map,True,165,5000,
random-32-32-20-even-1_n10_run04,10,4,10,random-32-32-20.map,True,278,5000,
random-32-32-20-even-1_n10_run05,10,5,10,random-32-32-20.map,True,336,5000,
random-32-32-20-even-1_n10_run06,10,6,10,random-32-32-20.map,False,5000,5000,
random-32-32-20-even-1_n10_run07,10,7,10,random-32-32-20.map,False,5000,5000,
random-32-32-20-even-1_n10_run08,10,8,10,random-32-32-20.map,False,5000,5000,
random-32-32-20-even-1_n10_run09,10,9,10,random-32-32-20.map,True,381,5000,
random-32-32-20-even-1_n10_run10,10,10,10,random-32-32-20.map,True,233,5000,
random-32-32-20-even-1_n15_run01,15,1,15,random-32-32-20.map,False,5000,5000,
random-32-32-20-even-1_n15_run02,15,2,15,random-32-32-20.map,False,5000,5000,
random-32-32-20-even-1_n15_run03,15,3,15,random-32-32-20.map,False,5000,5000,
random-32-32-20-even-1_n15_run04,15,4,15,random-32-32-20.map,False,5000,5000,
random-32-32-20-even-1_n15_run05,15,5,15,random-32-32-20.map,False,5000,5000,
random-32-32-20-even-1_n15_run06,15,6,15,random-32-32-20.map,False,5000,5000,
random-32-32-20-even-1_n15_run07,15,7,15,random-32-32-20.map,True,198,5000,
random-32-32-20-even-1_n15_run08,15,8,15,random-32-32-20.map,True,315,5000,
random-32-32-20-even-1_n15_run09,15,9,15,random-32-32-20.map,True,168,5000,
random-32-32-20-even-1_n15_run10,15,10,15,random-32-32-20.map,False,5000,5000,
random-32-32-20-even-1_n20_run01,20,1,20,random-32-32-20.map,False,5000,5000,
random-32-32-20-even-1_n20_run02,20,2,20,random-32-32-20.map,False,5000,5000,
random-32-32-20-even-1_n20_run03,20,3,20,random-32-32-20.map,False,5000,5000,
random-32-32-20-even-1_n20_run04,20,4,20,random-32-32-20.map,False,5000,5000,
random-32-32-20-even-1_n20_run05,20,5,20,random-32-32-20.map,False,5000,5000,
random-32-32-20-even-1_n20_run06,20,6,20,random-32-32-20.map,True,244,5000,
random-32-32-20-even-1_n20_run07,20,7,20,random-32-32-20.map,False,5000,5000,
random-32-32-20-even-1_n20_run08,20,8,20,random-32-32-20.map,False,5000,5000,
random-32-32-20-even-1_n20_run09,20,9,20,random-32-32-20.map,False,5000,5000,
random-32-32-20-even-1_n20_run10,20,10,20,random-32-32-20.map,False,5000,5000,
random-32-32-20-even-1_n25_run01,25,1,25,random-32-32-20.map,False,5000,5000,
random-32-32-20-even-1_n25_run02,25,2,25,random-32-32-20.map,False,5000,5000,
random-32-32-20-even-1_n25_run03,25,3,25,random-32-32-20.map,False,5000,5000,
random-32-32-20-even-1_n25_run04,25,4,25,random-32-32-20.map,False,5000,5000,
random-32-32-20-even-1_n25_run05,25,5,25,random-32-32-20.map,False,5000,5000,
random-32-32-20-even-1_n25_run06,25,6,25,random-32-32-20.map,False,5000,5000,
random-32-32-20-even-1_n25_run07,25,7,25,random-32-32-20.map,False,5000,5000,
random-32-32-20-even-1_n25_run08,25,8,25,random-32-32-20.map,False,5000,5000,
random-32-32-20-even-1_n25_run09,25,9,25,random-32-32-20.map,True,277,5000,
random-32-32-20-even-1_n25_run10,25,10,25,random-32-32-20.map,False,5000,5000,
random-64-64-10-even-1_n5_run01,5,1,5,random-64-64-10.map,True,490,5000,
random-64-64-10-even-1_n5_run02,5,2,5,random-64-64-10.map,True,350,5000,
random-64-64-10-even-1_n5_run03,5,3,5,random-64-64-10.map,False,5000,5000,
random-64-64-10-even-1_n5_run04,5,4,5,random-64-64-10.map,True,1416,5000,
random-64-64-10-even-1_n5_run05,5,5,5,random-64-64-10.map,True,377,5000,
random-64-64-10-even-1_n5_run06,5,6,5,random-64-64-10.map,True,303,5000,
random-64-64-10-even-1_n5_run07,5,7,5,random-64-64-10.map,True,548,5000,
random-64-64-10-even-1_n5_run08,5,8,5,random-64-64-10.map,True,449,5000,
random-64-64-10-even-1_n5_run09,5,9,5,random-64-64-10.map,False,5000,5000,
random-64-64-10-even-1_n5_run10,5,10,5,random-64-64-10.map,True,258,5000,
random-64-64-10-even-1_n10_run01,10,1,10,random-64-64-10.map,True,350,5000,
random-64-64-10-even-1_n10_run02,10,2,10,random-64-64-10.map,False,5000,5000,
random-64-64-10-even-1_n10_run03,10,3,10,random-64-64-10.map,False,5000,5000,
random-64-64-10-even-1_n10_run04,10,4,10,random-64-64-10.map,True,290,5000,
random-64-64-10-even-1_n10_run05,10,5,10,random-64-64-10.map,True,525,5000,
random-64-64-10-even-1_n10_run06,10,6,10,random-64-64-10.map,True,300,5000,
random-64-64-10-even-1_n10_run07,10,7,10,random-64-64-10.map,True,365,5000,
random-64-64-10-even-1_n10_run08,10,8,10,random-64-64-10.map,True,374,5000,
random-64-64-10-even-1_n10_run09,10,9,10,random-64-64-10.map,False,5000,5000,
random-64-64-10-even-1_n10_run10,10,10,10,random-64-64-10.map,False,5000,5000,
random-64-64-10-even-1_n15_run01,15,1,15,random-64-64-10.map,False,5000,5000,
random-64-64-10-even-1_n15_run02,15,2,15,random-64-64-10.map,False,5000,5000,
random-64-64-10-even-1_n15_run03,15,3,15,random-64-64-10.map,False,5000,5000,
random-64-64-10-even-1_n15_run04,15,4,15,random-64-64-10.map,False,5000,5000,
random-64-64-10-even-1_n15_run05,15,5,15,random-64-64-10.map,True,478,5000,
random-64-64-10-even-1_n15_run06,15,6,15,random-64-64-10.map,True,404,5000,
random-64-64-10-even-1_n15_run07,15,7,15,random-64-64-10.map,True,907,5000,
random-64-64-10-even-1_n15_run08,15,8,15,random-64-64-10.map,False,5000,5000,
random-64-64-10-even-1_n15_run09,15,9,15,random-64-64-10.map,False,5000,5000,
random-64-64-10-even-1_n15_run10,15,10,15,random-64-64-10.map,True,267,5000,
random-64-64-10-even-1_n20_run01,20,1,20,random-64-64-10.map,True,407,5000,
random-64-64-10-even-1_n20_run02,20,2,20,random-64-64-10.map,False,5000,5000,
random-64-64-10-even-1_n20_run03,20,3,20,random-64-64-10.map,True,399,5000,
random-64-64-10-even-1_n20_run04,20,4,20,random-64-64-10.map,False,5000,5000,
random-64-64-10-even-1_n20_run05,20,5,20,random-64-64-10.map,False,5000,5000,
random-64-64-10-even-1_n20_run06,20,6,20,random-64-64-10.map,True,336,5000,
random-64-64-10-even-1_n20_run07,20,7,20,random-64-64-10.map,False,5000,5000,
random-64-64-10-even-1_n20_run08,20,8,20,random-64-64-10.map,True,489,5000,
random-64-64-10-even-1_n20_run09,20,9,20,random-64-64-10.map,False,5000,5000,
random-64-64-10-even-1_n20_run10,20,10,20,random-64-64-10.map,True,449,5000,
random-64-64-10-even-1_n25_run01,25,1,25,random-64-64-10.map,True,511,5000,
random-64-64-10-even-1_n25_run02,25,2,25,random-64-64-10.map,False,5000,5000,
random-64-64-10-even-1_n25_run03,25,3,25,random-64-64-10.map,False,5000,5000,
random-64-64-10-even-1_n25_run04,25,4,25,random-64-64-10.map,True,552,5000,
random-64-64-10-even-1_n25_run05,25,5,25,random-64-64-10.map,True,391,5000,
random-64-64-10-even-1_n25_run06,25,6,25,random-64-64-10.map,True,391,5000,
random-64-64-10-even-1_n25_run07,25,7,25,random-64-64-10.map,False,5000,5000,
random-64-64-10-even-1_n25_run08,25,8,25,random-64-64-10.map,True,429,5000,
random-64-64-10-even-1_n25_run09,25,9,25,random-64-64-10.map,False,5000,5000,
random-64-64-10-even-1_n25_run10,25,10,25,random-64-64-10.map,False,5000,5000,
random-64-64-20-even-1_n5_run01,5,1,5,random-64-64-20.map,False,5000,5000,
random-64-64-20-even-1_n5_run02,5,2,5,random-64-64-20.map,False,5000,5000,
random-64-64-20-even-1_n5_run03,5,3,5,random-64-64-20.map,False,5000,5000,
random-64-64-20-even-1_n5_run04,5,4,5,random-64-64-20.map,False,5000,5000,
random-64-64-20-even-1_n5_run05,5,5,5,random-64-64-20.map,False,5000,5000,
random-64-64-20-even-1_n5_run06,5,6,5,random-64-64-20.map,True,291,5000,
random-64-64-20-even-1_n5_run07,5,7,5,random-64-64-20.map,False,5000,5000,
random-64-64-20-even-1_n5_run08,5,8,5,random-64-64-20.map,False,5000,5000,
random-64-64-20-even-1_n5_run09,5,9,5,random-64-64-20.map,False,5000,5000,
random-64-64-20-even-1_n5_run10,5,10,5,random-64-64-20.map,False,5000,5000,
random-64-64-20-even-1_n10_run01,10,1,10,random-64-64-20.map,False,5000,5000,
random-64-64-20-even-1_n10_run02,10,2,10,random-64-64-20.map,False,5000,5000,
random-64-64-20-even-1_n10_run03,10,3,10,random-64-64-20.map,False,5000,5000,
random-64-64-20-even-1_n10_run04,10,4,10,random-64-64-20.map,True,874,5000,
random-64-64-20-even-1_n10_run05,10,5,10,random-64-64-20.map,False,5000,5000,
random-64-64-20-even-1_n10_run06,10,6,10,random-64-64-20.map,False,5000,5000,
random-64-64-20-even-1_n10_run07,10,7,10,random-64-64-20.map,False,5000,5000,
random-64-64-20-even-1_n10_run08,10,8,10,random-64-64-20.map,False,5000,5000,
random-64-64-20-even-1_n10_run09,10,9,10,random-64-64-20.map,False,5000,5000,
random-64-64-20-even-1_n10_run10,10,10,10,random-64-64-20.map,False,5000,5000,
random-64-64-20-even-1_n15_run01,15,1,15,random-64-64-20.map,False,5000,5000,
random-64-64-20-even-1_n15_run02,15,2,15,random-64-64-20.map,False,5000,5000,
random-64-64-20-even-1_n15_run03,15,3,15,random-64-64-20.map,False,5000,5000,
random-64-64-20-even-1_n15_run04,15,4,15,random-64-64-20.map,False,5000,5000,
random-64-64-20-even-1_n15_run05,15,5,15,random-64-64-20.map,False,5000,5000,
random-64-64-20-even-1_n15_run06,15,6,15,random-64-64-20.map,False,5000,5000,
random-64-64-20-even-1_n15_run07,15,7,15,random-64-64-20.map,False,5000,5000,
random-64-64-20-even-1_n15_run08,15,8,15,random-64-64-20.map,False,5000,5000,
random-64-64-20-even-1_n15_run09,15,9,15,random-64-64-20.map,False,5000,5000,
random-64-64-20-even-1_n15_run10,15,10,15,random-64-64-20.map,False,5000,5000,
random-64-64-20-even-1_n20_run01,20,1,20,random-64-64-20.map,False,5000,5000,
random-64-64-20-even-1_n20_run02,20,2,20,random-64-64-20.map,False,5000,5000,
random-64-64-20-even-1_n20_run03,20,3,20,random-64-64-20.map,False,5000,5000,
random-64-64-20-even-1_n20_run04,20,4,20,random-64-64-20.map,False,5000,5000,
random-64-64-20-even-1_n20_run05,20,5,20,random-64-64-20.map,False,5000,5000,
random-64-64-20-even-1_n20_run06,20,6,20,random-64-64-20.map,False,5000,5000,
random-64-64-20-even-1_n20_run07,20,7,20,random-64-64-20.map,False,5000,5000,
random-64-64-20-even-1_n20_run08,20,8,20,random-64-64-20.map,False,5000,5000,
random-64-64-20-even-1_n20_run09,20,9,20,random-64-64-20.map,False,5000,5000,
random-64-64-20-even-1_n20_run10,20,10,20,random-64-64-20.map,False,5000,5000,
random-64-64-20-even-1_n25_run01,25,1,25,random-64-64-20.map,False,5000,5000,
random-64-64-20-even-1_n25_run02,25,2,25,random-64-64-20.map,False,5000,5000,
random-64-64-20-even-1_n25_run03,25,3,25,random-64-64-20.map,False,5000,5000,
random-64-64-20-even-1_n25_run04,25,4,25,random-64-64-20.map,False,5000,5000,
random-64-64-20-even-1_n25_run05,25,5,25,random-64-64-20.map,False,5000,5000,
random-64-64-20-even-1_n25_run06,25,6,25,random-64-64-20.map,False,5000,5000,
random-64-64-20-even-1_n25_run07,25,7,25,random-64-64-20.map,False,5000,5000,
random-64-64-20-even-1_n25_run08,25,8,25,random-64-64-20.map,False,5000,5000,
random-64-64-20-even-1_n25_run09,25,9,25,random-64-64-20.map,False,5000,5000,
random-64-64-20-even-1_n25_run10,25,10,25,random-64-64-20.map,False,5000,5000,
room-32-32-4-even-1_n5_run01,5,1,5,room-32-32-4.map,False,5000,5000,
room-32-32-4-even-1_n5_run02,5,2,5,room-32-32-4.map,False,5000,5000,
room-32-32-4-even-1_n5_run03,5,3,5,room-32-32-4.map,False,5000,5000,
room-32-32-4-even-1_n5_run04,5,4,5,room-32-32-4.map,False,5000,5000,
room-32-32-4-even-1_n5_run05,5,5,5,room-32-32-4.map,False,5000,5000,
room-32-32-4-even-1_n5_run06,5,6,5,room-32-32-4.map,False,5000,5000,
room-32-32-4-even-1_n5_run07,5,7,5,room-32-32-4.map,False,5000,5000,
room-32-32-4-even-1_n5_run08,5,8,5,room-32-32-4.map,False,5000,5000,
room-32-32-4-even-1_n5_run09,5,9,5,room-32-32-4.map,True,600,5000,
room-32-32-4-even-1_n5_run10,5,10,5,room-32-32-4.map,False,5000,5000,
room-32-32-4-even-1_n10_run01,10,1,10,room-32-32-4.map,False,5000,5000,
room-32-32-4-even-1_n10_run02,10,2,10,room-32-32-4.map,False,5000,5000,
room-32-32-4-even-1_n10_run03,10,3,10,room-32-32-4.map,False,5000,5000,
room-32-32-4-even-1_n10_run04,10,4,10,room-32-32-4.map,False,5000,5000,
room-32-32-4-even-1_n10_run05,10,5,10,room-32-32-4.map,False,5000,5000,
room-32-32-4-even-1_n10_run06,10,6,10,room-32-32-4.map,False,5000,5000,
room-32-32-4-even-1_n10_run07,10,7,10,room-32-32-4.map,False,5000,5000,
room-32-32-4-even-1_n10_run08,10,8,10,room-32-32-4.map,False,5000,5000,
room-32-32-4-even-1_n10_run09,10,9,10,room-32-32-4.map,False,5000,5000,
room-32-32-4-even-1_n10_run10,10,10,10,room-32-32-4.map,False,5000,5000,
room-32-32-4-even-1_n15_run01,15,1,15,room-32-32-4.map,False,5000,5000,
room-32-32-4-even-1_n15_run02,15,2,15,room-32-32-4.map,False,5000,5000,
room-32-32-4-even-1_n15_run03,15,3,15,room-32-32-4.map,False,5000,5000,
room-32-32-4-even-1_n15_run04,15,4,15,room-32-32-4.map,False,5000,5000,
room-32-32-4-even-1_n15_run05,15,5,15,room-32-32-4.map,False,5000,5000,
room-32-32-4-even-1_n15_run06,15,6,15,room-32-32-4.map,False,5000,5000,
room-32-32-4-even-1_n15_run07,15,7,15,room-32-32-4.map,False,5000,5000,
room-32-32-4-even-1_n15_run08,15,8,15,room-32-32-4.map,False,5000,5000,
room-32-32-4-even-1_n15_run09,15,9,15,room-32-32-4.map,False,5000,5000,
room-32-32-4-even-1_n15_run10,15,10,15,room-32-32-4.map,False,5000,5000,
room-32-32-4-even-1_n20_run01,20,1,20,room-32-32-4.map,False,5000,5000,
room-32-32-4-even-1_n20_run02,20,2,20,room-32-32-4.map,False,5000,5000,
room-32-32-4-even-1_n20_run03,20,3,20,room-32-32-4.map,False,5000,5000,
room-32-32-4-even-1_n20_run04,20,4,20,room-32-32-4.map,False,5000,5000,
room-32-32-4-even-1_n20_run05,20,5,20,room-32-32-4.map,False,5000,5000,
room-32-32-4-even-1_n20_run06,20,6,20,room-32-32-4.map,False,5000,5000,
room-32-32-4-even-1_n20_run07,20,7,20,room-32-32-4.map,False,5000,5000,
room-32-32-4-even-1_n20_run08,20,8,20,room-32-32-4.map,False,5000,5000,
room-32-32-4-even-1_n20_run09,20,9,20,room-32-32-4.map,False,5000,5000,
room-32-32-4-even-1_n20_run10,20,10,20,room-32-32-4.map,False,5000,5000,
room-32-32-4-even-1_n25_run01,25,1,25,room-32-32-4.map,False,5000,5000,
room-32-32-4-even-1_n25_run02,25,2,25,room-32-32-4.map,False,5000,5000,
room-32-32-4-even-1_n25_run03,25,3,25,room-32-32-4.map,False,5000,5000,
room-32-32-4-even-1_n25_run04,25,4,25,room-32-32-4.map,False,5000,5000,
room-32-32-4-even-1_n25_run05,25,5,25,room-32-32-4.map,False,5000,5000,
room-32-32-4-even-1_n25_run06,25,6,25,room-32-32-4.map,False,5000,5000,
room-32-32-4-even-1_n25_run07,25,7,25,room-32-32-4.map,False,5000,5000,
room-32-32-4-even-1_n25_run08,25,8,25,room-32-32-4.map,False,5000,5000,
room-32-32-4-even-1_n25_run09,25,9,25,room-32-32-4.map,False,5000,5000,
room-32-32-4-even-1_n25_run10,25,10,25,room-32-32-4.map,False,5000,5000,
room-64-64-16-even-1_n5_run01,5,1,5,room-64-64-16.map,False,5000,5000,
room-64-64-16-even-1_n5_run02,5,2,5,room-64-64-16.map,False,5000,5000,
room-64-64-16-even-1_n5_run03,5,3,5,room-64-64-16.map,False,5000,5000,
room-64-64-16-even-1_n5_run04,5,4,5,room-64-64-16.map,False,5000,5000,
room-64-64-16-even-1_n5_run05,5,5,5,room-64-64-16.map,False,5000,5000,
room-64-64-16-even-1_n5_run06,5,6,5,room-64-64-16.map,False,5000,5000,
room-64-64-16-even-1_n5_run07,5,7,5,room-64-64-16.map,False,5000,5000,
room-64-64-16-even-1_n5_run08,5,8,5,room-64-64-16.map,False,5000,5000,
room-64-64-16-even-1_n5_run09,5,9,5,room-64-64-16.map,False,5000,5000,
room-64-64-16-even-1_n5_run10,5,10,5,room-64-64-16.map,False,5000,5000,
room-64-64-16-even-1_n10_run01,10,1,10,room-64-64-16.map,False,5000,5000,
room-64-64-16-even-1_n10_run02,10,2,10,room-64-64-16.map,False,5000,5000,
room-64-64-16-even-1_n10_run03,10,3,10,room-64-64-16.map,False,5000,5000,
room-64-64-16-even-1_n10_run04,10,4,10,room-64-64-16.map,False,5000,5000,
room-64-64-16-even-1_n10_run05,10,5,10,room-64-64-16.map,False,5000,5000,
room-64-64-16-even-1_n10_run06,10,6,10,room-64-64-16.map,False,5000,5000,
room-64-64-16-even-1_n10_run07,10,7,10,room-64-64-16.map,False,5000,5000,
room-64-64-16-even-1_n10_run08,10,8,10,room-64-64-16.map,False,5000,5000,
room-64-64-16-even-1_n10_run09,10,9,10,room-64-64-16.map,False,5000,5000,
room-64-64-16-even-1_n10_run10,10,10,10,room-64-64-16.map,False,5000,5000,
room-64-64-16-even-1_n15_run01,15,1,15,room-64-64-16.map,False,5000,5000,
room-64-64-16-even-1_n15_run02,15,2,15,room-64-64-16.map,False,5000,5000,
room-64-64-16-even-1_n15_run03,15,3,15,room-64-64-16.map,False,5000,5000,
room-64-64-16-even-1_n15_run04,15,4,15,room-64-64-16.map,False,5000,5000,
room-64-64-16-even-1_n15_run05,15,5,15,room-64-64-16.map,False,5000,5000,
room-64-64-16-even-1_n15_run06,15,6,15,room-64-64-16.map,False,5000,5000,
room-64-64-16-even-1_n15_run07,15,7,15,room-64-64-16.map,False,5000,5000,
room-64-64-16-even-1_n15_run08,15,8,15,room-64-64-16.map,False,5000,5000,
room-64-64-16-even-1_n15_run09,15,9,15,room-64-64-16.map,False,5000,5000,
room-64-64-16-even-1_n15_run10,15,10,15,room-64-64-16.map,False,5000,5000,
room-64-64-16-even-1_n20_run01,20,1,20,room-64-64-16.map,False,5000,5000,
room-64-64-16-even-1_n20_run02,20,2,20,room-64-64-16.map,False,5000,5000,
room-64-64-16-even-1_n20_run03,20,3,20,room-64-64-16.map,False,5000,5000,
room-64-64-16-even-1_n20_run04,20,4,20,room-64-64-16.map,False,5000,5000,
room-64-64-16-even-1_n20_run05,20,5,20,room-64-64-16.map,False,5000,5000,
room-64-64-16-even-1_n20_run06,20,6,20,room-64-64-16.map,False,5000,5000,
room-64-64-16-even-1_n20_run07,20,7,20,room-64-64-16.map,False,5000,5000,
room-64-64-16-even-1_n20_run08,20,8,20,room-64-64-16.map,False,5000,5000,
room-64-64-16-even-1_n20_run09,20,9,20,room-64-64-16.map,False,5000,5000,
room-64-64-16-even-1_n20_run10,20,10,20,room-64-64-16.map,False,5000,5000,
room-64-64-16-even-1_n25_run01,25,1,25,room-64-64-16.map,False,5000,5000,
room-64-64-16-even-1_n25_run02,25,2,25,room-64-64-16.map,False,5000,5000,
room-64-64-16-even-1_n25_run03,25,3,25,room-64-64-16.map,False,5000,5000,
room-64-64-16-even-1_n25_run04,25,4,25,room-64-64-16.map,False,5000,5000,
room-64-64-16-even-1_n25_run05,25,5,25,room-64-64-16.map,False,5000,5000,
room-64-64-16-even-1_n25_run06,25,6,25,room-64-64-16.map,False,5000,5000,
room-64-64-16-even-1_n25_run07,25,7,25,room-64-64-16.map,False,5000,5000,
room-64-64-16-even-1_n25_run08,25,8,25,room-64-64-16.map,False,5000,5000,
room-64-64-16-even-1_n25_run09,25,9,25,room-64-64-16.map,False,5000,5000,
room-64-64-16-even-1_n25_run10,25,10,25,room-64-64-16.map,False,5000,5000,
room-64-64-8-even-1_n5_run01,5,1,5,room-64-64-8.map,False,5000,5000,
room-64-64-8-even-1_n5_run02,5,2,5,room-64-64-8.map,False,5000,5000,
room-64-64-8-even-1_n5_run03,5,3,5,room-64-64-8.map,False,5000,5000,
room-64-64-8-even-1_n5_run04,5,4,5,room-64-64-8.map,False,5000,5000,
room-64-64-8-even-1_n5_run05,5,5,5,room-64-64-8.map,False,5000,5000,
room-64-64-8-even-1_n5_run06,5,6,5,room-64-64-8.map,False,5000,5000,
room-64-64-8-even-1_n5_run07,5,7,5,room-64-64-8.map,False,5000,5000,
room-64-64-8-even-1_n5_run08,5,8,5,room-64-64-8.map,False,5000,5000,
room-64-64-8-even-1_n5_run09,5,9,5,room-64-64-8.map,False,5000,5000,
room-64-64-8-even-1_n5_run10,5,10,5,room-64-64-8.map,False,5000,5000,
room-64-64-8-even-1_n10_run01,10,1,10,room-64-64-8.map,False,5000,5000,
room-64-64-8-even-1_n10_run02,10,2,10,room-64-64-8.map,False,5000,5000,
room-64-64-8-even-1_n10_run03,10,3,10,room-64-64-8.map,False,5000,5000,
room-64-64-8-even-1_n10_run04,10,4,10,room-64-64-8.map,False,5000,5000,
room-64-64-8-even-1_n10_run05,10,5,10,room-64-64-8.map,False,5000,5000,
room-64-64-8-even-1_n10_run06,10,6,10,room-64-64-8.map,False,5000,5000,
room-64-64-8-even-1_n10_run07,10,7,10,room-64-64-8.map,False,5000,5000,
room-64-64-8-even-1_n10_run08,10,8,10,room-64-64-8.map,False,5000,5000,
room-64-64-8-even-1_n10_run09,10,9,10,room-64-64-8.map,False,5000,5000,
room-64-64-8-even-1_n10_run10,10,10,10,room-64-64-8.map,False,5000,5000,
room-64-64-8-even-1_n15_run01,15,1,15,room-64-64-8.map,False,5000,5000,
room-64-64-8-even-1_n15_run02,15,2,15,room-64-64-8.map,False,5000,5000,
room-64-64-8-even-1_n15_run03,15,3,15,room-64-64-8.map,False,5000,5000,
room-64-64-8-even-1_n15_run04,15,4,15,room-64-64-8.map,False,5000,5000,
room-64-64-8-even-1_n15_run05,15,5,15,room-64-64-8.map,False,5000,5000,
room-64-64-8-even-1_n15_run06,15,6,15,room-64-64-8.map,False,5000,5000,
room-64-64-8-even-1_n15_run07,15,7,15,room-64-64-8.map,False,5000,5000,
room-64-64-8-even-1_n15_run08,15,8,15,room-64-64-8.map,False,5000,5000,
room-64-64-8-even-1_n15_run09,15,9,15,room-64-64-8.map,False,5000,5000,
room-64-64-8-even-1_n15_run10,15,10,15,room-64-64-8.map,False,5000,5000,
room-64-64-8-even-1_n20_run01,20,1,20,room-64-64-8.map,False,5000,5000,
room-64-64-8-even-1_n20_run02,20,2,20,room-64-64-8.map,False,5000,5000,
room-64-64-8-even-1_n20_run03,20,3,20,room-64-64-8.map,False,5000,5000,
room-64-64-8-even-1_n20_run04,20,4,20,room-64-64-8.map,False,5000,5000,
room-64-64-8-even-1_n20_run05,20,5,20,room-64-64-8.map,False,5000,5000,
room-64-64-8-even-1_n20_run06,20,6,20,room-64-64-8.map,False,5000,5000,
room-64-64-8-even-1_n20_run07,20,7,20,room-64-64-8.map,False,5000,5000,
room-64-64-8-even-1_n20_run08,20,8,20,room-64-64-8.map,False,5000,5000,
room-64-64-8-even-1_n20_run09,20,9,20,room-64-64-8.map,False,5000,5000,
room-64-64-8-even-1_n20_run10,20,10,20,room-64-64-8.map,False,5000,5000,
room-64-64-8-even-1_n25_run01,25,1,25,room-64-64-8.map,False,5000,5000,
room-64-64-8-even-1_n25_run02,25,2,25,room-64-64-8.map,False,5000,5000,
room-64-64-8-even-1_n25_run03,25,3,25,room-64-64-8.map,False,5000,5000,
room-64-64-8-even-1_n25_run04,25,4,25,room-64-64-8.map,False,5000,5000,
room-64-64-8-even-1_n25_run05,25,5,25,room-64-64-8.map,False,5000,5000,
room-64-64-8-even-1_n25_run06,25,6,25,room-64-64-8.map,False,5000,5000,
room-64-64-8-even-1_n25_run07,25,7,25,room-64-64-8.map,False,5000,5000,
room-64-64-8-even-1_n25_run08,25,8,25,room-64-64-8.map,False,5000,5000,
room-64-64-8-even-1_n25_run09,25,9,25,room-64-64-8.map,False,5000,5000,
room-64-64-8-even-1_n25_run10,25,10,25,room-64-64-8.map,False,5000,5000,
w_woundedcoast-even-1_n5_run01,5,1,5,w_woundedcoast.map,False,5000,5000,
w_woundedcoast-even-1_n5_run02,5,2,5,w_woundedcoast.map,False,5000,5000,
w_woundedcoast-even-1_n5_run03,5,3,5,w_woundedcoast.map,False,5000,5000,
w_woundedcoast-even-1_n5_run04,5,4,5,w_woundedcoast.map,False,5000,5000,
w_woundedcoast-even-1_n5_run05,5,5,5,w_woundedcoast.map,False,5000,5000,
w_woundedcoast-even-1_n5_run06,5,6,5,w_woundedcoast.map,False,5000,5000,
w_woundedcoast-even-1_n5_run07,5,7,5,w_woundedcoast.map,False,5000,5000,
w_woundedcoast-even-1_n5_run08,5,8,5,w_woundedcoast.map,False,5000,5000,
w_woundedcoast-even-1_n5_run09,5,9,5,w_woundedcoast.map,False,5000,5000,
w_woundedcoast-even-1_n5_run10,5,10,5,w_woundedcoast.map,False,5000,5000,
w_woundedcoast-even-1_n10_run01,10,1,10,w_woundedcoast.map,False,5000,5000,
w_woundedcoast-even-1_n10_run02,10,2,10,w_woundedcoast.map,False,5000,5000,
w_woundedcoast-even-1_n10_run03,10,3,10,w_woundedcoast.map,False,5000,5000,
w_woundedcoast-even-1_n10_run04,10,4,10,w_woundedcoast.map,False,5000,5000,
w_woundedcoast-even-1_n10_run05,10,5,10,w_woundedcoast.map,False,5000,5000,
w_woundedcoast-even-1_n10_run06,10,6,10,w_woundedcoast.map,False,5000,5000,
w_woundedcoast-even-1_n10_run07,10,7,10,w_woundedcoast.map,False,5000,5000,
w_woundedcoast-even-1_n10_run08,10,8,10,w_woundedcoast.map,False,5000,5000,
w_woundedcoast-even-1_n10_run09,10,9,10,w_woundedcoast.map,False,5000,5000,
w_woundedcoast-even-1_n10_run10,10,10,10,w_woundedcoast.map,False,5000,5000,
w_woundedcoast-even-1_n15_run01,15,1,15,w_woundedcoast.map,False,5000,5000,
w_woundedcoast-even-1_n15_run02,15,2,15,w_woundedcoast.map,False,5000,5000,
w_woundedcoast-even-1_n15_run03,15,3,15,w_woundedcoast.map,False,5000,5000,
w_woundedcoast-even-1_n15_run04,15,4,15,w_woundedcoast.map,False,5000,5000,
w_woundedcoast-even-1_n15_run05,15,5,15,w_woundedcoast.map,False,5000,5000,
w_woundedcoast-even-1_n15_run06,15,6,15,w_woundedcoast.map,False,5000,5000,
w_woundedcoast-even-1_n15_run07,15,7,15,w_woundedcoast.map,False,5000,5000,
w_woundedcoast-even-1_n15_run08,15,8,15,w_woundedcoast.map,False,5000,5000,
w_woundedcoast-even-1_n15_run09,15,9,15,w_woundedcoast.map,False,5000,5000,
w_woundedcoast-even-1_n15_run10,15,10,15,w_woundedcoast.map,False,5000,5000,
w_woundedcoast-even-1_n20_run01,20,1,20,w_woundedcoast.map,False,5000,5000,
w_woundedcoast-even-1_n20_run02,20,2,20,w_woundedcoast.map,False,5000,5000,
w_woundedcoast-even-1_n20_run03,20,3,20,w_woundedcoast.map,False,5000,5000,
w_woundedcoast-even-1_n20_run04,20,4,20,w_woundedcoast.map,False,5000,5000,
w_woundedcoast-even-1_n20_run05,20,5,20,w_woundedcoast.map,False,5000,5000,
w_woundedcoast-even-1_n20_run06,20,6,20,w_woundedcoast.map,False,5000,5000,
w_woundedcoast-even-1_n20_run07,20,7,20,w_woundedcoast.map,False,5000,5000,
w_woundedcoast-even-1_n20_run08,20,8,20,w_woundedcoast.map,False,5000,5000,
w_woundedcoast-even-1_n20_run09,20,9,20,w_woundedcoast.map,False,5000,5000,
w_woundedcoast-even-1_n20_run10,20,10,20,w_woundedcoast.map,False,5000,5000,
w_woundedcoast-even-1_n25_run01,25,1,25,w_woundedcoast.map,False,5000,5000,
w_woundedcoast-even-1_n25_run02,25,2,25,w_woundedcoast.map,False,5000,5000,
w_woundedcoast-even-1_n25_run03,25,3,25,w_woundedcoast.map,False,5000,5000,
w_woundedcoast-even-1_n25_run04,25,4,25,w_woundedcoast.map,False,5000,5000,
w_woundedcoast-even-1_n25_run05,25,5,25,w_woundedcoast.map,False,5000,5000,
w_woundedcoast-even-1_n25_run06,25,6,25,w_woundedcoast.map,False,5000,5000,
w_woundedcoast-even-1_n25_run07,25,7,25,w_woundedcoast.map,False,5000,5000,
w_woundedcoast-even-1_n25_run08,25,8,25,w_woundedcoast.map,False,5000,5000,
w_woundedcoast-even-1_n25_run09,25,9,25,w_woundedcoast.map,False,5000,5000,
w_woundedcoast-even-1_n25_run10,25,10,25,w_woundedcoast.map,False,5000,5000,
warehouse-10-20-10-2-1-even-1_n5_run01,5,1,5,warehouse-10-20-10-2-1.map,True,497,5000,
warehouse-10-20-10-2-1-even-1_n5_run02,5,2,5,warehouse-10-20-10-2-1.map,True,233,5000,
warehouse-10-20-10-2-1-even-1_n5_run03,5,3,5,warehouse-10-20-10-2-1.map,True,422,5000,
warehouse-10-20-10-2-1-even-1_n5_run04,5,4,5,warehouse-10-20-10-2-1.map,True,652,5000,
warehouse-10-20-10-2-1-even-1_n5_run05,5,5,5,warehouse-10-20-10-2-1.map,True,893,5000,
warehouse-10-20-10-2-1-even-1_n5_run06,5,6,5,warehouse-10-20-10-2-1.map,True,667,5000,
warehouse-10-20-10-2-1-even-1_n5_run07,5,7,5,warehouse-10-20-10-2-1.map,True,935,5000,
warehouse-10-20-10-2-1-even-1_n5_run08,5,8,5,warehouse-10-20-10-2-1.map,True,1037,5000,
warehouse-10-20-10-2-1-even-1_n5_run09,5,9,5,warehouse-10-20-10-2-1.map,True,930,5000,
warehouse-10-20-10-2-1-even-1_n5_run10,5,10,5,warehouse-10-20-10-2-1.map,True,632,5000,
warehouse-10-20-10-2-1-even-1_n10_run01,10,1,10,warehouse-10-20-10-2-1.map,True,972,5000,
warehouse-10-20-10-2-1-even-1_n10_run02,10,2,10,warehouse-10-20-10-2-1.map,True,1010,5000,
warehouse-10-20-10-2-1-even-1_n10_run03,10,3,10,warehouse-10-20-10-2-1.map,True,482,5000,
warehouse-10-20-10-2-1-even-1_n10_run04,10,4,10,warehouse-10-20-10-2-1.map,True,1000,5000,
warehouse-10-20-10-2-1-even-1_n10_run05,10,5,10,warehouse-10-20-10-2-1.map,True,1079,5000,
warehouse-10-20-10-2-1-even-1_n10_run06,10,6,10,warehouse-10-20-10-2-1.map,True,643,5000,
warehouse-10-20-10-2-1-even-1_n10_run07,10,7,10,warehouse-10-20-10-2-1.map,True,682,5000,
warehouse-10-20-10-2-1-even-1_n10_run08,10,8,10,warehouse-10-20-10-2-1.map,True,705,5000,
warehouse-10-20-10-2-1-even-1_n10_run09,10,9,10,warehouse-10-20-10-2-1.map,True,1251,5000,
warehouse-10-20-10-2-1-even-1_n10_run10,10,10,10,warehouse-10-20-10-2-1.map,True,827,5000,
warehouse-10-20-10-2-1-even-1_n15_run01,15,1,15,warehouse-10-20-10-2-1.map,True,1107,5000,
warehouse-10-20-10-2-1-even-1_n15_run02,15,2,15,warehouse-10-20-10-2-1.map,True,991,5000,
warehouse-10-20-10-2-1-even-1_n15_run03,15,3,15,warehouse-10-20-10-2-1.map,True,1448,5000,
warehouse-10-20-10-2-1-even-1_n15_run04,15,4,15,warehouse-10-20-10-2-1.map,True,1032,5000,
warehouse-10-20-10-2-1-even-1_n15_run05,15,5,15,warehouse-10-20-10-2-1.map,True,1300,5000,
warehouse-10-20-10-2-1-even-1_n15_run06,15,6,15,warehouse-10-20-10-2-1.map,True,746,5000,
warehouse-10-20-10-2-1-even-1_n15_run07,15,7,15,warehouse-10-20-10-2-1.map,True,1715,5000,
warehouse-10-20-10-2-1-even-1_n15_run08,15,8,15,warehouse-10-20-10-2-1.map,True,1327,5000,
warehouse-10-20-10-2-1-even-1_n15_run09,15,9,15,warehouse-10-20-10-2-1.map,True,741,5000,
warehouse-10-20-10-2-1-even-1_n15_run10,15,10,15,warehouse-10-20-10-2-1.map,True,1002,5000,
warehouse-10-20-10-2-1-even-1_n20_run01,20,1,20,warehouse-10-20-10-2-1.map,True,1219,5000,
warehouse-10-20-10-2-1-even-1_n20_run02,20,2,20,warehouse-10-20-10-2-1.map,True,950,5000,
warehouse-10-20-10-2-1-even-1_n20_run03,20,3,20,warehouse-10-20-10-2-1.map,True,1281,5000,
warehouse-10-20-10-2-1-even-1_n20_run04,20,4,20,warehouse-10-20-10-2-1.map,True,1617,5000,
warehouse-10-20-10-2-1-even-1_n20_run05,20,5,20,warehouse-10-20-10-2-1.map,True,1094,5000,
warehouse-10-20-10-2-1-even-1_n20_run06,20,6,20,warehouse-10-20-10-2-1.map,True,983,5000,
warehouse-10-20-10-2-1-even-1_n20_run07,20,7,20,warehouse-10-20-10-2-1.map,True,1172,5000,
warehouse-10-20-10-2-1-even-1_n20_run08,20,8,20,warehouse-10-20-10-2-1.map,True,1343,5000,
warehouse-10-20-10-2-1-even-1_n20_run09,20,9,20,warehouse-10-20-10-2-1.map,True,969,5000,
warehouse-10-20-10-2-1-even-1_n20_run10,20,10,20,warehouse-10-20-10-2-1.map,True,1353,5000,
warehouse-10-20-10-2-1-even-1_n25_run01,25,1,25,warehouse-10-20-10-2-1.map,True,907,5000,
warehouse-10-20-10-2-1-even-1_n25_run02,25,2,25,warehouse-10-20-10-2-1.map,True,1086,5000,
warehouse-10-20-10-2-1-even-1_n25_run03,25,3,25,warehouse-10-20-10-2-1.map,True,763,5000,
warehouse-10-20-10-2-1-even-1_n25_run04,25,4,25,warehouse-10-20-10-2-1.map,True,718,5000,
warehouse-10-20-10-2-1-even-1_n25_run05,25,5,25,warehouse-10-20-10-2-1.map,True,1505,5000,
warehouse-10-20-10-2-1-even-1_n25_run06,25,6,25,warehouse-10-20-10-2-1.map,True,920,5000,
warehouse-10-20-10-2-1-even-1_n25_run07,25,7,25,warehouse-10-20-10-2-1.map,True,852,5000,
warehouse-10-20-10-2-1-even-1_n25_run08,25,8,25,warehouse-10-20-10-2-1.map,True,819,5000,
warehouse-10-20-10-2-1-even-1_n25_run09,25,9,25,warehouse-10-20-10-2-1.map,True,1311,5000,
warehouse-10-20-10-2-1-even-1_n25_run10,25,10,25,warehouse-10-20-10-2-1.map,True,847,5000,
warehouse-10-20-10-2-2-even-1_n5_run01,5,1,5,warehouse-10-20-10-2-2.map,True,573,5000,
warehouse-10-20-10-2-2-even-1_n5_run02,5,2,5,warehouse-10-20-10-2-2.map,True,621,5000,
warehouse-10-20-10-2-2-even-1_n5_run03,5,3,5,warehouse-10-20-10-2-2.map,True,660,5000,
warehouse-10-20-10-2-2-even-1_n5_run04,5,4,5,warehouse-10-20-10-2-2.map,True,395,5000,
warehouse-10-20-10-2-2-even-1_n5_run05,5,5,5,warehouse-10-20-10-2-2.map,True,539,5000,
warehouse-10-20-10-2-2-even-1_n5_run06,5,6,5,warehouse-10-20-10-2-2.map,True,550,5000,
warehouse-10-20-10-2-2-even-1_n5_run07,5,7,5,warehouse-10-20-10-2-2.map,True,566,5000,
warehouse-10-20-10-2-2-even-1_n5_run08,5,8,5,warehouse-10-20-10-2-2.map,True,1018,5000,
warehouse-10-20-10-2-2-even-1_n5_run09,5,9,5,warehouse-10-20-10-2-2.map,True,546,5000,
warehouse-10-20-10-2-2-even-1_n5_run10,5,10,5,warehouse-10-20-10-2-2.map,True,608,5000,
warehouse-10-20-10-2-2-even-1_n10_run01,10,1,10,warehouse-10-20-10-2-2.map,True,568,5000,
warehouse-10-20-10-2-2-even-1_n10_run02,10,2,10,warehouse-10-20-10-2-2.map,True,808,5000,
warehouse-10-20-10-2-2-even-1_n10_run03,10,3,10,warehouse-10-20-10-2-2.map,True,671,5000,
warehouse-10-20-10-2-2-even-1_n10_run04,10,4,10,warehouse-10-20-10-2-2.map,True,567,5000,
warehouse-10-20-10-2-2-even-1_n10_run05,10,5,10,warehouse-10-20-10-2-2.map,True,792,5000,
warehouse-10-20-10-2-2-even-1_n10_run06,10,6,10,warehouse-10-20-10-2-2.map,True,731,5000,
warehouse-10-20-10-2-2-even-1_n10_run07,10,7,10,warehouse-10-20-10-2-2.map,True,813,5000,
warehouse-10-20-10-2-2-even-1_n10_run08,10,8,10,warehouse-10-20-10-2-2.map,True,1059,5000,
warehouse-10-20-10-2-2-even-1_n10_run09,10,9,10,warehouse-10-20-10-2-2.map,True,1024,5000,
warehouse-10-20-10-2-2-even-1_n10_run10,10,10,10,warehouse-10-20-10-2-2.map,True,702,5000,
warehouse-10-20-10-2-2-even-1_n15_run01,15,1,15,warehouse-10-20-10-2-2.map,True,713,5000,
warehouse-10-20-10-2-2-even-1_n15_run02,15,2,15,warehouse-10-20-10-2-2.map,True,1042,5000,
warehouse-10-20-10-2-2-even-1_n15_run03,15,3,15,warehouse-10-20-10-2-2.map,True,1007,5000,
warehouse-10-20-10-2-2-even-1_n15_run04,15,4,15,warehouse-10-20-10-2-2.map,True,1117,5000,
warehouse-10-20-10-2-2-even-1_n15_run05,15,5,15,warehouse-10-20-10-2-2.map,True,712,5000,
warehouse-10-20-10-2-2-even-1_n15_run06,15,6,15,warehouse-10-20-10-2-2.map,True,675,5000,
warehouse-10-20-10-2-2-even-1_n15_run07,15,7,15,warehouse-10-20-10-2-2.map,True,1090,5000,
warehouse-10-20-10-2-2-even-1_n15_run08,15,8,15,warehouse-10-20-10-2-2.map,True,888,5000,
warehouse-10-20-10-2-2-even-1_n15_run09,15,9,15,warehouse-10-20-10-2-2.map,True,788,5000,
warehouse-10-20-10-2-2-even-1_n15_run10,15,10,15,warehouse-10-20-10-2-2.map,True,1447,5000,
warehouse-10-20-10-2-2-even-1_n20_run01,20,1,20,warehouse-10-20-10-2-2.map,True,1083,5000,
warehouse-10-20-10-2-2-even-1_n20_run02,20,2,20,warehouse-10-20-10-2-2.map,True,867,5000,
warehouse-10-20-10-2-2-even-1_n20_run03,20,3,20,warehouse-10-20-10-2-2.map,True,890,5000,
warehouse-10-20-10-2-2-even-1_n20_run04,20,4,20,warehouse-10-20-10-2-2.map,True,1001,5000,
warehouse-10-20-10-2-2-even-1_n20_run05,20,5,20,warehouse-10-20-10-2-2.map,True,765,5000,
warehouse-10-20-10-2-2-even-1_n20_run06,20,6,20,warehouse-10-20-10-2-2.map,True,783,5000,
warehouse-10-20-10-2-2-even-1_n20_run07,20,7,20,warehouse-10-20-10-2-2.map,True,1014,5000,
warehouse-10-20-10-2-2-even-1_n20_run08,20,8,20,warehouse-10-20-10-2-2.map,True,882,5000,
warehouse-10-20-10-2-2-even-1_n20_run09,20,9,20,warehouse-10-20-10-2-2.map,True,783,5000,
warehouse-10-20-10-2-2-even-1_n20_run10,20,10,20,warehouse-10-20-10-2-2.map,True,1280,5000,
warehouse-10-20-10-2-2-even-1_n25_run01,25,1,25,warehouse-10-20-10-2-2.map,True,888,5000,
warehouse-10-20-10-2-2-even-1_n25_run02,25,2,25,warehouse-10-20-10-2-2.map,True,593,5000,
warehouse-10-20-10-2-2-even-1_n25_run03,25,3,25,warehouse-10-20-10-2-2.map,True,1174,5000,
warehouse-10-20-10-2-2-even-1_n25_run04,25,4,25,warehouse-10-20-10-2-2.map,True,1142,5000,
warehouse-10-20-10-2-2-even-1_n25_run05,25,5,25,warehouse-10-20-10-2-2.map,True,725,5000,
warehouse-10-20-10-2-2-even-1_n25_run06,25,6,25,warehouse-10-20-10-2-2.map,True,1375,5000,
warehouse-10-20-10-2-2-even-1_n25_run07,25,7,25,warehouse-10-20-10-2-2.map,True,815,5000,
warehouse-10-20-10-2-2-even-1_n25_run08,25,8,25,warehouse-10-20-10-2-2.map,True,601,5000,
warehouse-10-20-10-2-2-even-1_n25_run09,25,9,25,warehouse-10-20-10-2-2.map,True,1250,5000,
warehouse-10-20-10-2-2-even-1_n25_run10,25,10,25,warehouse-10-20-10-2-2.map,True,860,5000,
warehouse-20-40-10-2-1-even-1_n5_run01,5,1,5,warehouse-20-40-10-2-1.map,True,1377,5000,
warehouse-20-40-10-2-1-even-1_n5_run02,5,2,5,warehouse-20-40-10-2-1.map,True,2235,5000,
warehouse-20-40-10-2-1-even-1_n5_run03,5,3,5,warehouse-20-40-10-2-1.map,True,1704,5000,
warehouse-20-40-10-2-1-even-1_n5_run04,5,4,5,warehouse-20-40-10-2-1.map,True,1032,5000,
warehouse-20-40-10-2-1-even-1_n5_run05,5,5,5,warehouse-20-40-10-2-1.map,True,1804,5000,
warehouse-20-40-10-2-1-even-1_n5_run06,5,6,5,warehouse-20-40-10-2-1.map,True,1542,5000,
warehouse-20-40-10-2-1-even-1_n5_run07,5,7,5,warehouse-20-40-10-2-1.map,True,1842,5000,
warehouse-20-40-10-2-1-even-1_n5_run08,5,8,5,warehouse-20-40-10-2-1.map,True,1283,5000,
warehouse-20-40-10-2-1-even-1_n5_run09,5,9,5,warehouse-20-40-10-2-1.map,True,792,5000,
warehouse-20-40-10-2-1-even-1_n5_run10,5,10,5,warehouse-20-40-10-2-1.map,True,1794,5000,
warehouse-20-40-10-2-1-even-1_n10_run01,10,1,10,warehouse-20-40-10-2-1.map,True,956,5000,
warehouse-20-40-10-2-1-even-1_n10_run02,10,2,10,warehouse-20-40-10-2-1.map,True,1787,5000,
warehouse-20-40-10-2-1-even-1_n10_run03,10,3,10,warehouse-20-40-10-2-1.map,True,1560,5000,
warehouse-20-40-10-2-1-even-1_n10_run04,10,4,10,warehouse-20-40-10-2-1.map,True,1982,5000,
warehouse-20-40-10-2-1-even-1_n10_run05,10,5,10,warehouse-20-40-10-2-1.map,True,2024,5000,
warehouse-20-40-10-2-1-even-1_n10_run06,10,6,10,warehouse-20-40-10-2-1.map,True,2108,5000,
warehouse-20-40-10-2-1-even-1_n10_run07,10,7,10,warehouse-20-40-10-2-1.map,True,1786,5000,
warehouse-20-40-10-2-1-even-1_n10_run08,10,8,10,warehouse-20-40-10-2-1.map,True,2017,5000,
warehouse-20-40-10-2-1-even-1_n10_run09,10,9,10,warehouse-20-40-10-2-1.map,True,2538,5000,
warehouse-20-40-10-2-1-even-1_n10_run10,10,10,10,warehouse-20-40-10-2-1.map,True,1323,5000,
warehouse-20-40-10-2-1-even-1_n15_run01,15,1,15,warehouse-20-40-10-2-1.map,True,1754,5000,
warehouse-20-40-10-2-1-even-1_n15_run02,15,2,15,warehouse-20-40-10-2-1.map,True,2366,5000,
warehouse-20-40-10-2-1-even-1_n15_run03,15,3,15,warehouse-20-40-10-2-1.map,True,1675,5000,
warehouse-20-40-10-2-1-even-1_n15_run04,15,4,15,warehouse-20-40-10-2-1.map,True,1645,5000,
warehouse-20-40-10-2-1-even-1_n15_run05,15,5,15,warehouse-20-40-10-2-1.map,True,1549,5000,
warehouse-20-40-10-2-1-even-1_n15_run06,15,6,15,warehouse-20-40-10-2-1.map,True,2493,5000,
warehouse-20-40-10-2-1-even-1_n15_run07,15,7,15,warehouse-20-40-10-2-1.map,True,2172,5000,
warehouse-20-40-10-2-1-even-1_n15_run08,15,8,15,warehouse-20-40-10-2-1.map,True,1976,5000,
warehouse-20-40-10-2-1-even-1_n15_run09,15,9,15,warehouse-20-40-10-2-1.map,True,2122,5000,
warehouse-20-40-10-2-1-even-1_n15_run10,15,10,15,warehouse-20-40-10-2-1.map,True,1489,5000,
warehouse-20-40-10-2-1-even-1_n20_run01,20,1,20,warehouse-20-40-10-2-1.map,True,1562,5000,
warehouse-20-40-10-2-1-even-1_n20_run02,20,2,20,warehouse-20-40-10-2-1.map,True,1350,5000,
warehouse-20-40-10-2-1-even-1_n20_run03,20,3,20,warehouse-20-40-10-2-1.map,True,1901,5000,
warehouse-20-40-10-2-1-even-1_n20_run04,20,4,20,warehouse-20-40-10-2-1.map,True,1735,5000,
warehouse-20-40-10-2-1-even-1_n20_run05,20,5,20,warehouse-20-40-10-2-1.map,True,1802,5000,
warehouse-20-40-10-2-1-even-1_n20_run06,20,6,20,warehouse-20-40-10-2-1.map,True,1316,5000,
warehouse-20-40-10-2-1-even-1_n20_run07,20,7,20,warehouse-20-40-10-2-1.map,True,1956,5000,
warehouse-20-40-10-2-1-even-1_n20_run08,20,8,20,warehouse-20-40-10-2-1.map,True,1543,5000,
warehouse-20-40-10-2-1-even-1_n20_run09,20,9,20,warehouse-20-40-10-2-1.map,True,1691,5000,
warehouse-20-40-10-2-1-even-1_n20_run10,20,10,20,warehouse-20-40-10-2-1.map,True,1993,5000,
warehouse-20-40-10-2-1-even-1_n25_run01,25,1,25,warehouse-20-40-10-2-1.map,True,2208,5000,
warehouse-20-40-10-2-1-even-1_n25_run02,25,2,25,warehouse-20-40-10-2-1.map,True,1958,5000,
warehouse-20-40-10-2-1-even-1_n25_run03,25,3,25,warehouse-20-40-10-2-1.map,True,2216,5000,
warehouse-20-40-10-2-1-even-1_n25_run04,25,4,25,warehouse-20-40-10-2-1.map,True,1892,5000,
warehouse-20-40-10-2-1-even-1_n25_run05,25,5,25,warehouse-20-40-10-2-1.map,True,1912,5000,
warehouse-20-40-10-2-1-even-1_n25_run06,25,6,25,warehouse-20-40-10-2-1.map,True,2233,5000,
warehouse-20-40-10-2-1-even-1_n25_run07,25,7,25,warehouse-20-40-10-2-1.map,True,1723,5000,
warehouse-20-40-10-2-1-even-1_n25_run08,25,8,25,warehouse-20-40-10-2-1.map,True,1519,5000,
warehouse-20-40-10-2-1-even-1_n25_run09,25,9,25,warehouse-20-40-10-2-1.map,True,1312,5000,
warehouse-20-40-10-2-1-even-1_n25_run10,25,10,25,warehouse-20-40-10-2-1.map,True,1809,5000,
warehouse-20-40-10-2-2-even-1_n5_run01,5,1,5,warehouse-20-40-10-2-2.map,True,1750,5000,
warehouse-20-40-10-2-2-even-1_n5_run02,5,2,5,warehouse-20-40-10-2-2.map,True,1292,5000,
warehouse-20-40-10-2-2-even-1_n5_run03,5,3,5,warehouse-20-40-10-2-2.map,True,2074,5000,
warehouse-20-40-10-2-2-even-1_n5_run04,5,4,5,warehouse-20-40-10-2-2.map,True,2292,5000,
warehouse-20-40-10-2-2-even-1_n5_run05,5,5,5,warehouse-20-40-10-2-2.map,True,1188,5000,
warehouse-20-40-10-2-2-even-1_n5_run06,5,6,5,warehouse-20-40-10-2-2.map,True,1247,5000,
warehouse-20-40-10-2-2-even-1_n5_run07,5,7,5,warehouse-20-40-10-2-2.map,True,1314,5000,
warehouse-20-40-10-2-2-even-1_n5_run08,5,8,5,warehouse-20-40-10-2-2.map,True,1813,5000,
warehouse-20-40-10-2-2-even-1_n5_run09,5,9,5,warehouse-20-40-10-2-2.map,True,1503,5000,
warehouse-20-40-10-2-2-even-1_n5_run10,5,10,5,warehouse-20-40-10-2-2.map,True,1546,5000,
warehouse-20-40-10-2-2-even-1_n10_run01,10,1,10,warehouse-20-40-10-2-2.map,True,1726,5000,
warehouse-20-40-10-2-2-even-1_n10_run02,10,2,10,warehouse-20-40-10-2-2.map,True,1747,5000,
warehouse-20-40-10-2-2-even-1_n10_run03,10,3,10,warehouse-20-40-10-2-2.map,True,2217,5000,
warehouse-20-40-10-2-2-even-1_n10_run04,10,4,10,warehouse-20-40-10-2-2.map,True,2423,5000,
warehouse-20-40-10-2-2-even-1_n10_run05,10,5,10,warehouse-20-40-10-2-2.map,True,2098,5000,
warehouse-20-40-10-2-2-even-1_n10_run06,10,6,10,warehouse-20-40-10-2-2.map,True,1533,5000,
warehouse-20-40-10-2-2-even-1_n10_run07,10,7,10,warehouse-20-40-10-2-2.map,True,1160,5000,
warehouse-20-40-10-2-2-even-1_n10_run08,10,8,10,warehouse-20-40-10-2-2.map,True,2003,5000,
warehouse-20-40-10-2-2-even-1_n10_run09,10,9,10,warehouse-20-40-10-2-2.map,True,1604,5000,
warehouse-20-40-10-2-2-even-1_n10_run10,10,10,10,warehouse-20-40-10-2-2.map,True,1513,5000,
warehouse-20-40-10-2-2-even-1_n15_run01,15,1,15,warehouse-20-40-10-2-2.map,True,1367,5000,
warehouse-20-40-10-2-2-even-1_n15_run02,15,2,15,warehouse-20-40-10-2-2.map,True,1957,5000,
warehouse-20-40-10-2-2-even-1_n15_run03,15,3,15,warehouse-20-40-10-2-2.map,True,2045,5000,
warehouse-20-40-10-2-2-even-1_n15_run04,15,4,15,warehouse-20-40-10-2-2.map,True,1567,5000,
warehouse-20-40-10-2-2-even-1_n15_run05,15,5,15,warehouse-20-40-10-2-2.map,True,1173,5000,
warehouse-20-40-10-2-2-even-1_n15_run06,15,6,15,warehouse-20-40-10-2-2.map,True,2123,5000,
warehouse-20-40-10-2-2-even-1_n15_run07,15,7,15,warehouse-20-40-10-2-2.map,True,1720,5000,
warehouse-20-40-10-2-2-even-1_n15_run08,15,8,15,warehouse-20-40-10-2-2.map,True,2030,5000,
warehouse-20-40-10-2-2-even-1_n15_run09,15,9,15,warehouse-20-40-10-2-2.map,True,1731,5000,
warehouse-20-40-10-2-2-even-1_n15_run10,15,10,15,warehouse-20-40-10-2-2.map,True,1420,5000,
warehouse-20-40-10-2-2-even-1_n20_run01,20,1,20,warehouse-20-40-10-2-2.map,True,1634,5000,
warehouse-20-40-10-2-2-even-1_n20_run02,20,2,20,warehouse-20-40-10-2-2.map,True,1755,5000,
warehouse-20-40-10-2-2-even-1_n20_run03,20,3,20,warehouse-20-40-10-2-2.map,True,1649,5000,
warehouse-20-40-10-2-2-even-1_n20_run04,20,4,20,warehouse-20-40-10-2-2.map,True,1205,5000,
warehouse-20-40-10-2-2-even-1_n20_run05,20,5,20,warehouse-20-40-10-2-2.map,True,1536,5000,
warehouse-20-40-10-2-2-even-1_n20_run06,20,6,20,warehouse-20-40-10-2-2.map,True,1834,5000,
warehouse-20-40-10-2-2-even-1_n20_run07,20,7,20,warehouse-20-40-10-2-2.map,True,2605,5000,
warehouse-20-40-10-2-2-even-1_n20_run08,20,8,20,warehouse-20-40-10-2-2.map,True,1546,5000,
warehouse-20-40-10-2-2-even-1_n20_run09,20,9,20,warehouse-20-40-10-2-2.map,True,1889,5000,
warehouse-20-40-10-2-2-even-1_n20_run10,20,10,20,warehouse-20-40-10-2-2.map,True,2324,5000,
warehouse-20-40-10-2-2-even-1_n25_run01,25,1,25,warehouse-20-40-10-2-2.map,True,1402,5000,
warehouse-20-40-10-2-2-even-1_n25_run02,25,2,25,warehouse-20-40-10-2-2.map,True,1765,5000,
warehouse-20-40-10-2-2-even-1_n25_run03,25,3,25,warehouse-20-40-10-2-2.map,True,1419,5000,
warehouse-20-40-10-2-2-even-1_n25_run04,25,4,25,warehouse-20-40-10-2-2.map,True,1751,5000,
warehouse-20-40-10-2-2-even-1_n25_run05,25,5,25,warehouse-20-40-10-2-2.map,True,1880,5000,
warehouse-20-40-10-2-2-even-1_n25_run06,25,6,25,warehouse-20-40-10-2-2.map,True,1841,5000,
warehouse-20-40-10-2-2-even-1_n25_run07,25,7,25,warehouse-20-40-10-2-2.map,True,1724,5000,
warehouse-20-40-10-2-2-even-1_n25_run08,25,8,25,warehouse-20-40-10-2-2.map,True,1268,5000,
warehouse-20-40-10-2-2-even-1_n25_run09,25,9,25,warehouse-20-40-10-2-2.map,True,1628,5000,
warehouse-20-40-10-2-2-even-1_n25_run10,25,10,25,warehouse-20-40-10-2-2.map,True,1963,5000,
