test_case,sampled_agents,replicate,num_agents,map_file,completed,steps,max_steps,error
Berlin_1_256-even-1_n5_run01,5,1,5,Berlin_1_256.map,False,5000,5000,
Berlin_1_256-even-1_n5_run02,5,2,5,Berlin_1_256.map,False,5000,5000,
Berlin_1_256-even-1_n5_run03,5,3,5,Berlin_1_256.map,False,5000,5000,
Berlin_1_256-even-1_n5_run04,5,4,5,Berlin_1_256.map,False,5000,5000,
Berlin_1_256-even-1_n5_run05,5,5,5,Berlin_1_256.map,False,5000,5000,
Berlin_1_256-even-1_n5_run06,5,6,5,Berlin_1_256.map,False,5000,5000,
Berlin_1_256-even-1_n5_run07,5,7,5,Berlin_1_256.map,False,5000,5000,
Berlin_1_256-even-1_n5_run08,5,8,5,Berlin_1_256.map,False,5000,5000,
Berlin_1_256-even-1_n5_run09,5,9,5,Berlin_1_256.map,False,5000,5000,
Berlin_1_256-even-1_n5_run10,5,10,5,Berlin_1_256.map,False,5000,5000,
Berlin_1_256-even-1_n10_run01,10,1,10,Berlin_1_256.map,False,5000,5000,
Berlin_1_256-even-1_n10_run02,10,2,10,Berlin_1_256.map,False,5000,5000,
Berlin_1_256-even-1_n10_run03,10,3,10,Berlin_1_256.map,False,5000,5000,
Berlin_1_256-even-1_n10_run04,10,4,10,Berlin_1_256.map,False,5000,5000,
Berlin_1_256-even-1_n10_run05,10,5,10,Berlin_1_256.map,False,5000,5000,
Berlin_1_256-even-1_n10_run06,10,6,10,Berlin_1_256.map,False,5000,5000,
Berlin_1_256-even-1_n10_run07,10,7,10,Berlin_1_256.map,False,5000,5000,
Berlin_1_256-even-1_n10_run08,10,8,10,Berlin_1_256.map,False,5000,5000,
Berlin_1_256-even-1_n10_run09,10,9,10,Berlin_1_256.map,False,5000,5000,
Berlin_1_256-even-1_n10_run10,10,10,10,Berlin_1_256.map,False,5000,5000,
Berlin_1_256-even-1_n15_run01,15,1,15,Berlin_1_256.map,False,5000,5000,
Berlin_1_256-even-1_n15_run02,15,2,15,Berlin_1_256.map,False,5000,5000,
Berlin_1_256-even-1_n15_run03,15,3,15,Berlin_1_256.map,False,5000,5000,
Berlin_1_256-even-1_n15_run04,15,4,15,Berlin_1_256.map,False,5000,5000,
Berlin_1_256-even-1_n15_run05,15,5,15,Berlin_1_256.map,False,5000,5000,
Berlin_1_256-even-1_n15_run06,15,6,15,Berlin_1_256.map,False,5000,5000,
Berlin_1_256-even-1_n15_run07,15,7,15,Berlin_1_256.map,False,5000,5000,
Berlin_1_256-even-1_n15_run08,15,8,15,Berlin_1_256.map,False,5000,5000,
Berlin_1_256-even-1_n15_run09,15,9,15,Berlin_1_256.map,False,5000,5000,
Berlin_1_256-even-1_n15_run10,15,10,15,Berlin_1_256.map,False,5000,5000,
Berlin_1_256-even-1_n20_run01,20,1,20,Berlin_1_256.map,False,5000,5000,
Berlin_1_256-even-1_n20_run02,20,2,20,Berlin_1_256.map,False,5000,5000,
Berlin_1_256-even-1_n20_run03,20,3,20,Berlin_1_256.map,False,5000,5000,
Berlin_1_256-even-1_n20_run04,20,4,20,Berlin_1_256.map,False,5000,5000,
Berlin_1_256-even-1_n20_run05,20,5,20,Berlin_1_256.map,False,5000,5000,
Berlin_1_256-even-1_n20_run06,20,6,20,Berlin_1_256.map,False,5000,5000,
Berlin_1_256-even-1_n20_run07,20,7,20,Berlin_1_256.map,False,5000,5000,
Berlin_1_256-even-1_n20_run08,20,8,20,Berlin_1_256.map,False,5000,5000,
Berlin_1_256-even-1_n20_run09,20,9,20,Berlin_1_256.map,False,5000,5000,
Berlin_1_256-even-1_n20_run10,20,10,20,Berlin_1_256.map,False,5000,5000,
Berlin_1_256-even-1_n25_run01,25,1,25,Berlin_1_256.map,False,5000,5000,
Berlin_1_256-even-1_n25_run02,25,2,25,Berlin_1_256.map,False,5000,5000,
Berlin_1_256-even-1_n25_run03,25,3,25,Berlin_1_256.map,False,5000,5000,
Berlin_1_256-even-1_n25_run04,25,4,25,Berlin_1_256.map,False,5000,5000,
Berlin_1_256-even-1_n25_run05,25,5,25,Berlin_1_256.map,False,5000,5000,
Berlin_1_256-even-1_n25_run06,25,6,25,Berlin_1_256.map,False,5000,5000,
Berlin_1_256-even-1_n25_run07,25,7,25,Berlin_1_256.map,False,5000,5000,
Berlin_1_256-even-1_n25_run08,25,8,25,Berlin_1_256.map,False,5000,5000,
Berlin_1_256-even-1_n25_run09,25,9,25,Berlin_1_256.map,False,5000,5000,
Berlin_1_256-even-1_n25_run10,25,10,25,Berlin_1_256.map,False,5000,5000,
Boston_0_256-even-1_n5_run01,5,1,5,Boston_0_256.map,False,5000,5000,
Boston_0_256-even-1_n5_run02,5,2,5,Boston_0_256.map,False,5000,5000,
Boston_0_256-even-1_n5_run03,5,3,5,Boston_0_256.map,False,5000,5000,
Boston_0_256-even-1_n5_run04,5,4,5,Boston_0_256.map,False,5000,5000,
Boston_0_256-even-1_n5_run05,5,5,5,Boston_0_256.map,False,5000,5000,
Boston_0_256-even-1_n5_run06,5,6,5,Boston_0_256.map,False,5000,5000,
Boston_0_256-even-1_n5_run07,5,7,5,Boston_0_256.map,False,5000,5000,
Boston_0_256-even-1_n5_run08,5,8,5,Boston_0_256.map,False,5000,5000,
Boston_0_256-even-1_n5_run09,5,9,5,Boston_0_256.map,False,5000,5000,
Boston_0_256-even-1_n5_run10,5,10,5,Boston_0_256.map,False,5000,5000,
Boston_0_256-even-1_n10_run01,10,1,10,Boston_0_256.map,False,5000,5000,
Boston_0_256-even-1_n10_run02,10,2,10,Boston_0_256.map,False,5000,5000,
Boston_0_256-even-1_n10_run03,10,3,10,Boston_0_256.map,False,5000,5000,
Boston_0_256-even-1_n10_run04,10,4,10,Boston_0_256.map,False,5000,5000,
Boston_0_256-even-1_n10_run05,10,5,10,Boston_0_256.map,False,5000,5000,
Boston_0_256-even-1_n10_run06,10,6,10,Boston_0_256.map,False,5000,5000,
Boston_0_256-even-1_n10_run07,10,7,10,Boston_0_256.map,False,5000,5000,
Boston_0_256-even-1_n10_run08,10,8,10,Boston_0_256.map,False,5000,5000,
Boston_0_256-even-1_n10_run09,10,9,10,Boston_0_256.map,False,5000,5000,
Boston_0_256-even-1_n10_run10,10,10,10,Boston_0_256.map,False,5000,5000,
Boston_0_256-even-1_n15_run01,15,1,15,Boston_0_256.map,False,5000,5000,
Boston_0_256-even-1_n15_run02,15,2,15,Boston_0_256.map,False,5000,5000,
Boston_0_256-even-1_n15_run03,15,3,15,Boston_0_256.map,False,5000,5000,
Boston_0_256-even-1_n15_run04,15,4,15,Boston_0_256.map,False,5000,5000,
Boston_0_256-even-1_n15_run05,15,5,15,Boston_0_256.map,False,5000,5000,
Boston_0_256-even-1_n15_run06,15,6,15,Boston_0_256.map,False,5000,5000,
Boston_0_256-even-1_n15_run07,15,7,15,Boston_0_256.map,False,5000,5000,
Boston_0_256-even-1_n15_run08,15,8,15,Boston_0_256.map,False,5000,5000,
Boston_0_256-even-1_n15_run09,15,9,15,Boston_0_256.map,False,5000,5000,
Boston_0_256-even-1_n15_run10,15,10,15,Boston_0_256.map,False,5000,5000,
Boston_0_256-even-1_n20_run01,20,1,20,Boston_0_256.map,False,5000,5000,
Boston_0_256-even-1_n20_run02,20,2,20,Boston_0_256.map,False,5000,5000,
Boston_0_256-even-1_n20_run03,20,3,20,Boston_0_256.map,False,5000,5000,
Boston_0_256-even-1_n20_run04,20,4,20,Boston_0_256.map,False,5000,5000,
Boston_0_256-even-1_n20_run05,20,5,20,Boston_0_256.map,False,5000,5000,
Boston_0_256-even-1_n20_run06,20,6,20,Boston_0_256.map,False,5000,5000,
Boston_0_256-even-1_n20_run07,20,7,20,Boston_0_256.map,False,5000,5000,
Boston_0_256-even-1_n20_run08,20,8,20,Boston_0_256.map,False,5000,5000,
Boston_0_256-even-1_n20_run09,20,9,20,Boston_0_256.map,False,5000,5000,
Boston_0_256-even-1_n20_run10,20,10,20,Boston_0_256.map,False,5000,5000,
Boston_0_256-even-1_n25_run01,25,1,25,Boston_0_256.map,False,5000,5000,
Boston_0_256-even-1_n25_run02,25,2,25,Boston_0_256.map,False,5000,5000,
Boston_0_256-even-1_n25_run03,25,3,25,Boston_0_256.map,False,5000,5000,
Boston_0_256-even-1_n25_run04,25,4,25,Boston_0_256.map,False,5000,5000,
Boston_0_256-even-1_n25_run05,25,5,25,Boston_0_256.map,False,5000,5000,
Boston_0_256-even-1_n25_run06,25,6,25,Boston_0_256.map,False,5000,5000,
Boston_0_256-even-1_n25_run07,25,7,25,Boston_0_256.map,False,5000,5000,
Boston_0_256-even-1_n25_run08,25,8,25,Boston_0_256.map,False,5000,5000,
Boston_0_256-even-1_n25_run09,25,9,25,Boston_0_256.map,False,5000,5000,
Boston_0_256-even-1_n25_run10,25,10,25,Boston_0_256.map,False,5000,5000,
brc202d-even-1_n5_run01,5,1,5,brc202d.map,False,5000,5000,
brc202d-even-1_n5_run02,5,2,5,brc202d.map,False,5000,5000,
brc202d-even-1_n5_run03,5,3,5,brc202d.map,False,5000,5000,
brc202d-even-1_n5_run04,5,4,5,brc202d.map,False,5000,5000,
brc202d-even-1_n5_run05,5,5,5,brc202d.map,False,5000,5000,
brc202d-even-1_n5_run06,5,6,5,brc202d.map,False,5000,5000,
brc202d-even-1_n5_run07,5,7,5,brc202d.map,False,5000,5000,
brc202d-even-1_n5_run08,5,8,5,brc202d.map,False,5000,5000,
brc202d-even-1_n5_run09,5,9,5,brc202d.map,False,5000,5000,
brc202d-even-1_n5_run10,5,10,5,brc202d.map,False,5000,5000,
brc202d-even-1_n10_run01,10,1,10,brc202d.map,False,5000,5000,
brc202d-even-1_n10_run02,10,2,10,brc202d.map,False,5000,5000,
brc202d-even-1_n10_run03,10,3,10,brc202d.map,False,5000,5000,
brc202d-even-1_n10_run04,10,4,10,brc202d.map,False,5000,5000,
brc202d-even-1_n10_run05,10,5,10,brc202d.map,False,5000,5000,
brc202d-even-1_n10_run06,10,6,10,brc202d.map,False,5000,5000,
brc202d-even-1_n10_run07,10,7,10,brc202d.map,False,5000,5000,
brc202d-even-1_n10_run08,10,8,10,brc202d.map,False,5000,5000,
brc202d-even-1_n10_run09,10,9,10,brc202d.map,False,5000,5000,
brc202d-even-1_n10_run10,10,10,10,brc202d.map,False,5000,5000,
brc202d-even-1_n15_run01,15,1,15,brc202d.map,False,5000,5000,
brc202d-even-1_n15_run02,15,2,15,brc202d.map,False,5000,5000,
brc202d-even-1_n15_run03,15,3,15,brc202d.map,False,5000,5000,
brc202d-even-1_n15_run04,15,4,15,brc202d.map,False,5000,5000,
brc202d-even-1_n15_run05,15,5,15,brc202d.map,False,5000,5000,
brc202d-even-1_n15_run06,15,6,15,brc202d.map,False,5000,5000,
brc202d-even-1_n15_run07,15,7,15,brc202d.map,False,5000,5000,
brc202d-even-1_n15_run08,15,8,15,brc202d.map,False,5000,5000,
brc202d-even-1_n15_run09,15,9,15,brc202d.map,False,5000,5000,
brc202d-even-1_n15_run10,15,10,15,brc202d.map,False,5000,5000,
brc202d-even-1_n20_run01,20,1,20,brc202d.map,False,5000,5000,
brc202d-even-1_n20_run02,20,2,20,brc202d.map,False,5000,5000,
brc202d-even-1_n20_run03,20,3,20,brc202d.map,False,5000,5000,
brc202d-even-1_n20_run04,20,4,20,brc202d.map,False,5000,5000,
brc202d-even-1_n20_run05,20,5,20,brc202d.map,False,5000,5000,
brc202d-even-1_n20_run06,20,6,20,brc202d.map,False,5000,5000,
brc202d-even-1_n20_run07,20,7,20,brc202d.map,False,5000,5000,
brc202d-even-1_n20_run08,20,8,20,brc202d.map,False,5000,5000,
brc202d-even-1_n20_run09,20,9,20,brc202d.map,False,5000,5000,
brc202d-even-1_n20_run10,20,10,20,brc202d.map,False,5000,5000,
brc202d-even-1_n25_run01,25,1,25,brc202d.map,False,5000,5000,
brc202d-even-1_n25_run02,25,2,25,brc202d.map,False,5000,5000,
brc202d-even-1_n25_run03,25,3,25,brc202d.map,False,5000,5000,
brc202d-even-1_n25_run04,25,4,25,brc202d.map,False,5000,5000,
brc202d-even-1_n25_run05,25,5,25,brc202d.map,False,5000,5000,
brc202d-even-1_n25_run06,25,6,25,brc202d.map,False,5000,5000,
brc202d-even-1_n25_run07,25,7,25,brc202d.map,False,5000,5000,
brc202d-even-1_n25_run08,25,8,25,brc202d.map,False,5000,5000,
brc202d-even-1_n25_run09,25,9,25,brc202d.map,False,5000,5000,
brc202d-even-1_n25_run10,25,10,25,brc202d.map,False,5000,5000,
den312d-even-1_n5_run01,5,1,5,den312d.map,False,5000,5000,
den312d-even-1_n5_run02,5,2,5,den312d.map,False,5000,5000,
den312d-even-1_n5_run03,5,3,5,den312d.map,False,5000,5000,
den312d-even-1_n5_run04,5,4,5,den312d.map,False,5000,5000,
den312d-even-1_n5_run05,5,5,5,den312d.map,False,5000,5000,
den312d-even-1_n5_run06,5,6,5,den312d.map,False,5000,5000,
den312d-even-1_n5_run07,5,7,5,den312d.map,False,5000,5000,
den312d-even-1_n5_run08,5,8,5,den312d.map,False,5000,5000,
den312d-even-1_n5_run09,5,9,5,den312d.map,False,5000,5000,
den312d-even-1_n5_run10,5,10,5,den312d.map,False,5000,5000,
den312d-even-1_n10_run01,10,1,10,den312d.map,False,5000,5000,
den312d-even-1_n10_run02,10,2,10,den312d.map,False,5000,5000,
den312d-even-1_n10_run03,10,3,10,den312d.map,False,5000,5000,
den312d-even-1_n10_run04,10,4,10,den312d.map,False,5000,5000,
den312d-even-1_n10_run05,10,5,10,den312d.map,False,5000,5000,
den312d-even-1_n10_run06,10,6,10,den312d.map,False,5000,5000,
den312d-even-1_n10_run07,10,7,10,den312d.map,False,5000,5000,
den312d-even-1_n10_run08,10,8,10,den312d.map,False,5000,5000,
den312d-even-1_n10_run09,10,9,10,den312d.map,False,5000,5000,
den312d-even-1_n10_run10,10,10,10,den312d.map,False,5000,5000,
den312d-even-1_n15_run01,15,1,15,den312d.map,False,5000,5000,
den312d-even-1_n15_run02,15,2,15,den312d.map,False,5000,5000,
den312d-even-1_n15_run03,15,3,15,den312d.map,False,5000,5000,
den312d-even-1_n15_run04,15,4,15,den312d.map,False,5000,5000,
den312d-even-1_n15_run05,15,5,15,den312d.map,False,5000,5000,
den312d-even-1_n15_run06,15,6,15,den312d.map,False,5000,5000,
den312d-even-1_n15_run07,15,7,15,den312d.map,False,5000,5000,
den312d-even-1_n15_run08,15,8,15,den312d.map,False,5000,5000,
den312d-even-1_n15_run09,15,9,15,den312d.map,False,5000,5000,
den312d-even-1_n15_run10,15,10,15,den312d.map,False,5000,5000,
den312d-even-1_n20_run01,20,1,20,den312d.map,False,5000,5000,
den312d-even-1_n20_run02,20,2,20,den312d.map,False,5000,5000,
den312d-even-1_n20_run03,20,3,20,den312d.map,False,5000,5000,
den312d-even-1_n20_run04,20,4,20,den312d.map,False,5000,5000,
den312d-even-1_n20_run05,20,5,20,den312d.map,False,5000,5000,
den312d-even-1_n20_run06,20,6,20,den312d.map,False,5000,5000,
den312d-even-1_n20_run07,20,7,20,den312d.map,False,5000,5000,
den312d-even-1_n20_run08,20,8,20,den312d.map,False,5000,5000,
den312d-even-1_n20_run09,20,9,20,den312d.map,False,5000,5000,
den312d-even-1_n20_run10,20,10,20,den312d.map,False,5000,5000,
den312d-even-1_n25_run01,25,1,25,den312d.map,False,5000,5000,
den312d-even-1_n25_run02,25,2,25,den312d.map,False,5000,5000,
den312d-even-1_n25_run03,25,3,25,den312d.map,False,5000,5000,
den312d-even-1_n25_run04,25,4,25,den312d.map,False,5000,5000,
den312d-even-1_n25_run05,25,5,25,den312d.map,False,5000,5000,
den312d-even-1_n25_run06,25,6,25,den312d.map,False,5000,5000,
den312d-even-1_n25_run07,25,7,25,den312d.map,False,5000,5000,
den312d-even-1_n25_run08,25,8,25,den312d.map,False,5000,5000,
den312d-even-1_n25_run09,25,9,25,den312d.map,False,5000,5000,
den312d-even-1_n25_run10,25,10,25,den312d.map,False,5000,5000,
den520d-even-1_n5_run01,5,1,5,den520d.map,False,5000,5000,
den520d-even-1_n5_run02,5,2,5,den520d.map,False,5000,5000,
den520d-even-1_n5_run03,5,3,5,den520d.map,False,5000,5000,
den520d-even-1_n5_run04,5,4,5,den520d.map,False,5000,5000,
den520d-even-1_n5_run05,5,5,5,den520d.map,False,5000,5000,
den520d-even-1_n5_run06,5,6,5,den520d.map,False,5000,5000,
den520d-even-1_n5_run07,5,7,5,den520d.map,False,5000,5000,
den520d-even-1_n5_run08,5,8,5,den520d.map,False,5000,5000,
den520d-even-1_n5_run09,5,9,5,den520d.map,False,5000,5000,
den520d-even-1_n5_run10,5,10,5,den520d.map,False,5000,5000,
den520d-even-1_n10_run01,10,1,10,den520d.map,False,5000,5000,
den520d-even-1_n10_run02,10,2,10,den520d.map,False,5000,5000,
den520d-even-1_n10_run03,10,3,10,den520d.map,False,5000,5000,
den520d-even-1_n10_run04,10,4,10,den520d.map,False,5000,5000,
den520d-even-1_n10_run05,10,5,10,den520d.map,False,5000,5000,
den520d-even-1_n10_run06,10,6,10,den520d.map,False,5000,5000,
den520d-even-1_n10_run07,10,7,10,den520d.map,False,5000,5000,
den520d-even-1_n10_run08,10,8,10,den520d.map,False,5000,5000,
den520d-even-1_n10_run09,10,9,10,den520d.map,False,5000,5000,
den520d-even-1_n10_run10,10,10,10,den520d.map,False,5000,5000,
den520d-even-1_n15_run01,15,1,15,den520d.map,False,5000,5000,
den520d-even-1_n15_run02,15,2,15,den520d.map,False,5000,5000,
den520d-even-1_n15_run03,15,3,15,den520d.map,False,5000,5000,
den520d-even-1_n15_run04,15,4,15,den520d.map,False,5000,5000,
den520d-even-1_n15_run05,15,5,15,den520d.map,False,5000,5000,
den520d-even-1_n15_run06,15,6,15,den520d.map,False,5000,5000,
den520d-even-1_n15_run07,15,7,15,den520d.map,False,5000,5000,
den520d-even-1_n15_run08,15,8,15,den520d.map,False,5000,5000,
den520d-even-1_n15_run09,15,9,15,den520d.map,False,5000,5000,
den520d-even-1_n15_run10,15,10,15,den520d.map,False,5000,5000,
den520d-even-1_n20_run01,20,1,20,den520d.map,False,5000,5000,
den520d-even-1_n20_run02,20,2,20,den520d.map,False,5000,5000,
den520d-even-1_n20_run03,20,3,20,den520d.map,False,5000,5000,
den520d-even-1_n20_run04,20,4,20,den520d.map,False,5000,5000,
den520d-even-1_n20_run05,20,5,20,den520d.map,False,5000,5000,
den520d-even-1_n20_run06,20,6,20,den520d.map,False,5000,5000,
den520d-even-1_n20_run07,20,7,20,den520d.map,False,5000,5000,
den520d-even-1_n20_run08,20,8,20,den520d.map,False,5000,5000,
den520d-even-1_n20_run09,20,9,20,den520d.map,False,5000,5000,
den520d-even-1_n20_run10,20,10,20,den520d.map,False,5000,5000,
den520d-even-1_n25_run01,25,1,25,den520d.map,False,5000,5000,
den520d-even-1_n25_run02,25,2,25,den520d.map,False,5000,5000,
den520d-even-1_n25_run03,25,3,25,den520d.map,False,5000,5000,
den520d-even-1_n25_run04,25,4,25,den520d.map,False,5000,5000,
den520d-even-1_n25_run05,25,5,25,den520d.map,False,5000,5000,
den520d-even-1_n25_run06,25,6,25,den520d.map,False,5000,5000,
den520d-even-1_n25_run07,25,7,25,den520d.map,False,5000,5000,
den520d-even-1_n25_run08,25,8,25,den520d.map,False,5000,5000,
den520d-even-1_n25_run09,25,9,25,den520d.map,False,5000,5000,
den520d-even-1_n25_run10,25,10,25,den520d.map,False,5000,5000,
empty-16-16-even-1_n5_run01,5,1,5,empty-16-16.map,True,45,5000,
empty-16-16-even-1_n5_run02,5,2,5,empty-16-16.map,True,29,5000,
empty-16-16-even-1_n5_run03,5,3,5,empty-16-16.map,True,55,5000,
empty-16-16-even-1_n5_run04,5,4,5,empty-16-16.map,True,69,5000,
empty-16-16-even-1_n5_run05,5,5,5,empty-16-16.map,True,20,5000,
empty-16-16-even-1_n5_run06,5,6,5,empty-16-16.map,True,20,5000,
empty-16-16-even-1_n5_run07,5,7,5,empty-16-16.map,True,63,5000,
empty-16-16-even-1_n5_run08,5,8,5,empty-16-16.map,True,96,5000,
empty-16-16-even-1_n5_run09,5,9,5,empty-16-16.map,True,43,5000,
empty-16-16-even-1_n5_run10,5,10,5,empty-16-16.map,True,45,5000,
empty-16-16-even-1_n10_run01,10,1,10,empty-16-16.map,True,59,5000,
empty-16-16-even-1_n10_run02,10,2,10,empty-16-16.map,True,98,5000,
empty-16-16-even-1_n10_run03,10,3,10,empty-16-16.map,True,62,5000,
empty-16-16-even-1_n10_run04,10,4,10,empty-16-16.map,False,5000,5000,
empty-16-16-even-1_n10_run05,10,5,10,empty-16-16.map,True,75,5000,
empty-16-16-even-1_n10_run06,10,6,10,empty-16-16.map,True,67,5000,
empty-16-16-even-1_n10_run07,10,7,10,empty-16-16.map,True,96,5000,
empty-16-16-even-1_n10_run08,10,8,10,empty-16-16.map,True,68,5000,
empty-16-16-even-1_n10_run09,10,9,10,empty-16-16.map,True,47,5000,
empty-16-16-even-1_n10_run10,10,10,10,empty-16-16.map,True,90,5000,
empty-16-16-even-1_n15_run01,15,1,15,empty-16-16.map,False,5000,5000,
empty-16-16-even-1_n15_run02,15,2,15,empty-16-16.map,True,72,5000,
empty-16-16-even-1_n15_run03,15,3,15,empty-16-16.map,True,448,5000,
empty-16-16-even-1_n15_run04,15,4,15,empty-16-16.map,True,73,5000,
empty-16-16-even-1_n15_run05,15,5,15,empty-16-16.map,True,110,5000,
empty-16-16-even-1_n15_run06,15,6,15,empty-16-16.map,True,60,5000,
empty-16-16-even-1_n15_run07,15,7,15,empty-16-16.map,True,51,5000,
empty-16-16-even-1_n15_run08,15,8,15,empty-16-16.map,True,93,5000,
empty-16-16-even-1_n15_run09,15,9,15,empty-16-16.map,False,5000,5000,
empty-16-16-even-1_n15_run10,15,10,15,empty-16-16.map,True,30,5000,
empty-16-16-even-1_n20_run01,20,1,20,empty-16-16.map,True,87,5000,
empty-16-16-even-1_n20_run02,20,2,20,empty-16-16.map,True,108,5000,
empty-16-16-even-1_n20_run03,20,3,20,empty-16-16.map,True,73,5000,
empty-16-16-even-1_n20_run04,20,4,20,empty-16-16.map,True,75,5000,
empty-16-16-even-1_n20_run05,20,5,20,empty-16-16.map,False,5000,5000,
empty-16-16-even-1_n20_run06,20,6,20,empty-16-16.map,True,63,5000,
empty-16-16-even-1_n20_run07,20,7,20,empty-16-16.map,True,120,5000,
empty-16-16-even-1_n20_run08,20,8,20,empty-16-16.map,True,174,5000,
empty-16-16-even-1_n20_run09,20,9,20,empty-16-16.map,True,83,5000,
empty-16-16-even-1_n20_run10,20,10,20,empty-16-16.map,True,98,5000,
empty-16-16-even-1_n25_run01,25,1,25,empty-16-16.map,True,96,5000,
empty-16-16-even-1_n25_run02,25,2,25,empty-16-16.map,True,80,5000,
empty-16-16-even-1_n25_run03,25,3,25,empty-16-16.map,True,109,5000,
empty-16-16-even-1_n25_run04,25,4,25,empty-16-16.map,True,61,5000,
empty-16-16-even-1_n25_run05,25,5,25,empty-16-16.map,True,179,5000,
empty-16-16-even-1_n25_run06,25,6,25,empty-16-16.map,True,73,5000,
empty-16-16-even-1_n25_run07,25,7,25,empty-16-16.map,True,93,5000,
empty-16-16-even-1_n25_run08,25,8,25,empty-16-16.map,True,126,5000,
empty-16-16-even-1_n25_run09,25,9,25,empty-16-16.map,True,100,5000,
empty-16-16-even-1_n25_run10,25,10,25,empty-16-16.map,True,140,5000,
empty-32-32-even-1_n5_run01,5,1,5,empty-32-32.map,True,4420,5000,
empty-32-32-even-1_n5_run02,5,2,5,empty-32-32.map,False,5000,5000,
empty-32-32-even-1_n5_run03,5,3,5,empty-32-32.map,False,5000,5000,
empty-32-32-even-1_n5_run04,5,4,5,empty-32-32.map,True,413,5000,
empty-32-32-even-1_n5_run05,5,5,5,empty-32-32.map,False,5000,5000,
empty-32-32-even-1_n5_run06,5,6,5,empty-32-32.map,True,38,5000,
empty-32-32-even-1_n5_run07,5,7,5,empty-32-32.map,False,5000,5000,
empty-32-32-even-1_n5_run08,5,8,5,empty-32-32.map,True,355,5000,
empty-32-32-even-1_n5_run09,5,9,5,empty-32-32.map,True,4413,5000,
empty-32-32-even-1_n5_run10,5,10,5,empty-32-32.map,True,192,5000,
empty-32-32-even-1_n10_run01,10,1,10,empty-32-32.map,True,514,5000,
empty-32-32-even-1_n10_run02,10,2,10,empty-32-32.map,True,3481,5000,
empty-32-32-even-1_n10_run03,10,3,10,empty-32-32.map,True,3667,5000,
empty-32-32-even-1_n10_run04,10,4,10,empty-32-32.map,True,201,5000,
empty-32-32-even-1_n10_run05,10,5,10,empty-32-32.map,True,944,5000,
empty-32-32-even-1_n10_run06,10,6,10,empty-32-32.map,True,600,5000,
empty-32-32-even-1_n10_run07,10,7,10,empty-32-32.map,True,144,5000,
empty-32-32-even-1_n10_run08,10,8,10,empty-32-32.map,True,1801,5000,
empty-32-32-even-1_n10_run09,10,9,10,empty-32-32.map,True,584,5000,
empty-32-32-even-1_n10_run10,10,10,10,empty-32-32.map,True,4227,5000,
empty-32-32-even-1_n15_run01,15,1,15,empty-32-32.map,True,3713,5000,
empty-32-32-even-1_n15_run02,15,2,15,empty-32-32.map,True,2812,5000,
empty-32-32-even-1_n15_run03,15,3,15,empty-32-32.map,True,3931,5000,
empty-32-32-even-1_n15_run04,15,4,15,empty-32-32.map,False,5000,5000,
empty-32-32-even-1_n15_run05,15,5,15,empty-32-32.map,True,1384,5000,
empty-32-32-even-1_n15_run06,15,6,15,empty-32-32.map,False,5000,5000,
empty-32-32-even-1_n15_run07,15,7,15,empty-32-32.map,True,1438,5000,
empty-32-32-even-1_n15_run08,15,8,15,empty-32-32.map,True,1987,5000,
empty-32-32-even-1_n15_run09,15,9,15,empty-32-32.map,True,1394,5000,
empty-32-32-even-1_n15_run10,15,10,15,empty-32-32.map,True,3119,5000,
empty-32-32-even-1_n20_run01,20,1,20,empty-32-32.map,False,5000,5000,
empty-32-32-even-1_n20_run02,20,2,20,empty-32-32.map,True,293,5000,
empty-32-32-even-1_n20_run03,20,3,20,empty-32-32.map,False,5000,5000,
empty-32-32-even-1_n20_run04,20,4,20,empty-32-32.map,True,2180,5000,
empty-32-32-even-1_n20_run05,20,5,20,empty-32-32.map,True,1102,5000,
empty-32-32-even-1_n20_run06,20,6,20,empty-32-32.map,True,1122,5000,
empty-32-32-even-1_n20_run07,20,7,20,empty-32-32.map,True,470,5000,
empty-32-32-even-1_n20_run08,20,8,20,empty-32-32.map,True,3562,5000,
empty-32-32-even-1_n20_run09,20,9,20,empty-32-32.map,True,335,5000,
empty-32-32-even-1_n20_run10,20,10,20,empty-32-32.map,True,3101,5000,
empty-32-32-even-1_n25_run01,25,1,25,empty-32-32.map,False,5000,5000,
empty-32-32-even-1_n25_run02,25,2,25,empty-32-32.map,True,3574,5000,
empty-32-32-even-1_n25_run03,25,3,25,empty-32-32.map,True,344,5000,
empty-32-32-even-1_n25_run04,25,4,25,empty-32-32.map,False,5000,5000,
empty-32-32-even-1_n25_run05,25,5,25,empty-32-32.map,True,2838,5000,
empty-32-32-even-1_n25_run06,25,6,25,empty-32-32.map,True,1518,5000,
empty-32-32-even-1_n25_run07,25,7,25,empty-32-32.map,True,2105,5000,
empty-32-32-even-1_n25_run08,25,8,25,empty-32-32.map,True,589,5000,
empty-32-32-even-1_n25_run09,25,9,25,empty-32-32.map,False,5000,5000,
empty-32-32-even-1_n25_run10,25,10,25,empty-32-32.map,True,4508,5000,
empty-48-48-even-1_n5_run01,5,1,5,empty-48-48.map,True,4213,5000,
empty-48-48-even-1_n5_run02,5,2,5,empty-48-48.map,True,1461,5000,
empty-48-48-even-1_n5_run03,5,3,5,empty-48-48.map,False,5000,5000,
empty-48-48-even-1_n5_run04,5,4,5,empty-48-48.map,True,448,5000,
empty-48-48-even-1_n5_run05,5,5,5,empty-48-48.map,True,846,5000,
empty-48-48-even-1_n5_run06,5,6,5,empty-48-48.map,True,4404,5000,
empty-48-48-even-1_n5_run07,5,7,5,empty-48-48.map,True,605,5000,
empty-48-48-even-1_n5_run08,5,8,5,empty-48-48.map,True,4069,5000,
empty-48-48-even-1_n5_run09,5,9,5,empty-48-48.map,False,5000,5000,
empty-48-48-even-1_n5_run10,5,10,5,empty-48-48.map,True,693,5000,
empty-48-48-even-1_n10_run01,10,1,10,empty-48-48.map,False,5000,5000,
empty-48-48-even-1_n10_run02,10,2,10,empty-48-48.map,False,5000,5000,
empty-48-48-even-1_n10_run03,10,3,10,empty-48-48.map,True,2120,5000,
empty-48-48-even-1_n10_run04,10,4,10,empty-48-48.map,True,1332,5000,
empty-48-48-even-1_n10_run05,10,5,10,empty-48-48.map,False,5000,5000,
empty-48-48-even-1_n10_run06,10,6,10,empty-48-48.map,True,4258,5000,
empty-48-48-even-1_n10_run07,10,7,10,empty-48-48.map,True,2471,5000,
empty-48-48-even-1_n10_run08,10,8,10,empty-48-48.map,False,5000,5000,
empty-48-48-even-1_n10_run09,10,9,10,empty-48-48.map,True,779,5000,
empty-48-48-even-1_n10_run10,10,10,10,empty-48-48.map,False,5000,5000,
empty-48-48-even-1_n15_run01,15,1,15,empty-48-48.map,True,3894,5000,
empty-48-48-even-1_n15_run02,15,2,15,empty-48-48.map,False,5000,5000,
empty-48-48-even-1_n15_run03,15,3,15,empty-48-48.map,True,2905,5000,
empty-48-48-even-1_n15_run04,15,4,15,empty-48-48.map,True,2592,5000,
empty-48-48-even-1_n15_run05,15,5,15,empty-48-48.map,False,5000,5000,
empty-48-48-even-1_n15_run06,15,6,15,empty-48-48.map,False,5000,5000,
empty-48-48-even-1_n15_run07,15,7,15,empty-48-48.map,True,923,5000,
empty-48-48-even-1_n15_run08,15,8,15,empty-48-48.map,False,5000,5000,
empty-48-48-even-1_n15_run09,15,9,15,empty-48-48.map,False,5000,5000,
empty-48-48-even-1_n15_run10,15,10,15,empty-48-48.map,True,2537,5000,
empty-48-48-even-1_n20_run01,20,1,20,empty-48-48.map,False,5000,5000,
empty-48-48-even-1_n20_run02,20,2,20,empty-48-48.map,False,5000,5000,
empty-48-48-even-1_n20_run03,20,3,20,empty-48-48.map,False,5000,5000,
empty-48-48-even-1_n20_run04,20,4,20,empty-48-48.map,True,3547,5000,
empty-48-48-even-1_n20_run05,20,5,20,empty-48-48.map,True,3957,5000,
empty-48-48-even-1_n20_run06,20,6,20,empty-48-48.map,False,5000,5000,
empty-48-48-even-1_n20_run07,20,7,20,empty-48-48.map,False,5000,5000,
empty-48-48-even-1_n20_run08,20,8,20,empty-48-48.map,False,5000,5000,
empty-48-48-even-1_n20_run09,20,9,20,empty-48-48.map,False,5000,5000,
empty-48-48-even-1_n20_run10,20,10,20,empty-48-48.map,False,5000,5000,
empty-48-48-even-1_n25_run01,25,1,25,empty-48-48.map,True,3006,5000,
empty-48-48-even-1_n25_run02,25,2,25,empty-48-48.map,False,5000,5000,
empty-48-48-even-1_n25_run03,25,3,25,empty-48-48.map,False,5000,5000,
empty-48-48-even-1_n25_run04,25,4,25,empty-48-48.map,False,5000,5000,
empty-48-48-even-1_n25_run05,25,5,25,empty-48-48.map,False,5000,5000,
empty-48-48-even-1_n25_run06,25,6,25,empty-48-48.map,False,5000,5000,
empty-48-48-even-1_n25_run07,25,7,25,empty-48-48.map,False,5000,5000,
empty-48-48-even-1_n25_run08,25,8,25,empty-48-48.map,False,5000,5000,
empty-48-48-even-1_n25_run09,25,9,25,empty-48-48.map,False,5000,5000,
empty-48-48-even-1_n25_run10,25,10,25,empty-48-48.map,False,5000,5000,
empty-8-8-even-1_n5_run01,5,1,5,empty-8-8.map,True,9,5000,
empty-8-8-even-1_n5_run02,5,2,5,empty-8-8.map,True,9,5000,
empty-8-8-even-1_n5_run03,5,3,5,empty-8-8.map,True,7,5000,
empty-8-8-even-1_n5_run04,5,4,5,empty-8-8.map,True,18,5000,
empty-8-8-even-1_n5_run05,5,5,5,empty-8-8.map,True,17,5000,
empty-8-8-even-1_n5_run06,5,6,5,empty-8-8.map,True,8,5000,
empty-8-8-even-1_n5_run07,5,7,5,empty-8-8.map,True,29,5000,
empty-8-8-even-1_n5_run08,5,8,5,empty-8-8.map,True,8,5000,
empty-8-8-even-1_n5_run09,5,9,5,empty-8-8.map,True,10,5000,
empty-8-8-even-1_n5_run10,5,10,5,empty-8-8.map,True,5,5000,
empty-8-8-even-1_n10_run01,10,1,10,empty-8-8.map,False,5000,5000,
empty-8-8-even-1_n10_run02,10,2,10,empty-8-8.map,True,19,5000,
empty-8-8-even-1_n10_run03,10,3,10,empty-8-8.map,True,20,5000,
empty-8-8-even-1_n10_run04,10,4,10,empty-8-8.map,False,5000,5000,
empty-8-8-even-1_n10_run05,10,5,10,empty-8-8.map,True,17,5000,
empty-8-8-even-1_n10_run06,10,6,10,empty-8-8.map,True,9,5000,
empty-8-8-even-1_n10_run07,10,7,10,empty-8-8.map,False,5000,5000,
empty-8-8-even-1_n10_run08,10,8,10,empty-8-8.map,True,20,5000,
empty-8-8-even-1_n10_run09,10,9,10,empty-8-8.map,True,115,5000,
empty-8-8-even-1_n10_run10,10,10,10,empty-8-8.map,False,5000,5000,
empty-8-8-even-1_n15_run01,15,1,15,empty-8-8.map,True,4855,5000,
empty-8-8-even-1_n15_run02,15,2,15,empty-8-8.map,True,19,5000,
empty-8-8-even-1_n15_run03,15,3,15,empty-8-8.map,True,18,5000,
empty-8-8-even-1_n15_run04,15,4,15,empty-8-8.map,False,5000,5000,
empty-8-8-even-1_n15_run05,15,5,15,empty-8-8.map,True,1512,5000,
empty-8-8-even-1_n15_run06,15,6,15,empty-8-8.map,True,100,5000,
empty-8-8-even-1_n15_run07,15,7,15,empty-8-8.map,False,5000,5000,
empty-8-8-even-1_n15_run08,15,8,15,empty-8-8.map,False,5000,5000,
empty-8-8-even-1_n15_run09,15,9,15,empty-8-8.map,True,22,5000,
empty-8-8-even-1_n15_run10,15,10,15,empty-8-8.map,False,5000,5000,
empty-8-8-even-1_n20_run01,20,1,20,empty-8-8.map,True,33,5000,
empty-8-8-even-1_n20_run02,20,2,20,empty-8-8.map,False,5000,5000,
empty-8-8-even-1_n20_run03,20,3,20,empty-8-8.map,False,5000,5000,
empty-8-8-even-1_n20_run04,20,4,20,empty-8-8.map,True,27,5000,
empty-8-8-even-1_n20_run05,20,5,20,empty-8-8.map,True,23,5000,
empty-8-8-even-1_n20_run06,20,6,20,empty-8-8.map,True,29,5000,
empty-8-8-even-1_n20_run07,20,7,20,empty-8-8.map,True,37,5000,
empty-8-8-even-1_n20_run08,20,8,20,empty-8-8.map,True,23,5000,
empty-8-8-even-1_n20_run09,20,9,20,empty-8-8.map,True,23,5000,
empty-8-8-even-1_n20_run10,20,10,20,empty-8-8.map,True,31,5000,
empty-8-8-even-1_n25_run01,25,1,25,empty-8-8.map,True,24,5000,
empty-8-8-even-1_n25_run02,25,2,25,empty-8-8.map,True,37,5000,
empty-8-8-even-1_n25_run03,25,3,25,empty-8-8.map,True,33,5000,
empty-8-8-even-1_n25_run04,25,4,25,empty-8-8.map,False,5000,5000,
empty-8-8-even-1_n25_run05,25,5,25,empty-8-8.map,True,62,5000,
empty-8-8-even-1_n25_run06,25,6,25,empty-8-8.map,True,54,5000,
empty-8-8-even-1_n25_run07,25,7,25,empty-8-8.map,True,39,5000,
empty-8-8-even-1_n25_run08,25,8,25,empty-8-8.map,True,50,5000,
empty-8-8-even-1_n25_run09,25,9,25,empty-8-8.map,True,48,5000,
empty-8-8-even-1_n25_run10,25,10,25,empty-8-8.map,False,5000,5000,
ht_chantry-even-1_n5_run01,5,1,5,ht_chantry.map,False,5000,5000,
ht_chantry-even-1_n5_run02,5,2,5,ht_chantry.map,False,5000,5000,
ht_chantry-even-1_n5_run03,5,3,5,ht_chantry.map,True,1657,5000,
ht_chantry-even-1_n5_run04,5,4,5,ht_chantry.map,False,5000,5000,
ht_chantry-even-1_n5_run05,5,5,5,ht_chantry.map,False,5000,5000,
ht_chantry-even-1_n5_run06,5,6,5,ht_chantry.map,False,5000,5000,
ht_chantry-even-1_n5_run07,5,7,5,ht_chantry.map,False,5000,5000,
ht_chantry-even-1_n5_run08,5,8,5,ht_chantry.map,False,5000,5000,
ht_chantry-even-1_n5_run09,5,9,5,ht_chantry.map,False,5000,5000,
ht_chantry-even-1_n5_run10,5,10,5,ht_chantry.map,False,5000,5000,
ht_chantry-even-1_n10_run01,10,1,10,ht_chantry.map,False,5000,5000,
ht_chantry-even-1_n10_run02,10,2,10,ht_chantry.map,False,5000,5000,
ht_chantry-even-1_n10_run03,10,3,10,ht_chantry.map,False,5000,5000,
ht_chantry-even-1_n10_run04,10,4,10,ht_chantry.map,False,5000,5000,
ht_chantry-even-1_n10_run05,10,5,10,ht_chantry.map,False,5000,5000,
ht_chantry-even-1_n10_run06,10,6,10,ht_chantry.map,False,5000,5000,
ht_chantry-even-1_n10_run07,10,7,10,ht_chantry.map,False,5000,5000,
ht_chantry-even-1_n10_run08,10,8,10,ht_chantry.map,False,5000,5000,
ht_chantry-even-1_n10_run09,10,9,10,ht_chantry.map,False,5000,5000,
ht_chantry-even-1_n10_run10,10,10,10,ht_chantry.map,False,5000,5000,
ht_chantry-even-1_n15_run01,15,1,15,ht_chantry.map,False,5000,5000,
ht_chantry-even-1_n15_run02,15,2,15,ht_chantry.map,False,5000,5000,
ht_chantry-even-1_n15_run03,15,3,15,ht_chantry.map,False,5000,5000,
ht_chantry-even-1_n15_run04,15,4,15,ht_chantry.map,False,5000,5000,
ht_chantry-even-1_n15_run05,15,5,15,ht_chantry.map,False,5000,5000,
ht_chantry-even-1_n15_run06,15,6,15,ht_chantry.map,False,5000,5000,
ht_chantry-even-1_n15_run07,15,7,15,ht_chantry.map,False,5000,5000,
ht_chantry-even-1_n15_run08,15,8,15,ht_chantry.map,False,5000,5000,
ht_chantry-even-1_n15_run09,15,9,15,ht_chantry.map,False,5000,5000,
ht_chantry-even-1_n15_run10,15,10,15,ht_chantry.map,False,5000,5000,
ht_chantry-even-1_n20_run01,20,1,20,ht_chantry.map,False,5000,5000,
ht_chantry-even-1_n20_run02,20,2,20,ht_chantry.map,False,5000,5000,
ht_chantry-even-1_n20_run03,20,3,20,ht_chantry.map,False,5000,5000,
ht_chantry-even-1_n20_run04,20,4,20,ht_chantry.map,False,5000,5000,
ht_chantry-even-1_n20_run05,20,5,20,ht_chantry.map,False,5000,5000,
ht_chantry-even-1_n20_run06,20,6,20,ht_chantry.map,False,5000,5000,
ht_chantry-even-1_n20_run07,20,7,20,ht_chantry.map,False,5000,5000,
ht_chantry-even-1_n20_run08,20,8,20,ht_chantry.map,False,5000,5000,
ht_chantry-even-1_n20_run09,20,9,20,ht_chantry.map,False,5000,5000,
ht_chantry-even-1_n20_run10,20,10,20,ht_chantry.map,False,5000,5000,
ht_chantry-even-1_n25_run01,25,1,25,ht_chantry.map,False,5000,5000,
ht_chantry-even-1_n25_run02,25,2,25,ht_chantry.map,False,5000,5000,
ht_chantry-even-1_n25_run03,25,3,25,ht_chantry.map,False,5000,5000,
ht_chantry-even-1_n25_run04,25,4,25,ht_chantry.map,False,5000,5000,
ht_chantry-even-1_n25_run05,25,5,25,ht_chantry.map,False,5000,5000,
ht_chantry-even-1_n25_run06,25,6,25,ht_chantry.map,False,5000,5000,
ht_chantry-even-1_n25_run07,25,7,25,ht_chantry.map,False,5000,5000,
ht_chantry-even-1_n25_run08,25,8,25,ht_chantry.map,False,5000,5000,
ht_chantry-even-1_n25_run09,25,9,25,ht_chantry.map,False,5000,5000,
ht_chantry-even-1_n25_run10,25,10,25,ht_chantry.map,False,5000,5000,
ht_mansion_n-even-1_n5_run01,5,1,5,ht_mansion_n.map,False,5000,5000,
ht_mansion_n-even-1_n5_run02,5,2,5,ht_mansion_n.map,False,5000,5000,
ht_mansion_n-even-1_n5_run03,5,3,5,ht_mansion_n.map,False,5000,5000,
ht_mansion_n-even-1_n5_run04,5,4,5,ht_mansion_n.map,False,5000,5000,
ht_mansion_n-even-1_n5_run05,5,5,5,ht_mansion_n.map,False,5000,5000,
ht_mansion_n-even-1_n5_run06,5,6,5,ht_mansion_n.map,False,5000,5000,
ht_mansion_n-even-1_n5_run07,5,7,5,ht_mansion_n.map,False,5000,5000,
ht_mansion_n-even-1_n5_run08,5,8,5,ht_mansion_n.map,False,5000,5000,
ht_mansion_n-even-1_n5_run09,5,9,5,ht_mansion_n.map,False,5000,5000,
ht_mansion_n-even-1_n5_run10,5,10,5,ht_mansion_n.map,False,5000,5000,
ht_mansion_n-even-1_n10_run01,10,1,10,ht_mansion_n.map,False,5000,5000,
ht_mansion_n-even-1_n10_run02,10,2,10,ht_mansion_n.map,False,5000,5000,
ht_mansion_n-even-1_n10_run03,10,3,10,ht_mansion_n.map,False,5000,5000,
ht_mansion_n-even-1_n10_run04,10,4,10,ht_mansion_n.map,False,5000,5000,
ht_mansion_n-even-1_n10_run05,10,5,10,ht_mansion_n.map,False,5000,5000,
ht_mansion_n-even-1_n10_run06,10,6,10,ht_mansion_n.map,False,5000,5000,
ht_mansion_n-even-1_n10_run07,10,7,10,ht_mansion_n.map,False,5000,5000,
ht_mansion_n-even-1_n10_run08,10,8,10,ht_mansion_n.map,False,5000,5000,
ht_mansion_n-even-1_n10_run09,10,9,10,ht_mansion_n.map,False,5000,5000,
ht_mansion_n-even-1_n10_run10,10,10,10,ht_mansion_n.map,False,5000,5000,
ht_mansion_n-even-1_n15_run01,15,1,15,ht_mansion_n.map,False,5000,5000,
ht_mansion_n-even-1_n15_run02,15,2,15,ht_mansion_n.map,False,5000,5000,
ht_mansion_n-even-1_n15_run03,15,3,15,ht_mansion_n.map,False,5000,5000,
ht_mansion_n-even-1_n15_run04,15,4,15,ht_mansion_n.map,False,5000,5000,
ht_mansion_n-even-1_n15_run05,15,5,15,ht_mansion_n.map,False,5000,5000,
ht_mansion_n-even-1_n15_run06,15,6,15,ht_mansion_n.map,False,5000,5000,
ht_mansion_n-even-1_n15_run07,15,7,15,ht_mansion_n.map,False,5000,5000,
ht_mansion_n-even-1_n15_run08,15,8,15,ht_mansion_n.map,False,5000,5000,
ht_mansion_n-even-1_n15_run09,15,9,15,ht_mansion_n.map,False,5000,5000,
ht_mansion_n-even-1_n15_run10,15,10,15,ht_mansion_n.map,False,5000,5000,
ht_mansion_n-even-1_n20_run01,20,1,20,ht_mansion_n.map,False,5000,5000,
ht_mansion_n-even-1_n20_run02,20,2,20,ht_mansion_n.map,False,5000,5000,
ht_mansion_n-even-1_n20_run03,20,3,20,ht_mansion_n.map,False,5000,5000,
ht_mansion_n-even-1_n20_run04,20,4,20,ht_mansion_n.map,False,5000,5000,
ht_mansion_n-even-1_n20_run05,20,5,20,ht_mansion_n.map,False,5000,5000,
ht_mansion_n-even-1_n20_run06,20,6,20,ht_mansion_n.map,False,5000,5000,
ht_mansion_n-even-1_n20_run07,20,7,20,ht_mansion_n.map,False,5000,5000,
ht_mansion_n-even-1_n20_run08,20,8,20,ht_mansion_n.map,False,5000,5000,
ht_mansion_n-even-1_n20_run09,20,9,20,ht_mansion_n.map,False,5000,5000,
ht_mansion_n-even-1_n20_run10,20,10,20,ht_mansion_n.map,False,5000,5000,
ht_mansion_n-even-1_n25_run01,25,1,25,ht_mansion_n.map,False,5000,5000,
ht_mansion_n-even-1_n25_run02,25,2,25,ht_mansion_n.map,False,5000,5000,
ht_mansion_n-even-1_n25_run03,25,3,25,ht_mansion_n.map,False,5000,5000,
ht_mansion_n-even-1_n25_run04,25,4,25,ht_mansion_n.map,False,5000,5000,
ht_mansion_n-even-1_n25_run05,25,5,25,ht_mansion_n.map,False,5000,5000,
ht_mansion_n-even-1_n25_run06,25,6,25,ht_mansion_n.map,False,5000,5000,
ht_mansion_n-even-1_n25_run07,25,7,25,ht_mansion_n.map,False,5000,5000,
ht_mansion_n-even-1_n25_run08,25,8,25,ht_mansion_n.map,False,5000,5000,
ht_mansion_n-even-1_n25_run09,25,9,25,ht_mansion_n.map,False,5000,5000,
ht_mansion_n-even-1_n25_run10,25,10,25,ht_mansion_n.map,False,5000,5000,
lak303d-even-1_n5_run01,5,1,5,lak303d.map,False,5000,5000,
lak303d-even-1_n5_run02,5,2,5,lak303d.map,False,5000,5000,
lak303d-even-1_n5_run03,5,3,5,lak303d.map,False,5000,5000,
lak303d-even-1_n5_run04,5,4,5,lak303d.map,False,5000,5000,
lak303d-even-1_n5_run05,5,5,5,lak303d.map,False,5000,5000,
lak303d-even-1_n5_run06,5,6,5,lak303d.map,False,5000,5000,
lak303d-even-1_n5_run07,5,7,5,lak303d.map,False,5000,5000,
lak303d-even-1_n5_run08,5,8,5,lak303d.map,False,5000,5000,
lak303d-even-1_n5_run09,5,9,5,lak303d.map,False,5000,5000,
lak303d-even-1_n5_run10,5,10,5,lak303d.map,False,5000,5000,
lak303d-even-1_n10_run01,10,1,10,lak303d.map,False,5000,5000,
lak303d-even-1_n10_run02,10,2,10,lak303d.map,False,5000,5000,
lak303d-even-1_n10_run03,10,3,10,lak303d.map,False,5000,5000,
lak303d-even-1_n10_run04,10,4,10,lak303d.map,False,5000,5000,
lak303d-even-1_n10_run05,10,5,10,lak303d.map,False,5000,5000,
lak303d-even-1_n10_run06,10,6,10,lak303d.map,False,5000,5000,
lak303d-even-1_n10_run07,10,7,10,lak303d.map,False,5000,5000,
lak303d-even-1_n10_run08,10,8,10,lak303d.map,False,5000,5000,
lak303d-even-1_n10_run09,10,9,10,lak303d.map,False,5000,5000,
lak303d-even-1_n10_run10,10,10,10,lak303d.map,False,5000,5000,
lak303d-even-1_n15_run01,15,1,15,lak303d.map,False,5000,5000,
lak303d-even-1_n15_run02,15,2,15,lak303d.map,False,5000,5000,
lak303d-even-1_n15_run03,15,3,15,lak303d.map,False,5000,5000,
lak303d-even-1_n15_run04,15,4,15,lak303d.map,False,5000,5000,
lak303d-even-1_n15_run05,15,5,15,lak303d.map,False,5000,5000,
lak303d-even-1_n15_run06,15,6,15,lak303d.map,False,5000,5000,
lak303d-even-1_n15_run07,15,7,15,lak303d.map,False,5000,5000,
lak303d-even-1_n15_run08,15,8,15,lak303d.map,False,5000,5000,
lak303d-even-1_n15_run09,15,9,15,lak303d.map,False,5000,5000,
lak303d-even-1_n15_run10,15,10,15,lak303d.map,False,5000,5000,
lak303d-even-1_n20_run01,20,1,20,lak303d.map,False,5000,5000,
lak303d-even-1_n20_run02,20,2,20,lak303d.map,False,5000,5000,
lak303d-even-1_n20_run03,20,3,20,lak303d.map,False,5000,5000,
lak303d-even-1_n20_run04,20,4,20,lak303d.map,False,5000,5000,
lak303d-even-1_n20_run05,20,5,20,lak303d.map,False,5000,5000,
lak303d-even-1_n20_run06,20,6,20,lak303d.map,False,5000,5000,
lak303d-even-1_n20_run07,20,7,20,lak303d.map,False,5000,5000,
lak303d-even-1_n20_run08,20,8,20,lak303d.map,False,5000,5000,
lak303d-even-1_n20_run09,20,9,20,lak303d.map,False,5000,5000,
lak303d-even-1_n20_run10,20,10,20,lak303d.map,False,5000,5000,
lak303d-even-1_n25_run01,25,1,25,lak303d.map,False,5000,5000,
lak303d-even-1_n25_run02,25,2,25,lak303d.map,False,5000,5000,
lak303d-even-1_n25_run03,25,3,25,lak303d.map,False,5000,5000,
lak303d-even-1_n25_run04,25,4,25,lak303d.map,False,5000,5000,
lak303d-even-1_n25_run05,25,5,25,lak303d.map,False,5000,5000,
lak303d-even-1_n25_run06,25,6,25,lak303d.map,False,5000,5000,
lak303d-even-1_n25_run07,25,7,25,lak303d.map,False,5000,5000,
lak303d-even-1_n25_run08,25,8,25,lak303d.map,False,5000,5000,
lak303d-even-1_n25_run09,25,9,25,lak303d.map,False,5000,5000,
lak303d-even-1_n25_run10,25,10,25,lak303d.map,False,5000,5000,
lt_gallowstemplar_n-even-1_n5_run01,5,1,5,lt_gallowstemplar_n.map,False,5000,5000,
lt_gallowstemplar_n-even-1_n5_run02,5,2,5,lt_gallowstemplar_n.map,False,5000,5000,
lt_gallowstemplar_n-even-1_n5_run03,5,3,5,lt_gallowstemplar_n.map,False,5000,5000,
lt_gallowstemplar_n-even-1_n5_run04,5,4,5,lt_gallowstemplar_n.map,False,5000,5000,
lt_gallowstemplar_n-even-1_n5_run05,5,5,5,lt_gallowstemplar_n.map,False,5000,5000,
lt_gallowstemplar_n-even-1_n5_run06,5,6,5,lt_gallowstemplar_n.map,False,5000,5000,
lt_gallowstemplar_n-even-1_n5_run07,5,7,5,lt_gallowstemplar_n.map,False,5000,5000,
lt_gallowstemplar_n-even-1_n5_run08,5,8,5,lt_gallowstemplar_n.map,False,5000,5000,
lt_gallowstemplar_n-even-1_n5_run09,5,9,5,lt_gallowstemplar_n.map,False,5000,5000,
lt_gallowstemplar_n-even-1_n5_run10,5,10,5,lt_gallowstemplar_n.map,False,5000,5000,
lt_gallowstemplar_n-even-1_n10_run01,10,1,10,lt_gallowstemplar_n.map,False,5000,5000,
lt_gallowstemplar_n-even-1_n10_run02,10,2,10,lt_gallowstemplar_n.map,False,5000,5000,
lt_gallowstemplar_n-even-1_n10_run03,10,3,10,lt_gallowstemplar_n.map,False,5000,5000,
lt_gallowstemplar_n-even-1_n10_run04,10,4,10,lt_gallowstemplar_n.map,False,5000,5000,
lt_gallowstemplar_n-even-1_n10_run05,10,5,10,lt_gallowstemplar_n.map,False,5000,5000,
lt_gallowstemplar_n-even-1_n10_run06,10,6,10,lt_gallowstemplar_n.map,False,5000,5000,
lt_gallowstemplar_n-even-1_n10_run07,10,7,10,lt_gallowstemplar_n.map,False,5000,5000,
lt_gallowstemplar_n-even-1_n10_run08,10,8,10,lt_gallowstemplar_n.map,False,5000,5000,
lt_gallowstemplar_n-even-1_n10_run09,10,9,10,lt_gallowstemplar_n.map,False,5000,5000,
lt_gallowstemplar_n-even-1_n10_run10,10,10,10,lt_gallowstemplar_n.map,False,5000,5000,
lt_gallowstemplar_n-even-1_n15_run01,15,1,15,lt_gallowstemplar_n.map,False,5000,5000,
lt_gallowstemplar_n-even-1_n15_run02,15,2,15,lt_gallowstemplar_n.map,False,5000,5000,
lt_gallowstemplar_n-even-1_n15_run03,15,3,15,lt_gallowstemplar_n.map,False,5000,5000,
lt_gallowstemplar_n-even-1_n15_run04,15,4,15,lt_gallowstemplar_n.map,False,5000,5000,
lt_gallowstemplar_n-even-1_n15_run05,15,5,15,lt_gallowstemplar_n.map,False,5000,5000,
lt_gallowstemplar_n-even-1_n15_run06,15,6,15,lt_gallowstemplar_n.map,False,5000,5000,
lt_gallowstemplar_n-even-1_n15_run07,15,7,15,lt_gallowstemplar_n.map,False,5000,5000,
lt_gallowstemplar_n-even-1_n15_run08,15,8,15,lt_gallowstemplar_n.map,False,5000,5000,
lt_gallowstemplar_n-even-1_n15_run09,15,9,15,lt_gallowstemplar_n.map,False,5000,5000,
lt_gallowstemplar_n-even-1_n15_run10,15,10,15,lt_gallowstemplar_n.map,False,5000,5000,
lt_gallowstemplar_n-even-1_n20_run01,20,1,20,lt_gallowstemplar_n.map,False,5000,5000,
lt_gallowstemplar_n-even-1_n20_run02,20,2,20,lt_gallowstemplar_n.map,False,5000,5000,
lt_gallowstemplar_n-even-1_n20_run03,20,3,20,lt_gallowstemplar_n.map,False,5000,5000,
lt_gallowstemplar_n-even-1_n20_run04,20,4,20,lt_gallowstemplar_n.map,False,5000,5000,
lt_gallowstemplar_n-even-1_n20_run05,20,5,20,lt_gallowstemplar_n.map,False,5000,5000,
lt_gallowstemplar_n-even-1_n20_run06,20,6,20,lt_gallowstemplar_n.map,False,5000,5000,
lt_gallowstemplar_n-even-1_n20_run07,20,7,20,lt_gallowstemplar_n.map,False,5000,5000,
lt_gallowstemplar_n-even-1_n20_run08,20,8,20,lt_gallowstemplar_n.map,False,5000,5000,
lt_gallowstemplar_n-even-1_n20_run09,20,9,20,lt_gallowstemplar_n.map,False,5000,5000,
lt_gallowstemplar_n-even-1_n20_run10,20,10,20,lt_gallowstemplar_n.map,False,5000,5000,
lt_gallowstemplar_n-even-1_n25_run01,25,1,25,lt_gallowstemplar_n.map,False,5000,5000,
lt_gallowstemplar_n-even-1_n25_run02,25,2,25,lt_gallowstemplar_n.map,False,5000,5000,
lt_gallowstemplar_n-even-1_n25_run03,25,3,25,lt_gallowstemplar_n.map,False,5000,5000,
lt_gallowstemplar_n-even-1_n25_run04,25,4,25,lt_gallowstemplar_n.map,False,5000,5000,
lt_gallowstemplar_n-even-1_n25_run05,25,5,25,lt_gallowstemplar_n.map,False,5000,5000,
lt_gallowstemplar_n-even-1_n25_run06,25,6,25,lt_gallowstemplar_n.map,False,5000,5000,
lt_gallowstemplar_n-even-1_n25_run07,25,7,25,lt_gallowstemplar_n.map,False,5000,5000,
lt_gallowstemplar_n-even-1_n25_run08,25,8,25,lt_gallowstemplar_n.map,False,5000,5000,
lt_gallowstemplar_n-even-1_n25_run09,25,9,25,lt_gallowstemplar_n.map,False,5000,5000,
lt_gallowstemplar_n-even-1_n25_run10,25,10,25,lt_gallowstemplar_n.map,False,5000,5000,
maze-128-128-1-even-1_n5_run01,5,1,5,maze-128-128-1.map,False,5000,5000,
maze-128-128-1-even-1_n5_run02,5,2,5,maze-128-128-1.map,False,5000,5000,
maze-128-128-1-even-1_n5_run03,5,3,5,maze-128-128-1.map,False,5000,5000,
maze-128-128-1-even-1_n5_run04,5,4,5,maze-128-128-1.map,False,5000,5000,
maze-128-128-1-even-1_n5_run05,5,5,5,maze-128-128-1.map,False,5000,5000,
maze-128-128-1-even-1_n5_run06,5,6,5,maze-128-128-1.map,False,5000,5000,
maze-128-128-1-even-1_n5_run07,5,7,5,maze-128-128-1.map,False,5000,5000,
maze-128-128-1-even-1_n5_run08,5,8,5,maze-128-128-1.map,False,5000,5000,
maze-128-128-1-even-1_n5_run09,5,9,5,maze-128-128-1.map,False,5000,5000,
maze-128-128-1-even-1_n5_run10,5,10,5,maze-128-128-1.map,False,5000,5000,
maze-128-128-1-even-1_n10_run01,10,1,10,maze-128-128-1.map,False,5000,5000,
maze-128-128-1-even-1_n10_run02,10,2,10,maze-128-128-1.map,False,5000,5000,
maze-128-128-1-even-1_n10_run03,10,3,10,maze-128-128-1.map,False,5000,5000,
maze-128-128-1-even-1_n10_run04,10,4,10,maze-128-128-1.map,False,5000,5000,
maze-128-128-1-even-1_n10_run05,10,5,10,maze-128-128-1.map,False,5000,5000,
maze-128-128-1-even-1_n10_run06,10,6,10,maze-128-128-1.map,False,5000,5000,
maze-128-128-1-even-1_n10_run07,10,7,10,maze-128-128-1.map,False,5000,5000,
maze-128-128-1-even-1_n10_run08,10,8,10,maze-128-128-1.map,False,5000,5000,
maze-128-128-1-even-1_n10_run09,10,9,10,maze-128-128-1.map,False,5000,5000,
maze-128-128-1-even-1_n10_run10,10,10,10,maze-128-128-1.map,False,5000,5000,
maze-128-128-1-even-1_n15_run01,15,1,15,maze-128-128-1.map,False,5000,5000,
maze-128-128-1-even-1_n15_run02,15,2,15,maze-128-128-1.map,False,5000,5000,
maze-128-128-1-even-1_n15_run03,15,3,15,maze-128-128-1.map,False,5000,5000,
maze-128-128-1-even-1_n15_run04,15,4,15,maze-128-128-1.map,False,5000,5000,
maze-128-128-1-even-1_n15_run05,15,5,15,maze-128-128-1.map,False,5000,5000,
maze-128-128-1-even-1_n15_run06,15,6,15,maze-128-128-1.map,False,5000,5000,
maze-128-128-1-even-1_n15_run07,15,7,15,maze-128-128-1.map,False,5000,5000,
maze-128-128-1-even-1_n15_run08,15,8,15,maze-128-128-1.map,False,5000,5000,
maze-128-128-1-even-1_n15_run09,15,9,15,maze-128-128-1.map,False,5000,5000,
maze-128-128-1-even-1_n15_run10,15,10,15,maze-128-128-1.map,False,5000,5000,
maze-128-128-1-even-1_n20_run01,20,1,20,maze-128-128-1.map,False,5000,5000,
maze-128-128-1-even-1_n20_run02,20,2,20,maze-128-128-1.map,False,5000,5000,
maze-128-128-1-even-1_n20_run03,20,3,20,maze-128-128-1.map,False,5000,5000,
maze-128-128-1-even-1_n20_run04,20,4,20,maze-128-128-1.map,False,5000,5000,
maze-128-128-1-even-1_n20_run05,20,5,20,maze-128-128-1.map,False,5000,5000,
maze-128-128-1-even-1_n20_run06,20,6,20,maze-128-128-1.map,False,5000,5000,
maze-128-128-1-even-1_n20_run07,20,7,20,maze-128-128-1.map,False,5000,5000,
maze-128-128-1-even-1_n20_run08,20,8,20,maze-128-128-1.map,False,5000,5000,
maze-128-128-1-even-1_n20_run09,20,9,20,maze-128-128-1.map,False,5000,5000,
maze-128-128-1-even-1_n20_run10,20,10,20,maze-128-128-1.map,False,5000,5000,
maze-128-128-1-even-1_n25_run01,25,1,25,maze-128-128-1.map,False,5000,5000,
maze-128-128-1-even-1_n25_run02,25,2,25,maze-128-128-1.map,False,5000,5000,
maze-128-128-1-even-1_n25_run03,25,3,25,maze-128-128-1.map,False,5000,5000,
maze-128-128-1-even-1_n25_run04,25,4,25,maze-128-128-1.map,False,5000,5000,
maze-128-128-1-even-1_n25_run05,25,5,25,maze-128-128-1.map,False,5000,5000,
maze-128-128-1-even-1_n25_run06,25,6,25,maze-128-128-1.map,False,5000,5000,
maze-128-128-1-even-1_n25_run07,25,7,25,maze-128-128-1.map,False,5000,5000,
maze-128-128-1-even-1_n25_run08,25,8,25,maze-128-128-1.map,False,5000,5000,
maze-128-128-1-even-1_n25_run09,25,9,25,maze-128-128-1.map,False,5000,5000,
maze-128-128-1-even-1_n25_run10,25,10,25,maze-128-128-1.map,False,5000,5000,
maze-128-128-10-even-1_n5_run01,5,1,5,maze-128-128-10.map,False,5000,5000,
maze-128-128-10-even-1_n5_run02,5,2,5,maze-128-128-10.map,False,5000,5000,
maze-128-128-10-even-1_n5_run03,5,3,5,maze-128-128-10.map,False,5000,5000,
maze-128-128-10-even-1_n5_run04,5,4,5,maze-128-128-10.map,False,5000,5000,
maze-128-128-10-even-1_n5_run05,5,5,5,maze-128-128-10.map,False,5000,5000,
maze-128-128-10-even-1_n5_run06,5,6,5,maze-128-128-10.map,False,5000,5000,
maze-128-128-10-even-1_n5_run07,5,7,5,maze-128-128-10.map,False,5000,5000,
maze-128-128-10-even-1_n5_run08,5,8,5,maze-128-128-10.map,False,5000,5000,
maze-128-128-10-even-1_n5_run09,5,9,5,maze-128-128-10.map,False,5000,5000,
maze-128-128-10-even-1_n5_run10,5,10,5,maze-128-128-10.map,False,5000,5000,
maze-128-128-10-even-1_n10_run01,10,1,10,maze-128-128-10.map,False,5000,5000,
maze-128-128-10-even-1_n10_run02,10,2,10,maze-128-128-10.map,False,5000,5000,
maze-128-128-10-even-1_n10_run03,10,3,10,maze-128-128-10.map,False,5000,5000,
maze-128-128-10-even-1_n10_run04,10,4,10,maze-128-128-10.map,False,5000,5000,
maze-128-128-10-even-1_n10_run05,10,5,10,maze-128-128-10.map,False,5000,5000,
maze-128-128-10-even-1_n10_run06,10,6,10,maze-128-128-10.map,False,5000,5000,
maze-128-128-10-even-1_n10_run07,10,7,10,maze-128-128-10.map,False,5000,5000,
maze-128-128-10-even-1_n10_run08,10,8,10,maze-128-128-10.map,False,5000,5000,
maze-128-128-10-even-1_n10_run09,10,9,10,maze-128-128-10.map,False,5000,5000,
maze-128-128-10-even-1_n10_run10,10,10,10,maze-128-128-10.map,False,5000,5000,
maze-128-128-10-even-1_n15_run01,15,1,15,maze-128-128-10.map,False,5000,5000,
maze-128-128-10-even-1_n15_run02,15,2,15,maze-128-128-10.map,False,5000,5000,
maze-128-128-10-even-1_n15_run03,15,3,15,maze-128-128-10.map,False,5000,5000,
maze-128-128-10-even-1_n15_run04,15,4,15,maze-128-128-10.map,False,5000,5000,
maze-128-128-10-even-1_n15_run05,15,5,15,maze-128-128-10.map,False,5000,5000,
maze-128-128-10-even-1_n15_run06,15,6,15,maze-128-128-10.map,False,5000,5000,
maze-128-128-10-even-1_n15_run07,15,7,15,maze-128-128-10.map,False,5000,5000,
maze-128-128-10-even-1_n15_run08,15,8,15,maze-128-128-10.map,False,5000,5000,
maze-128-128-10-even-1_n15_run09,15,9,15,maze-128-128-10.map,False,5000,5000,
maze-128-128-10-even-1_n15_run10,15,10,15,maze-128-128-10.map,False,5000,5000,
maze-128-128-10-even-1_n20_run01,20,1,20,maze-128-128-10.map,False,5000,5000,
maze-128-128-10-even-1_n20_run02,20,2,20,maze-128-128-10.map,False,5000,5000,
maze-128-128-10-even-1_n20_run03,20,3,20,maze-128-128-10.map,False,5000,5000,
maze-128-128-10-even-1_n20_run04,20,4,20,maze-128-128-10.map,False,5000,5000,
maze-128-128-10-even-1_n20_run05,20,5,20,maze-128-128-10.map,False,5000,5000,
maze-128-128-10-even-1_n20_run06,20,6,20,maze-128-128-10.map,False,5000,5000,
maze-128-128-10-even-1_n20_run07,20,7,20,maze-128-128-10.map,False,5000,5000,
maze-128-128-10-even-1_n20_run08,20,8,20,maze-128-128-10.map,False,5000,5000,
maze-128-128-10-even-1_n20_run09,20,9,20,maze-128-128-10.map,False,5000,5000,
maze-128-128-10-even-1_n20_run10,20,10,20,maze-128-128-10.map,False,5000,5000,
maze-128-128-10-even-1_n25_run01,25,1,25,maze-128-128-10.map,False,5000,5000,
maze-128-128-10-even-1_n25_run02,25,2,25,maze-128-128-10.map,False,5000,5000,
maze-128-128-10-even-1_n25_run03,25,3,25,maze-128-128-10.map,False,5000,5000,
maze-128-128-10-even-1_n25_run04,25,4,25,maze-128-128-10.map,False,5000,5000,
maze-128-128-10-even-1_n25_run05,25,5,25,maze-128-128-10.map,False,5000,5000,
maze-128-128-10-even-1_n25_run06,25,6,25,maze-128-128-10.map,False,5000,5000,
maze-128-128-10-even-1_n25_run07,25,7,25,maze-128-128-10.map,False,5000,5000,
maze-128-128-10-even-1_n25_run08,25,8,25,maze-128-128-10.map,False,5000,5000,
maze-128-128-10-even-1_n25_run09,25,9,25,maze-128-128-10.map,False,5000,5000,
maze-128-128-10-even-1_n25_run10,25,10,25,maze-128-128-10.map,False,5000,5000,
maze-128-128-2-even-1_n5_run01,5,1,5,maze-128-128-2.map,False,5000,5000,
maze-128-128-2-even-1_n5_run02,5,2,5,maze-128-128-2.map,False,5000,5000,
maze-128-128-2-even-1_n5_run03,5,3,5,maze-128-128-2.map,False,5000,5000,
maze-128-128-2-even-1_n5_run04,5,4,5,maze-128-128-2.map,False,5000,5000,
maze-128-128-2-even-1_n5_run05,5,5,5,maze-128-128-2.map,False,5000,5000,
maze-128-128-2-even-1_n5_run06,5,6,5,maze-128-128-2.map,False,5000,5000,
maze-128-128-2-even-1_n5_run07,5,7,5,maze-128-128-2.map,False,5000,5000,
maze-128-128-2-even-1_n5_run08,5,8,5,maze-128-128-2.map,False,5000,5000,
maze-128-128-2-even-1_n5_run09,5,9,5,maze-128-128-2.map,False,5000,5000,
maze-128-128-2-even-1_n5_run10,5,10,5,maze-128-128-2.map,False,5000,5000,
maze-128-128-2-even-1_n10_run01,10,1,10,maze-128-128-2.map,False,5000,5000,
maze-128-128-2-even-1_n10_run02,10,2,10,maze-128-128-2.map,False,5000,5000,
maze-128-128-2-even-1_n10_run03,10,3,10,maze-128-128-2.map,False,5000,5000,
maze-128-128-2-even-1_n10_run04,10,4,10,maze-128-128-2.map,False,5000,5000,
maze-128-128-2-even-1_n10_run05,10,5,10,maze-128-128-2.map,False,5000,5000,
maze-128-128-2-even-1_n10_run06,10,6,10,maze-128-128-2.map,False,5000,5000,
maze-128-128-2-even-1_n10_run07,10,7,10,maze-128-128-2.map,False,5000,5000,
maze-128-128-2-even-1_n10_run08,10,8,10,maze-128-128-2.map,False,5000,5000,
maze-128-128-2-even-1_n10_run09,10,9,10,maze-128-128-2.map,False,5000,5000,
maze-128-128-2-even-1_n10_run10,10,10,10,maze-128-128-2.map,False,5000,5000,
maze-128-128-2-even-1_n15_run01,15,1,15,maze-128-128-2.map,False,5000,5000,
maze-128-128-2-even-1_n15_run02,15,2,15,maze-128-128-2.map,False,5000,5000,
maze-128-128-2-even-1_n15_run03,15,3,15,maze-128-128-2.map,False,5000,5000,
maze-128-128-2-even-1_n15_run04,15,4,15,maze-128-128-2.map,False,5000,5000,
maze-128-128-2-even-1_n15_run05,15,5,15,maze-128-128-2.map,False,5000,5000,
maze-128-128-2-even-1_n15_run06,15,6,15,maze-128-128-2.map,False,5000,5000,
maze-128-128-2-even-1_n15_run07,15,7,15,maze-128-128-2.map,False,5000,5000,
maze-128-128-2-even-1_n15_run08,15,8,15,maze-128-128-2.map,False,5000,5000,
maze-128-128-2-even-1_n15_run09,15,9,15,maze-128-128-2.map,False,5000,5000,
maze-128-128-2-even-1_n15_run10,15,10,15,maze-128-128-2.map,False,5000,5000,
maze-128-128-2-even-1_n20_run01,20,1,20,maze-128-128-2.map,False,5000,5000,
maze-128-128-2-even-1_n20_run02,20,2,20,maze-128-128-2.map,False,5000,5000,
maze-128-128-2-even-1_n20_run03,20,3,20,maze-128-128-2.map,False,5000,5000,
maze-128-128-2-even-1_n20_run04,20,4,20,maze-128-128-2.map,False,5000,5000,
maze-128-128-2-even-1_n20_run05,20,5,20,maze-128-128-2.map,False,5000,5000,
maze-128-128-2-even-1_n20_run06,20,6,20,maze-128-128-2.map,False,5000,5000,
maze-128-128-2-even-1_n20_run07,20,7,20,maze-128-128-2.map,False,5000,5000,
maze-128-128-2-even-1_n20_run08,20,8,20,maze-128-128-2.map,False,5000,5000,
maze-128-128-2-even-1_n20_run09,20,9,20,maze-128-128-2.map,False,5000,5000,
maze-128-128-2-even-1_n20_run10,20,10,20,maze-128-128-2.map,False,5000,5000,
maze-128-128-2-even-1_n25_run01,25,1,25,maze-128-128-2.map,False,5000,5000,
maze-128-128-2-even-1_n25_run02,25,2,25,maze-128-128-2.map,False,5000,5000,
maze-128-128-2-even-1_n25_run03,25,3,25,maze-128-128-2.map,False,5000,5000,
maze-128-128-2-even-1_n25_run04,25,4,25,maze-128-128-2.map,False,5000,5000,
maze-128-128-2-even-1_n25_run05,25,5,25,maze-128-128-2.map,False,5000,5000,
maze-128-128-2-even-1_n25_run06,25,6,25,maze-128-128-2.map,False,5000,5000,
maze-128-128-2-even-1_n25_run07,25,7,25,maze-128-128-2.map,False,5000,5000,
maze-128-128-2-even-1_n25_run08,25,8,25,maze-128-128-2.map,False,5000,5000,
maze-128-128-2-even-1_n25_run09,25,9,25,maze-128-128-2.map,False,5000,5000,
maze-128-128-2-even-1_n25_run10,25,10,25,maze-128-128-2.map,False,5000,5000,
maze-32-32-2-even-1_n5_run01,5,1,5,maze-32-32-2.map,False,5000,5000,
maze-32-32-2-even-1_n5_run02,5,2,5,maze-32-32-2.map,False,5000,5000,
maze-32-32-2-even-1_n5_run03,5,3,5,maze-32-32-2.map,False,5000,5000,
maze-32-32-2-even-1_n5_run04,5,4,5,maze-32-32-2.map,False,5000,5000,
maze-32-32-2-even-1_n5_run05,5,5,5,maze-32-32-2.map,False,5000,5000,
maze-32-32-2-even-1_n5_run06,5,6,5,maze-32-32-2.map,False,5000,5000,
maze-32-32-2-even-1_n5_run07,5,7,5,maze-32-32-2.map,False,5000,5000,
maze-32-32-2-even-1_n5_run08,5,8,5,maze-32-32-2.map,False,5000,5000,
maze-32-32-2-even-1_n5_run09,5,9,5,maze-32-32-2.map,False,5000,5000,
maze-32-32-2-even-1_n5_run10,5,10,5,maze-32-32-2.map,False,5000,5000,
maze-32-32-2-even-1_n10_run01,10,1,10,maze-32-32-2.map,False,5000,5000,
maze-32-32-2-even-1_n10_run02,10,2,10,maze-32-32-2.map,False,5000,5000,
maze-32-32-2-even-1_n10_run03,10,3,10,maze-32-32-2.map,False,5000,5000,
maze-32-32-2-even-1_n10_run04,10,4,10,maze-32-32-2.map,False,5000,5000,
maze-32-32-2-even-1_n10_run05,10,5,10,maze-32-32-2.map,False,5000,5000,
maze-32-32-2-even-1_n10_run06,10,6,10,maze-32-32-2.map,False,5000,5000,
maze-32-32-2-even-1_n10_run07,10,7,10,maze-32-32-2.map,False,5000,5000,
maze-32-32-2-even-1_n10_run08,10,8,10,maze-32-32-2.map,False,5000,5000,
maze-32-32-2-even-1_n10_run09,10,9,10,maze-32-32-2.map,False,5000,5000,
maze-32-32-2-even-1_n10_run10,10,10,10,maze-32-32-2.map,False,5000,5000,
maze-32-32-2-even-1_n15_run01,15,1,15,maze-32-32-2.map,False,5000,5000,
maze-32-32-2-even-1_n15_run02,15,2,15,maze-32-32-2.map,False,5000,5000,
maze-32-32-2-even-1_n15_run03,15,3,15,maze-32-32-2.map,False,5000,5000,
maze-32-32-2-even-1_n15_run04,15,4,15,maze-32-32-2.map,False,5000,5000,
maze-32-32-2-even-1_n15_run05,15,5,15,maze-32-32-2.map,False,5000,5000,
maze-32-32-2-even-1_n15_run06,15,6,15,maze-32-32-2.map,False,5000,5000,
maze-32-32-2-even-1_n15_run07,15,7,15,maze-32-32-2.map,False,5000,5000,
maze-32-32-2-even-1_n15_run08,15,8,15,maze-32-32-2.map,False,5000,5000,
maze-32-32-2-even-1_n15_run09,15,9,15,maze-32-32-2.map,False,5000,5000,
maze-32-32-2-even-1_n15_run10,15,10,15,maze-32-32-2.map,False,5000,5000,
maze-32-32-2-even-1_n20_run01,20,1,20,maze-32-32-2.map,False,5000,5000,
maze-32-32-2-even-1_n20_run02,20,2,20,maze-32-32-2.map,False,5000,5000,
maze-32-32-2-even-1_n20_run03,20,3,20,maze-32-32-2.map,False,5000,5000,
maze-32-32-2-even-1_n20_run04,20,4,20,maze-32-32-2.map,False,5000,5000,
maze-32-32-2-even-1_n20_run05,20,5,20,maze-32-32-2.map,False,5000,5000,
maze-32-32-2-even-1_n20_run06,20,6,20,maze-32-32-2.map,False,5000,5000,
maze-32-32-2-even-1_n20_run07,20,7,20,maze-32-32-2.map,False,5000,5000,
maze-32-32-2-even-1_n20_run08,20,8,20,maze-32-32-2.map,False,5000,5000,
maze-32-32-2-even-1_n20_run09,20,9,20,maze-32-32-2.map,False,5000,5000,
maze-32-32-2-even-1_n20_run10,20,10,20,maze-32-32-2.map,False,5000,5000,
maze-32-32-2-even-1_n25_run01,25,1,25,maze-32-32-2.map,False,5000,5000,
maze-32-32-2-even-1_n25_run02,25,2,25,maze-32-32-2.map,False,5000,5000,
maze-32-32-2-even-1_n25_run03,25,3,25,maze-32-32-2.map,False,5000,5000,
maze-32-32-2-even-1_n25_run04,25,4,25,maze-32-32-2.map,False,5000,5000,
maze-32-32-2-even-1_n25_run05,25,5,25,maze-32-32-2.map,False,5000,5000,
maze-32-32-2-even-1_n25_run06,25,6,25,maze-32-32-2.map,False,5000,5000,
maze-32-32-2-even-1_n25_run07,25,7,25,maze-32-32-2.map,False,5000,5000,
maze-32-32-2-even-1_n25_run08,25,8,25,maze-32-32-2.map,False,5000,5000,
maze-32-32-2-even-1_n25_run09,25,9,25,maze-32-32-2.map,False,5000,5000,
maze-32-32-2-even-1_n25_run10,25,10,25,maze-32-32-2.map,False,5000,5000,
maze-32-32-4-even-1_n5_run01,5,1,5,maze-32-32-4.map,False,5000,5000,
maze-32-32-4-even-1_n5_run02,5,2,5,maze-32-32-4.map,False,5000,5000,
maze-32-32-4-even-1_n5_run03,5,3,5,maze-32-32-4.map,False,5000,5000,
maze-32-32-4-even-1_n5_run04,5,4,5,maze-32-32-4.map,False,5000,5000,
maze-32-32-4-even-1_n5_run05,5,5,5,maze-32-32-4.map,False,5000,5000,
maze-32-32-4-even-1_n5_run06,5,6,5,maze-32-32-4.map,False,5000,5000,
maze-32-32-4-even-1_n5_run07,5,7,5,maze-32-32-4.map,False,5000,5000,
maze-32-32-4-even-1_n5_run08,5,8,5,maze-32-32-4.map,False,5000,5000,
maze-32-32-4-even-1_n5_run09,5,9,5,maze-32-32-4.map,False,5000,5000,
maze-32-32-4-even-1_n5_run10,5,10,5,maze-32-32-4.map,False,5000,5000,
maze-32-32-4-even-1_n10_run01,10,1,10,maze-32-32-4.map,False,5000,5000,
maze-32-32-4-even-1_n10_run02,10,2,10,maze-32-32-4.map,False,5000,5000,
maze-32-32-4-even-1_n10_run03,10,3,10,maze-32-32-4.map,False,5000,5000,
maze-32-32-4-even-1_n10_run04,10,4,10,maze-32-32-4.map,False,5000,5000,
maze-32-32-4-even-1_n10_run05,10,5,10,maze-32-32-4.map,False,5000,5000,
maze-32-32-4-even-1_n10_run06,10,6,10,maze-32-32-4.map,False,5000,5000,
maze-32-32-4-even-1_n10_run07,10,7,10,maze-32-32-4.map,False,5000,5000,
maze-32-32-4-even-1_n10_run08,10,8,10,maze-32-32-4.map,False,5000,5000,
maze-32-32-4-even-1_n10_run09,10,9,10,maze-32-32-4.map,False,5000,5000,
maze-32-32-4-even-1_n10_run10,10,10,10,maze-32-32-4.map,False,5000,5000,
maze-32-32-4-even-1_n15_run01,15,1,15,maze-32-32-4.map,False,5000,5000,
maze-32-32-4-even-1_n15_run02,15,2,15,maze-32-32-4.map,False,5000,5000,
maze-32-32-4-even-1_n15_run03,15,3,15,maze-32-32-4.map,False,5000,5000,
maze-32-32-4-even-1_n15_run04,15,4,15,maze-32-32-4.map,False,5000,5000,
maze-32-32-4-even-1_n15_run05,15,5,15,maze-32-32-4.map,False,5000,5000,
maze-32-32-4-even-1_n15_run06,15,6,15,maze-32-32-4.map,False,5000,5000,
maze-32-32-4-even-1_n15_run07,15,7,15,maze-32-32-4.map,False,5000,5000,
maze-32-32-4-even-1_n15_run08,15,8,15,maze-32-32-4.map,False,5000,5000,
maze-32-32-4-even-1_n15_run09,15,9,15,maze-32-32-4.map,False,5000,5000,
maze-32-32-4-even-1_n15_run10,15,10,15,maze-32-32-4.map,False,5000,5000,
maze-32-32-4-even-1_n20_run01,20,1,20,maze-32-32-4.map,False,5000,5000,
maze-32-32-4-even-1_n20_run02,20,2,20,maze-32-32-4.map,False,5000,5000,
maze-32-32-4-even-1_n20_run03,20,3,20,maze-32-32-4.map,False,5000,5000,
maze-32-32-4-even-1_n20_run04,20,4,20,maze-32-32-4.map,False,5000,5000,
maze-32-32-4-even-1_n20_run05,20,5,20,maze-32-32-4.map,False,5000,5000,
maze-32-32-4-even-1_n20_run06,20,6,20,maze-32-32-4.map,False,5000,5000,
maze-32-32-4-even-1_n20_run07,20,7,20,maze-32-32-4.map,False,5000,5000,
maze-32-32-4-even-1_n20_run08,20,8,20,maze-32-32-4.map,False,5000,5000,
maze-32-32-4-even-1_n20_run09,20,9,20,maze-32-32-4.map,False,5000,5000,
maze-32-32-4-even-1_n20_run10,20,10,20,maze-32-32-4.map,False,5000,5000,
maze-32-32-4-even-1_n25_run01,25,1,25,maze-32-32-4.map,False,5000,5000,
maze-32-32-4-even-1_n25_run02,25,2,25,maze-32-32-4.map,False,5000,5000,
maze-32-32-4-even-1_n25_run03,25,3,25,maze-32-32-4.map,False,5000,5000,
maze-32-32-4-even-1_n25_run04,25,4,25,maze-32-32-4.map,False,5000,5000,
maze-32-32-4-even-1_n25_run05,25,5,25,maze-32-32-4.map,False,5000,5000,
maze-32-32-4-even-1_n25_run06,25,6,25,maze-32-32-4.map,False,5000,5000,
maze-32-32-4-even-1_n25_run07,25,7,25,maze-32-32-4.map,False,5000,5000,
maze-32-32-4-even-1_n25_run08,25,8,25,maze-32-32-4.map,False,5000,5000,
maze-32-32-4-even-1_n25_run09,25,9,25,maze-32-32-4.map,False,5000,5000,
maze-32-32-4-even-1_n25_run10,25,10,25,maze-32-32-4.map,False,5000,5000,
orz900d-even-1_n5_run01,5,1,5,orz900d.map,False,5000,5000,
orz900d-even-1_n5_run02,5,2,5,orz900d.map,False,5000,5000,
orz900d-even-1_n5_run03,5,3,5,orz900d.map,False,5000,5000,
orz900d-even-1_n5_run04,5,4,5,orz900d.map,False,5000,5000,
orz900d-even-1_n5_run05,5,5,5,orz900d.map,False,5000,5000,
orz900d-even-1_n5_run06,5,6,5,orz900d.map,False,5000,5000,
orz900d-even-1_n5_run07,5,7,5,orz900d.map,False,5000,5000,
orz900d-even-1_n5_run08,5,8,5,orz900d.map,False,5000,5000,
orz900d-even-1_n5_run09,5,9,5,orz900d.map,False,5000,5000,
orz900d-even-1_n5_run10,5,10,5,orz900d.map,False,5000,5000,
orz900d-even-1_n10_run01,10,1,10,orz900d.map,False,5000,5000,
orz900d-even-1_n10_run02,10,2,10,orz900d.map,False,5000,5000,
orz900d-even-1_n10_run03,10,3,10,orz900d.map,False,5000,5000,
orz900d-even-1_n10_run04,10,4,10,orz900d.map,False,5000,5000,
orz900d-even-1_n10_run05,10,5,10,orz900d.map,False,5000,5000,
orz900d-even-1_n10_run06,10,6,10,orz900d.map,False,5000,5000,
orz900d-even-1_n10_run07,10,7,10,orz900d.map,False,5000,5000,
orz900d-even-1_n10_run08,10,8,10,orz900d.map,False,5000,5000,
orz900d-even-1_n10_run09,10,9,10,orz900d.map,False,5000,5000,
orz900d-even-1_n10_run10,10,10,10,orz900d.map,False,5000,5000,
orz900d-even-1_n15_run01,15,1,15,orz900d.map,False,5000,5000,
orz900d-even-1_n15_run02,15,2,15,orz900d.map,False,5000,5000,
orz900d-even-1_n15_run03,15,3,15,orz900d.map,False,5000,5000,
orz900d-even-1_n15_run04,15,4,15,orz900d.map,False,5000,5000,
orz900d-even-1_n15_run05,15,5,15,orz900d.map,False,5000,5000,
orz900d-even-1_n15_run06,15,6,15,orz900d.map,False,5000,5000,
orz900d-even-1_n15_run07,15,7,15,orz900d.map,False,5000,5000,
orz900d-even-1_n15_run08,15,8,15,orz900d.map,False,5000,5000,
orz900d-even-1_n15_run09,15,9,15,orz900d.map,False,5000,5000,
orz900d-even-1_n15_run10,15,10,15,orz900d.map,False,5000,5000,
orz900d-even-1_n20_run01,20,1,20,orz900d.map,False,5000,5000,
orz900d-even-1_n20_run02,20,2,20,orz900d.map,False,5000,5000,
orz900d-even-1_n20_run03,20,3,20,orz900d.map,False,5000,5000,
orz900d-even-1_n20_run04,20,4,20,orz900d.map,False,5000,5000,
orz900d-even-1_n20_run05,20,5,20,orz900d.map,False,5000,5000,
orz900d-even-1_n20_run06,20,6,20,orz900d.map,False,5000,5000,
orz900d-even-1_n20_run07,20,7,20,orz900d.map,False,5000,5000,
orz900d-even-1_n20_run08,20,8,20,orz900d.map,False,5000,5000,
orz900d-even-1_n20_run09,20,9,20,orz900d.map,False,5000,5000,
orz900d-even-1_n20_run10,20,10,20,orz900d.map,False,5000,5000,
orz900d-even-1_n25_run01,25,1,25,orz900d.map,False,5000,5000,
orz900d-even-1_n25_run02,25,2,25,orz900d.map,False,5000,5000,
orz900d-even-1_n25_run03,25,3,25,orz900d.map,False,5000,5000,
orz900d-even-1_n25_run04,25,4,25,orz900d.map,False,5000,5000,
orz900d-even-1_n25_run05,25,5,25,orz900d.map,False,5000,5000,
orz900d-even-1_n25_run06,25,6,25,orz900d.map,False,5000,5000,
orz900d-even-1_n25_run07,25,7,25,orz900d.map,False,5000,5000,
orz900d-even-1_n25_run08,25,8,25,orz900d.map,False,5000,5000,
orz900d-even-1_n25_run09,25,9,25,orz900d.map,False,5000,5000,
orz900d-even-1_n25_run10,25,10,25,orz900d.map,False,5000,5000,
ost003d-even-1_n5_run01,5,1,5,ost003d.map,False,5000,5000,
ost003d-even-1_n5_run02,5,2,5,ost003d.map,False,5000,5000,
ost003d-even-1_n5_run03,5,3,5,ost003d.map,False,5000,5000,
ost003d-even-1_n5_run04,5,4,5,ost003d.map,False,5000,5000,
ost003d-even-1_n5_run05,5,5,5,ost003d.map,False,5000,5000,
ost003d-even-1_n5_run06,5,6,5,ost003d.map,False,5000,5000,
ost003d-even-1_n5_run07,5,7,5,ost003d.map,False,5000,5000,
ost003d-even-1_n5_run08,5,8,5,ost003d.map,False,5000,5000,
ost003d-even-1_n5_run09,5,9,5,ost003d.map,False,5000,5000,
ost003d-even-1_n5_run10,5,10,5,ost003d.map,False,5000,5000,
ost003d-even-1_n10_run01,10,1,10,ost003d.map,False,5000,5000,
ost003d-even-1_n10_run02,10,2,10,ost003d.map,False,5000,5000,
ost003d-even-1_n10_run03,10,3,10,ost003d.map,False,5000,5000,
ost003d-even-1_n10_run04,10,4,10,ost003d.map,False,5000,5000,
ost003d-even-1_n10_run05,10,5,10,ost003d.map,False,5000,5000,
ost003d-even-1_n10_run06,10,6,10,ost003d.map,False,5000,5000,
ost003d-even-1_n10_run07,10,7,10,ost003d.map,False,5000,5000,
ost003d-even-1_n10_run08,10,8,10,ost003d.map,False,5000,5000,
ost003d-even-1_n10_run09,10,9,10,ost003d.map,False,5000,5000,
ost003d-even-1_n10_run10,10,10,10,ost003d.map,False,5000,5000,
ost003d-even-1_n15_run01,15,1,15,ost003d.map,False,5000,5000,
ost003d-even-1_n15_run02,15,2,15,ost003d.map,False,5000,5000,
ost003d-even-1_n15_run03,15,3,15,ost003d.map,False,5000,5000,
ost003d-even-1_n15_run04,15,4,15,ost003d.map,False,5000,5000,
ost003d-even-1_n15_run05,15,5,15,ost003d.map,False,5000,5000,
ost003d-even-1_n15_run06,15,6,15,ost003d.map,False,5000,5000,
ost003d-even-1_n15_run07,15,7,15,ost003d.map,False,5000,5000,
ost003d-even-1_n15_run08,15,8,15,ost003d.map,False,5000,5000,
ost003d-even-1_n15_run09,15,9,15,ost003d.map,False,5000,5000,
ost003d-even-1_n15_run10,15,10,15,ost003d.map,False,5000,5000,
ost003d-even-1_n20_run01,20,1,20,ost003d.map,False,5000,5000,
ost003d-even-1_n20_run02,20,2,20,ost003d.map,False,5000,5000,
ost003d-even-1_n20_run03,20,3,20,ost003d.map,False,5000,5000,
ost003d-even-1_n20_run04,20,4,20,ost003d.map,False,5000,5000,
ost003d-even-1_n20_run05,20,5,20,ost003d.map,False,5000,5000,
ost003d-even-1_n20_run06,20,6,20,ost003d.map,False,5000,5000,
ost003d-even-1_n20_run07,20,7,20,ost003d.map,False,5000,5000,
ost003d-even-1_n20_run08,20,8,20,ost003d.map,False,5000,5000,
ost003d-even-1_n20_run09,20,9,20,ost003d.map,False,5000,5000,
ost003d-even-1_n20_run10,20,10,20,ost003d.map,False,5000,5000,
ost003d-even-1_n25_run01,25,1,25,ost003d.map,False,5000,5000,
ost003d-even-1_n25_run02,25,2,25,ost003d.map,False,5000,5000,
ost003d-even-1_n25_run03,25,3,25,ost003d.map,False,5000,5000,
ost003d-even-1_n25_run04,25,4,25,ost003d.map,False,5000,5000,
ost003d-even-1_n25_run05,25,5,25,ost003d.map,False,5000,5000,
ost003d-even-1_n25_run06,25,6,25,ost003d.map,False,5000,5000,
ost003d-even-1_n25_run07,25,7,25,ost003d.map,False,5000,5000,
ost003d-even-1_n25_run08,25,8,25,ost003d.map,False,5000,5000,
ost003d-even-1_n25_run09,25,9,25,ost003d.map,False,5000,5000,
ost003d-even-1_n25_run10,25,10,25,ost003d.map,False,5000,5000,
Paris_1_256-even-1_n5_run01,5,1,5,Paris_1_256.map,False,5000,5000,
Paris_1_256-even-1_n5_run02,5,2,5,Paris_1_256.map,False,5000,5000,
Paris_1_256-even-1_n5_run03,5,3,5,Paris_1_256.map,False,5000,5000,
Paris_1_256-even-1_n5_run04,5,4,5,Paris_1_256.map,False,5000,5000,
Paris_1_256-even-1_n5_run05,5,5,5,Paris_1_256.map,False,5000,5000,
Paris_1_256-even-1_n5_run06,5,6,5,Paris_1_256.map,False,5000,5000,
Paris_1_256-even-1_n5_run07,5,7,5,Paris_1_256.map,False,5000,5000,
Paris_1_256-even-1_n5_run08,5,8,5,Paris_1_256.map,False,5000,5000,
Paris_1_256-even-1_n5_run09,5,9,5,Paris_1_256.map,False,5000,5000,
Paris_1_256-even-1_n5_run10,5,10,5,Paris_1_256.map,False,5000,5000,
Paris_1_256-even-1_n10_run01,10,1,10,Paris_1_256.map,False,5000,5000,
Paris_1_256-even-1_n10_run02,10,2,10,Paris_1_256.map,False,5000,5000,
Paris_1_256-even-1_n10_run03,10,3,10,Paris_1_256.map,False,5000,5000,
Paris_1_256-even-1_n10_run04,10,4,10,Paris_1_256.map,False,5000,5000,
Paris_1_256-even-1_n10_run05,10,5,10,Paris_1_256.map,False,5000,5000,
Paris_1_256-even-1_n10_run06,10,6,10,Paris_1_256.map,False,5000,5000,
Paris_1_256-even-1_n10_run07,10,7,10,Paris_1_256.map,False,5000,5000,
Paris_1_256-even-1_n10_run08,10,8,10,Paris_1_256.map,False,5000,5000,
Paris_1_256-even-1_n10_run09,10,9,10,Paris_1_256.map,False,5000,5000,
Paris_1_256-even-1_n10_run10,10,10,10,Paris_1_256.map,False,5000,5000,
Paris_1_256-even-1_n15_run01,15,1,15,Paris_1_256.map,False,5000,5000,
Paris_1_256-even-1_n15_run02,15,2,15,Paris_1_256.map,False,5000,5000,
Paris_1_256-even-1_n15_run03,15,3,15,Paris_1_256.map,False,5000,5000,
Paris_1_256-even-1_n15_run04,15,4,15,Paris_1_256.map,False,5000,5000,
Paris_1_256-even-1_n15_run05,15,5,15,Paris_1_256.map,False,5000,5000,
Paris_1_256-even-1_n15_run06,15,6,15,Paris_1_256.map,False,5000,5000,
Paris_1_256-even-1_n15_run07,15,7,15,Paris_1_256.map,False,5000,5000,
Paris_1_256-even-1_n15_run08,15,8,15,Paris_1_256.map,False,5000,5000,
Paris_1_256-even-1_n15_run09,15,9,15,Paris_1_256.map,False,5000,5000,
Paris_1_256-even-1_n15_run10,15,10,15,Paris_1_256.map,False,5000,5000,
Paris_1_256-even-1_n20_run01,20,1,20,Paris_1_256.map,False,5000,5000,
Paris_1_256-even-1_n20_run02,20,2,20,Paris_1_256.map,False,5000,5000,
Paris_1_256-even-1_n20_run03,20,3,20,Paris_1_256.map,False,5000,5000,
Paris_1_256-even-1_n20_run04,20,4,20,Paris_1_256.map,False,5000,5000,
Paris_1_256-even-1_n20_run05,20,5,20,Paris_1_256.map,False,5000,5000,
Paris_1_256-even-1_n20_run06,20,6,20,Paris_1_256.map,False,5000,5000,
Paris_1_256-even-1_n20_run07,20,7,20,Paris_1_256.map,False,5000,5000,
Paris_1_256-even-1_n20_run08,20,8,20,Paris_1_256.map,False,5000,5000,
Paris_1_256-even-1_n20_run09,20,9,20,Paris_1_256.map,False,5000,5000,
Paris_1_256-even-1_n20_run10,20,10,20,Paris_1_256.map,False,5000,5000,
Paris_1_256-even-1_n25_run01,25,1,25,Paris_1_256.map,False,5000,5000,
Paris_1_256-even-1_n25_run02,25,2,25,Paris_1_256.map,False,5000,5000,
Paris_1_256-even-1_n25_run03,25,3,25,Paris_1_256.map,False,5000,5000,
Paris_1_256-even-1_n25_run04,25,4,25,Paris_1_256.map,False,5000,5000,
Paris_1_256-even-1_n25_run05,25,5,25,Paris_1_256.map,False,5000,5000,
Paris_1_256-even-1_n25_run06,25,6,25,Paris_1_256.map,False,5000,5000,
Paris_1_256-even-1_n25_run07,25,7,25,Paris_1_256.map,False,5000,5000,
Paris_1_256-even-1_n25_run08,25,8,25,Paris_1_256.map,False,5000,5000,
Paris_1_256-even-1_n25_run09,25,9,25,Paris_1_256.map,False,5000,5000,
Paris_1_256-even-1_n25_run10,25,10,25,Paris_1_256.map,False,5000,5000,
random-32-32-10-even-1_n5_run01,5,1,5,random-32-32-10.map,False,5000,5000,
random-32-32-10-even-1_n5_run02,5,2,5,random-32-32-10.map,False,5000,5000,
random-32-32-10-even-1_n5_run03,5,3,5,random-32-32-10.map,False,5000,5000,
random-32-32-10-even-1_n5_run04,5,4,5,random-32-32-10.map,False,5000,5000,
random-32-32-10-even-1_n5_run05,5,5,5,random-32-32-10.map,False,5000,5000,
random-32-32-10-even-1_n5_run06,5,6,5,random-32-32-10.map,False,5000,5000,
random-32-32-10-even-1_n5_run07,5,7,5,random-32-32-10.map,False,5000,5000,
random-32-32-10-even-1_n5_run08,5,8,5,random-32-32-10.map,False,5000,5000,
random-32-32-10-even-1_n5_run09,5,9,5,random-32-32-10.map,True,1166,5000,
random-32-32-10-even-1_n5_run10,5,10,5,random-32-32-10.map,False,5000,5000,
random-32-32-10-even-1_n10_run01,10,1,10,random-32-32-10.map,False,5000,5000,
random-32-32-10-even-1_n10_run02,10,2,10,random-32-32-10.map,False,5000,5000,
random-32-32-10-even-1_n10_run03,10,3,10,random-32-32-10.map,False,5000,5000,
random-32-32-10-even-1_n10_run04,10,4,10,random-32-32-10.map,False,5000,5000,
random-32-32-10-even-1_n10_run05,10,5,10,random-32-32-10.map,False,5000,5000,
random-32-32-10-even-1_n10_run06,10,6,10,random-32-32-10.map,False,5000,5000,
random-32-32-10-even-1_n10_run07,10,7,10,random-32-32-10.map,False,5000,5000,
random-32-32-10-even-1_n10_run08,10,8,10,random-32-32-10.map,False,5000,5000,
random-32-32-10-even-1_n10_run09,10,9,10,random-32-32-10.map,False,5000,5000,
random-32-32-10-even-1_n10_run10,10,10,10,random-32-32-10.map,False,5000,5000,
random-32-32-10-even-1_n15_run01,15,1,15,random-32-32-10.map,False,5000,5000,
random-32-32-10-even-1_n15_run02,15,2,15,random-32-32-10.map,False,5000,5000,
random-32-32-10-even-1_n15_run03,15,3,15,random-32-32-10.map,False,5000,5000,
random-32-32-10-even-1_n15_run04,15,4,15,random-32-32-10.map,False,5000,5000,
random-32-32-10-even-1_n15_run05,15,5,15,random-32-32-10.map,False,5000,5000,
random-32-32-10-even-1_n15_run06,15,6,15,random-32-32-10.map,False,5000,5000,
random-32-32-10-even-1_n15_run07,15,7,15,random-32-32-10.map,False,5000,5000,
random-32-32-10-even-1_n15_run08,15,8,15,random-32-32-10.map,False,5000,5000,
random-32-32-10-even-1_n15_run09,15,9,15,random-32-32-10.map,False,5000,5000,
random-32-32-10-even-1_n15_run10,15,10,15,random-32-32-10.map,False,5000,5000,
random-32-32-10-even-1_n20_run01,20,1,20,random-32-32-10.map,False,5000,5000,
random-32-32-10-even-1_n20_run02,20,2,20,random-32-32-10.map,False,5000,5000,
random-32-32-10-even-1_n20_run03,20,3,20,random-32-32-10.map,False,5000,5000,
random-32-32-10-even-1_n20_run04,20,4,20,random-32-32-10.map,False,5000,5000,
random-32-32-10-even-1_n20_run05,20,5,20,random-32-32-10.map,False,5000,5000,
random-32-32-10-even-1_n20_run06,20,6,20,random-32-32-10.map,False,5000,5000,
random-32-32-10-even-1_n20_run07,20,7,20,random-32-32-10.map,False,5000,5000,
random-32-32-10-even-1_n20_run08,20,8,20,random-32-32-10.map,False,5000,5000,
random-32-32-10-even-1_n20_run09,20,9,20,random-32-32-10.map,False,5000,5000,
random-32-32-10-even-1_n20_run10,20,10,20,random-32-32-10.map,False,5000,5000,
random-32-32-10-even-1_n25_run01,25,1,25,random-32-32-10.map,False,5000,5000,
random-32-32-10-even-1_n25_run02,25,2,25,random-32-32-10.map,False,5000,5000,
random-32-32-10-even-1_n25_run03,25,3,25,random-32-32-10.map,False,5000,5000,
random-32-32-10-even-1_n25_run04,25,4,25,random-32-32-10.map,False,5000,5000,
random-32-32-10-even-1_n25_run05,25,5,25,random-32-32-10.map,False,5000,5000,
random-32-32-10-even-1_n25_run06,25,6,25,random-32-32-10.map,False,5000,5000,
random-32-32-10-even-1_n25_run07,25,7,25,random-32-32-10.map,False,5000,5000,
random-32-32-10-even-1_n25_run08,25,8,25,random-32-32-10.map,False,5000,5000,
random-32-32-10-even-1_n25_run09,25,9,25,random-32-32-10.map,False,5000,5000,
random-32-32-10-even-1_n25_run10,25,10,25,random-32-32-10.map,False,5000,5000,
random-32-32-20-even-1_n5_run01,5,1,5,random-32-32-20.map,False,5000,5000,
random-32-32-20-even-1_n5_run02,5,2,5,random-32-32-20.map,False,5000,5000,
random-32-32-20-even-1_n5_run03,5,3,5,random-32-32-20.map,False,5000,5000,
random-32-32-20-even-1_n5_run04,5,4,5,random-32-32-20.map,True,2172,5000,
random-32-32-20-even-1_n5_run05,5,5,5,random-32-32-20.map,False,5000,5000,
random-32-32-20-even-1_n5_run06,5,6,5,random-32-32-20.map,False,5000,5000,
random-32-32-20-even-1_n5_run07,5,7,5,random-32-32-20.map,False,5000,5000,
random-32-32-20-even-1_n5_run08,5,8,5,random-32-32-20.map,False,5000,5000,
random-32-32-20-even-1_n5_run09,5,9,5,random-32-32-20.map,False,5000,5000,
random-32-32-20-even-1_n5_run10,5,10,5,random-32-32-20.map,False,5000,5000,
random-32-32-20-even-1_n10_run01,10,1,10,random-32-32-20.map,False,5000,5000,
random-32-32-20-even-1_n10_run02,10,2,10,random-32-32-20.map,False,5000,5000,
random-32-32-20-even-1_n10_run03,10,3,10,random-32-32-20.map,False,5000,5000,
random-32-32-20-even-1_n10_run04,10,4,10,random-32-32-20.map,False,5000,5000,
random-32-32-20-even-1_n10_run05,10,5,10,random-32-32-20.map,False,5000,5000,
random-32-32-20-even-1_n10_run06,10,6,10,random-32-32-20.map,False,5000,5000,
random-32-32-20-even-1_n10_run07,10,7,10,random-32-32-20.map,False,5000,5000,
random-32-32-20-even-1_n10_run08,10,8,10,random-32-32-20.map,False,5000,5000,
random-32-32-20-even-1_n10_run09,10,9,10,random-32-32-20.map,True,1577,5000,
random-32-32-20-even-1_n10_run10,10,10,10,random-32-32-20.map,False,5000,5000,
random-32-32-20-even-1_n15_run01,15,1,15,random-32-32-20.map,False,5000,5000,
random-32-32-20-even-1_n15_run02,15,2,15,random-32-32-20.map,False,5000,5000,
random-32-32-20-even-1_n15_run03,15,3,15,random-32-32-20.map,False,5000,5000,
random-32-32-20-even-1_n15_run04,15,4,15,random-32-32-20.map,False,5000,5000,
random-32-32-20-even-1_n15_run05,15,5,15,random-32-32-20.map,False,5000,5000,
random-32-32-20-even-1_n15_run06,15,6,15,random-32-32-20.map,False,5000,5000,
random-32-32-20-even-1_n15_run07,15,7,15,random-32-32-20.map,False,5000,5000,
random-32-32-20-even-1_n15_run08,15,8,15,random-32-32-20.map,False,5000,5000,
random-32-32-20-even-1_n15_run09,15,9,15,random-32-32-20.map,False,5000,5000,
random-32-32-20-even-1_n15_run10,15,10,15,random-32-32-20.map,False,5000,5000,
random-32-32-20-even-1_n20_run01,20,1,20,random-32-32-20.map,False,5000,5000,
random-32-32-20-even-1_n20_run02,20,2,20,random-32-32-20.map,False,5000,5000,
random-32-32-20-even-1_n20_run03,20,3,20,random-32-32-20.map,False,5000,5000,
random-32-32-20-even-1_n20_run04,20,4,20,random-32-32-20.map,False,5000,5000,
random-32-32-20-even-1_n20_run05,20,5,20,random-32-32-20.map,False,5000,5000,
random-32-32-20-even-1_n20_run06,20,6,20,random-32-32-20.map,False,5000,5000,
random-32-32-20-even-1_n20_run07,20,7,20,random-32-32-20.map,False,5000,5000,
random-32-32-20-even-1_n20_run08,20,8,20,random-32-32-20.map,False,5000,5000,
random-32-32-20-even-1_n20_run09,20,9,20,random-32-32-20.map,False,5000,5000,
random-32-32-20-even-1_n20_run10,20,10,20,random-32-32-20.map,False,5000,5000,
random-32-32-20-even-1_n25_run01,25,1,25,random-32-32-20.map,False,5000,5000,
random-32-32-20-even-1_n25_run02,25,2,25,random-32-32-20.map,False,5000,5000,
random-32-32-20-even-1_n25_run03,25,3,25,random-32-32-20.map,False,5000,5000,
random-32-32-20-even-1_n25_run04,25,4,25,random-32-32-20.map,False,5000,5000,
random-32-32-20-even-1_n25_run05,25,5,25,random-32-32-20.map,False,5000,5000,
random-32-32-20-even-1_n25_run06,25,6,25,random-32-32-20.map,False,5000,5000,
random-32-32-20-even-1_n25_run07,25,7,25,random-32-32-20.map,False,5000,5000,
random-32-32-20-even-1_n25_run08,25,8,25,random-32-32-20.map,False,5000,5000,
random-32-32-20-even-1_n25_run09,25,9,25,random-32-32-20.map,False,5000,5000,
random-32-32-20-even-1_n25_run10,25,10,25,random-32-32-20.map,False,5000,5000,
random-64-64-10-even-1_n5_run01,5,1,5,random-64-64-10.map,False,5000,5000,
random-64-64-10-even-1_n5_run02,5,2,5,random-64-64-10.map,False,5000,5000,
random-64-64-10-even-1_n5_run03,5,3,5,random-64-64-10.map,False,5000,5000,
random-64-64-10-even-1_n5_run04,5,4,5,random-64-64-10.map,False,5000,5000,
random-64-64-10-even-1_n5_run05,5,5,5,random-64-64-10.map,True,1674,5000,
random-64-64-10-even-1_n5_run06,5,6,5,random-64-64-10.map,True,2658,5000,
random-64-64-10-even-1_n5_run07,5,7,5,random-64-64-10.map,False,5000,5000,
random-64-64-10-even-1_n5_run08,5,8,5,random-64-64-10.map,True,4267,5000,
random-64-64-10-even-1_n5_run09,5,9,5,random-64-64-10.map,False,5000,5000,
random-64-64-10-even-1_n5_run10,5,10,5,random-64-64-10.map,True,3968,5000,
random-64-64-10-even-1_n10_run01,10,1,10,random-64-64-10.map,False,5000,5000,
random-64-64-10-even-1_n10_run02,10,2,10,random-64-64-10.map,False,5000,5000,
random-64-64-10-even-1_n10_run03,10,3,10,random-64-64-10.map,False,5000,5000,
random-64-64-10-even-1_n10_run04,10,4,10,random-64-64-10.map,True,1715,5000,
random-64-64-10-even-1_n10_run05,10,5,10,random-64-64-10.map,False,5000,5000,
random-64-64-10-even-1_n10_run06,10,6,10,random-64-64-10.map,True,1310,5000,
random-64-64-10-even-1_n10_run07,10,7,10,random-64-64-10.map,False,5000,5000,
random-64-64-10-even-1_n10_run08,10,8,10,random-64-64-10.map,False,5000,5000,
random-64-64-10-even-1_n10_run09,10,9,10,random-64-64-10.map,False,5000,5000,
random-64-64-10-even-1_n10_run10,10,10,10,random-64-64-10.map,False,5000,5000,
random-64-64-10-even-1_n15_run01,15,1,15,random-64-64-10.map,False,5000,5000,
random-64-64-10-even-1_n15_run02,15,2,15,random-64-64-10.map,False,5000,5000,
random-64-64-10-even-1_n15_run03,15,3,15,random-64-64-10.map,False,5000,5000,
random-64-64-10-even-1_n15_run04,15,4,15,random-64-64-10.map,False,5000,5000,
random-64-64-10-even-1_n15_run05,15,5,15,random-64-64-10.map,False,5000,5000,
random-64-64-10-even-1_n15_run06,15,6,15,random-64-64-10.map,False,5000,5000,
random-64-64-10-even-1_n15_run07,15,7,15,random-64-64-10.map,False,5000,5000,
random-64-64-10-even-1_n15_run08,15,8,15,random-64-64-10.map,False,5000,5000,
random-64-64-10-even-1_n15_run09,15,9,15,random-64-64-10.map,False,5000,5000,
random-64-64-10-even-1_n15_run10,15,10,15,random-64-64-10.map,False,5000,5000,
random-64-64-10-even-1_n20_run01,20,1,20,random-64-64-10.map,True,4583,5000,
random-64-64-10-even-1_n20_run02,20,2,20,random-64-64-10.map,False,5000,5000,
random-64-64-10-even-1_n20_run03,20,3,20,random-64-64-10.map,False,5000,5000,
random-64-64-10-even-1_n20_run04,20,4,20,random-64-64-10.map,False,5000,5000,
random-64-64-10-even-1_n20_run05,20,5,20,random-64-64-10.map,False,5000,5000,
random-64-64-10-even-1_n20_run06,20,6,20,random-64-64-10.map,False,5000,5000,
random-64-64-10-even-1_n20_run07,20,7,20,random-64-64-10.map,False,5000,5000,
random-64-64-10-even-1_n20_run08,20,8,20,random-64-64-10.map,False,5000,5000,
random-64-64-10-even-1_n20_run09,20,9,20,random-64-64-10.map,False,5000,5000,
random-64-64-10-even-1_n20_run10,20,10,20,random-64-64-10.map,False,5000,5000,
random-64-64-10-even-1_n25_run01,25,1,25,random-64-64-10.map,False,5000,5000,
random-64-64-10-even-1_n25_run02,25,2,25,random-64-64-10.map,False,5000,5000,
random-64-64-10-even-1_n25_run03,25,3,25,random-64-64-10.map,False,5000,5000,
random-64-64-10-even-1_n25_run04,25,4,25,random-64-64-10.map,False,5000,5000,
random-64-64-10-even-1_n25_run05,25,5,25,random-64-64-10.map,False,5000,5000,
random-64-64-10-even-1_n25_run06,25,6,25,random-64-64-10.map,False,5000,5000,
random-64-64-10-even-1_n25_run07,25,7,25,random-64-64-10.map,False,5000,5000,
random-64-64-10-even-1_n25_run08,25,8,25,random-64-64-10.map,False,5000,5000,
random-64-64-10-even-1_n25_run09,25,9,25,random-64-64-10.map,False,5000,5000,
random-64-64-10-even-1_n25_run10,25,10,25,random-64-64-10.map,False,5000,5000,
random-64-64-20-even-1_n5_run01,5,1,5,random-64-64-20.map,False,5000,5000,
random-64-64-20-even-1_n5_run02,5,2,5,random-64-64-20.map,False,5000,5000,
random-64-64-20-even-1_n5_run03,5,3,5,random-64-64-20.map,False,5000,5000,
random-64-64-20-even-1_n5_run04,5,4,5,random-64-64-20.map,False,5000,5000,
random-64-64-20-even-1_n5_run05,5,5,5,random-64-64-20.map,False,5000,5000,
random-64-64-20-even-1_n5_run06,5,6,5,random-64-64-20.map,False,5000,5000,
random-64-64-20-even-1_n5_run07,5,7,5,random-64-64-20.map,False,5000,5000,
random-64-64-20-even-1_n5_run08,5,8,5,random-64-64-20.map,False,5000,5000,
random-64-64-20-even-1_n5_run09,5,9,5,random-64-64-20.map,False,5000,5000,
random-64-64-20-even-1_n5_run10,5,10,5,random-64-64-20.map,False,5000,5000,
random-64-64-20-even-1_n10_run01,10,1,10,random-64-64-20.map,False,5000,5000,
random-64-64-20-even-1_n10_run02,10,2,10,random-64-64-20.map,False,5000,5000,
random-64-64-20-even-1_n10_run03,10,3,10,random-64-64-20.map,False,5000,5000,
random-64-64-20-even-1_n10_run04,10,4,10,random-64-64-20.map,False,5000,5000,
random-64-64-20-even-1_n10_run05,10,5,10,random-64-64-20.map,False,5000,5000,
random-64-64-20-even-1_n10_run06,10,6,10,random-64-64-20.map,False,5000,5000,
random-64-64-20-even-1_n10_run07,10,7,10,random-64-64-20.map,False,5000,5000,
random-64-64-20-even-1_n10_run08,10,8,10,random-64-64-20.map,False,5000,5000,
random-64-64-20-even-1_n10_run09,10,9,10,random-64-64-20.map,False,5000,5000,
random-64-64-20-even-1_n10_run10,10,10,10,random-64-64-20.map,False,5000,5000,
random-64-64-20-even-1_n15_run01,15,1,15,random-64-64-20.map,False,5000,5000,
random-64-64-20-even-1_n15_run02,15,2,15,random-64-64-20.map,False,5000,5000,
random-64-64-20-even-1_n15_run03,15,3,15,random-64-64-20.map,False,5000,5000,
random-64-64-20-even-1_n15_run04,15,4,15,random-64-64-20.map,False,5000,5000,
random-64-64-20-even-1_n15_run05,15,5,15,random-64-64-20.map,False,5000,5000,
random-64-64-20-even-1_n15_run06,15,6,15,random-64-64-20.map,False,5000,5000,
random-64-64-20-even-1_n15_run07,15,7,15,random-64-64-20.map,False,5000,5000,
random-64-64-20-even-1_n15_run08,15,8,15,random-64-64-20.map,False,5000,5000,
random-64-64-20-even-1_n15_run09,15,9,15,random-64-64-20.map,False,5000,5000,
random-64-64-20-even-1_n15_run10,15,10,15,random-64-64-20.map,False,5000,5000,
random-64-64-20-even-1_n20_run01,20,1,20,random-64-64-20.map,False,5000,5000,
random-64-64-20-even-1_n20_run02,20,2,20,random-64-64-20.map,False,5000,5000,
random-64-64-20-even-1_n20_run03,20,3,20,random-64-64-20.map,False,5000,5000,
random-64-64-20-even-1_n20_run04,20,4,20,random-64-64-20.map,False,5000,5000,
random-64-64-20-even-1_n20_run05,20,5,20,random-64-64-20.map,False,5000,5000,
random-64-64-20-even-1_n20_run06,20,6,20,random-64-64-20.map,False,5000,5000,
random-64-64-20-even-1_n20_run07,20,7,20,random-64-64-20.map,False,5000,5000,
random-64-64-20-even-1_n20_run08,20,8,20,random-64-64-20.map,False,5000,5000,
random-64-64-20-even-1_n20_run09,20,9,20,random-64-64-20.map,False,5000,5000,
random-64-64-20-even-1_n20_run10,20,10,20,random-64-64-20.map,False,5000,5000,
random-64-64-20-even-1_n25_run01,25,1,25,random-64-64-20.map,False,5000,5000,
random-64-64-20-even-1_n25_run02,25,2,25,random-64-64-20.map,False,5000,5000,
random-64-64-20-even-1_n25_run03,25,3,25,random-64-64-20.map,False,5000,5000,
random-64-64-20-even-1_n25_run04,25,4,25,random-64-64-20.map,False,5000,5000,
random-64-64-20-even-1_n25_run05,25,5,25,random-64-64-20.map,False,5000,5000,
random-64-64-20-even-1_n25_run06,25,6,25,random-64-64-20.map,False,5000,5000,
random-64-64-20-even-1_n25_run07,25,7,25,random-64-64-20.map,False,5000,5000,
random-64-64-20-even-1_n25_run08,25,8,25,random-64-64-20.map,False,5000,5000,
random-64-64-20-even-1_n25_run09,25,9,25,random-64-64-20.map,False,5000,5000,
random-64-64-20-even-1_n25_run10,25,10,25,random-64-64-20.map,False,5000,5000,
room-32-32-4-even-1_n5_run01,5,1,5,room-32-32-4.map,False,5000,5000,
room-32-32-4-even-1_n5_run02,5,2,5,room-32-32-4.map,False,5000,5000,
room-32-32-4-even-1_n5_run03,5,3,5,room-32-32-4.map,True,593,5000,
room-32-32-4-even-1_n5_run04,5,4,5,room-32-32-4.map,False,5000,5000,
room-32-32-4-even-1_n5_run05,5,5,5,room-32-32-4.map,False,5000,5000,
room-32-32-4-even-1_n5_run06,5,6,5,room-32-32-4.map,False,5000,5000,
room-32-32-4-even-1_n5_run07,5,7,5,room-32-32-4.map,False,5000,5000,
room-32-32-4-even-1_n5_run08,5,8,5,room-32-32-4.map,False,5000,5000,
room-32-32-4-even-1_n5_run09,5,9,5,room-32-32-4.map,False,5000,5000,
room-32-32-4-even-1_n5_run10,5,10,5,room-32-32-4.map,False,5000,5000,
room-32-32-4-even-1_n10_run01,10,1,10,room-32-32-4.map,False,5000,5000,
room-32-32-4-even-1_n10_run02,10,2,10,room-32-32-4.map,False,5000,5000,
room-32-32-4-even-1_n10_run03,10,3,10,room-32-32-4.map,False,5000,5000,
room-32-32-4-even-1_n10_run04,10,4,10,room-32-32-4.map,False,5000,5000,
room-32-32-4-even-1_n10_run05,10,5,10,room-32-32-4.map,False,5000,5000,
room-32-32-4-even-1_n10_run06,10,6,10,room-32-32-4.map,False,5000,5000,
room-32-32-4-even-1_n10_run07,10,7,10,room-32-32-4.map,False,5000,5000,
room-32-32-4-even-1_n10_run08,10,8,10,room-32-32-4.map,False,5000,5000,
room-32-32-4-even-1_n10_run09,10,9,10,room-32-32-4.map,False,5000,5000,
room-32-32-4-even-1_n10_run10,10,10,10,room-32-32-4.map,False,5000,5000,
room-32-32-4-even-1_n15_run01,15,1,15,room-32-32-4.map,False,5000,5000,
room-32-32-4-even-1_n15_run02,15,2,15,room-32-32-4.map,False,5000,5000,
room-32-32-4-even-1_n15_run03,15,3,15,room-32-32-4.map,False,5000,5000,
room-32-32-4-even-1_n15_run04,15,4,15,room-32-32-4.map,False,5000,5000,
room-32-32-4-even-1_n15_run05,15,5,15,room-32-32-4.map,False,5000,5000,
room-32-32-4-even-1_n15_run06,15,6,15,room-32-32-4.map,False,5000,5000,
room-32-32-4-even-1_n15_run07,15,7,15,room-32-32-4.map,False,5000,5000,
room-32-32-4-even-1_n15_run08,15,8,15,room-32-32-4.map,False,5000,5000,
room-32-32-4-even-1_n15_run09,15,9,15,room-32-32-4.map,False,5000,5000,
room-32-32-4-even-1_n15_run10,15,10,15,room-32-32-4.map,False,5000,5000,
room-32-32-4-even-1_n20_run01,20,1,20,room-32-32-4.map,False,5000,5000,
room-32-32-4-even-1_n20_run02,20,2,20,room-32-32-4.map,False,5000,5000,
room-32-32-4-even-1_n20_run03,20,3,20,room-32-32-4.map,False,5000,5000,
room-32-32-4-even-1_n20_run04,20,4,20,room-32-32-4.map,False,5000,5000,
room-32-32-4-even-1_n20_run05,20,5,20,room-32-32-4.map,False,5000,5000,
room-32-32-4-even-1_n20_run06,20,6,20,room-32-32-4.map,False,5000,5000,
room-32-32-4-even-1_n20_run07,20,7,20,room-32-32-4.map,False,5000,5000,
room-32-32-4-even-1_n20_run08,20,8,20,room-32-32-4.map,False,5000,5000,
room-32-32-4-even-1_n20_run09,20,9,20,room-32-32-4.map,False,5000,5000,
room-32-32-4-even-1_n20_run10,20,10,20,room-32-32-4.map,False,5000,5000,
room-32-32-4-even-1_n25_run01,25,1,25,room-32-32-4.map,False,5000,5000,
room-32-32-4-even-1_n25_run02,25,2,25,room-32-32-4.map,False,5000,5000,
room-32-32-4-even-1_n25_run03,25,3,25,room-32-32-4.map,False,5000,5000,
room-32-32-4-even-1_n25_run04,25,4,25,room-32-32-4.map,False,5000,5000,
room-32-32-4-even-1_n25_run05,25,5,25,room-32-32-4.map,False,5000,5000,
room-32-32-4-even-1_n25_run06,25,6,25,room-32-32-4.map,False,5000,5000,
room-32-32-4-even-1_n25_run07,25,7,25,room-32-32-4.map,False,5000,5000,
room-32-32-4-even-1_n25_run08,25,8,25,room-32-32-4.map,False,5000,5000,
room-32-32-4-even-1_n25_run09,25,9,25,room-32-32-4.map,False,5000,5000,
room-32-32-4-even-1_n25_run10,25,10,25,room-32-32-4.map,False,5000,5000,
room-64-64-16-even-1_n5_run01,5,1,5,room-64-64-16.map,False,5000,5000,
room-64-64-16-even-1_n5_run02,5,2,5,room-64-64-16.map,False,5000,5000,
room-64-64-16-even-1_n5_run03,5,3,5,room-64-64-16.map,False,5000,5000,
room-64-64-16-even-1_n5_run04,5,4,5,room-64-64-16.map,False,5000,5000,
room-64-64-16-even-1_n5_run05,5,5,5,room-64-64-16.map,False,5000,5000,
room-64-64-16-even-1_n5_run06,5,6,5,room-64-64-16.map,False,5000,5000,
room-64-64-16-even-1_n5_run07,5,7,5,room-64-64-16.map,False,5000,5000,
room-64-64-16-even-1_n5_run08,5,8,5,room-64-64-16.map,False,5000,5000,
room-64-64-16-even-1_n5_run09,5,9,5,room-64-64-16.map,False,5000,5000,
room-64-64-16-even-1_n5_run10,5,10,5,room-64-64-16.map,False,5000,5000,
room-64-64-16-even-1_n10_run01,10,1,10,room-64-64-16.map,False,5000,5000,
room-64-64-16-even-1_n10_run02,10,2,10,room-64-64-16.map,False,5000,5000,
room-64-64-16-even-1_n10_run03,10,3,10,room-64-64-16.map,False,5000,5000,
room-64-64-16-even-1_n10_run04,10,4,10,room-64-64-16.map,False,5000,5000,
room-64-64-16-even-1_n10_run05,10,5,10,room-64-64-16.map,False,5000,5000,
room-64-64-16-even-1_n10_run06,10,6,10,room-64-64-16.map,False,5000,5000,
room-64-64-16-even-1_n10_run07,10,7,10,room-64-64-16.map,False,5000,5000,
room-64-64-16-even-1_n10_run08,10,8,10,room-64-64-16.map,False,5000,5000,
room-64-64-16-even-1_n10_run09,10,9,10,room-64-64-16.map,False,5000,5000,
room-64-64-16-even-1_n10_run10,10,10,10,room-64-64-16.map,False,5000,5000,
room-64-64-16-even-1_n15_run01,15,1,15,room-64-64-16.map,False,5000,5000,
room-64-64-16-even-1_n15_run02,15,2,15,room-64-64-16.map,False,5000,5000,
room-64-64-16-even-1_n15_run03,15,3,15,room-64-64-16.map,False,5000,5000,
room-64-64-16-even-1_n15_run04,15,4,15,room-64-64-16.map,False,5000,5000,
room-64-64-16-even-1_n15_run05,15,5,15,room-64-64-16.map,False,5000,5000,
room-64-64-16-even-1_n15_run06,15,6,15,room-64-64-16.map,False,5000,5000,
room-64-64-16-even-1_n15_run07,15,7,15,room-64-64-16.map,False,5000,5000,
room-64-64-16-even-1_n15_run08,15,8,15,room-64-64-16.map,False,5000,5000,
room-64-64-16-even-1_n15_run09,15,9,15,room-64-64-16.map,False,5000,5000,
room-64-64-16-even-1_n15_run10,15,10,15,room-64-64-16.map,False,5000,5000,
room-64-64-16-even-1_n20_run01,20,1,20,room-64-64-16.map,False,5000,5000,
room-64-64-16-even-1_n20_run02,20,2,20,room-64-64-16.map,False,5000,5000,
room-64-64-16-even-1_n20_run03,20,3,20,room-64-64-16.map,False,5000,5000,
room-64-64-16-even-1_n20_run04,20,4,20,room-64-64-16.map,False,5000,5000,
room-64-64-16-even-1_n20_run05,20,5,20,room-64-64-16.map,False,5000,5000,
room-64-64-16-even-1_n20_run06,20,6,20,room-64-64-16.map,False,5000,5000,
room-64-64-16-even-1_n20_run07,20,7,20,room-64-64-16.map,False,5000,5000,
room-64-64-16-even-1_n20_run08,20,8,20,room-64-64-16.map,False,5000,5000,
room-64-64-16-even-1_n20_run09,20,9,20,room-64-64-16.map,False,5000,5000,
room-64-64-16-even-1_n20_run10,20,10,20,room-64-64-16.map,False,5000,5000,
room-64-64-16-even-1_n25_run01,25,1,25,room-64-64-16.map,False,5000,5000,
room-64-64-16-even-1_n25_run02,25,2,25,room-64-64-16.map,False,5000,5000,
room-64-64-16-even-1_n25_run03,25,3,25,room-64-64-16.map,False,5000,5000,
room-64-64-16-even-1_n25_run04,25,4,25,room-64-64-16.map,False,5000,5000,
room-64-64-16-even-1_n25_run05,25,5,25,room-64-64-16.map,False,5000,5000,
room-64-64-16-even-1_n25_run06,25,6,25,room-64-64-16.map,False,5000,5000,
room-64-64-16-even-1_n25_run07,25,7,25,room-64-64-16.map,False,5000,5000,
room-64-64-16-even-1_n25_run08,25,8,25,room-64-64-16.map,False,5000,5000,
room-64-64-16-even-1_n25_run09,25,9,25,room-64-64-16.map,False,5000,5000,
room-64-64-16-even-1_n25_run10,25,10,25,room-64-64-16.map,False,5000,5000,
room-64-64-8-even-1_n5_run01,5,1,5,room-64-64-8.map,False,5000,5000,
room-64-64-8-even-1_n5_run02,5,2,5,room-64-64-8.map,False,5000,5000,
room-64-64-8-even-1_n5_run03,5,3,5,room-64-64-8.map,False,5000,5000,
room-64-64-8-even-1_n5_run04,5,4,5,room-64-64-8.map,False,5000,5000,
room-64-64-8-even-1_n5_run05,5,5,5,room-64-64-8.map,False,5000,5000,
room-64-64-8-even-1_n5_run06,5,6,5,room-64-64-8.map,False,5000,5000,
room-64-64-8-even-1_n5_run07,5,7,5,room-64-64-8.map,False,5000,5000,
room-64-64-8-even-1_n5_run08,5,8,5,room-64-64-8.map,False,5000,5000,
room-64-64-8-even-1_n5_run09,5,9,5,room-64-64-8.map,False,5000,5000,
room-64-64-8-even-1_n5_run10,5,10,5,room-64-64-8.map,False,5000,5000,
room-64-64-8-even-1_n10_run01,10,1,10,room-64-64-8.map,False,5000,5000,
room-64-64-8-even-1_n10_run02,10,2,10,room-64-64-8.map,False,5000,5000,
room-64-64-8-even-1_n10_run03,10,3,10,room-64-64-8.map,False,5000,5000,
room-64-64-8-even-1_n10_run04,10,4,10,room-64-64-8.map,False,5000,5000,
room-64-64-8-even-1_n10_run05,10,5,10,room-64-64-8.map,False,5000,5000,
room-64-64-8-even-1_n10_run06,10,6,10,room-64-64-8.map,False,5000,5000,
room-64-64-8-even-1_n10_run07,10,7,10,room-64-64-8.map,False,5000,5000,
room-64-64-8-even-1_n10_run08,10,8,10,room-64-64-8.map,False,5000,5000,
room-64-64-8-even-1_n10_run09,10,9,10,room-64-64-8.map,False,5000,5000,
room-64-64-8-even-1_n10_run10,10,10,10,room-64-64-8.map,False,5000,5000,
room-64-64-8-even-1_n15_run01,15,1,15,room-64-64-8.map,False,5000,5000,
room-64-64-8-even-1_n15_run02,15,2,15,room-64-64-8.map,False,5000,5000,
room-64-64-8-even-1_n15_run03,15,3,15,room-64-64-8.map,False,5000,5000,
room-64-64-8-even-1_n15_run04,15,4,15,room-64-64-8.map,False,5000,5000,
room-64-64-8-even-1_n15_run05,15,5,15,room-64-64-8.map,False,5000,5000,
room-64-64-8-even-1_n15_run06,15,6,15,room-64-64-8.map,False,5000,5000,
room-64-64-8-even-1_n15_run07,15,7,15,room-64-64-8.map,False,5000,5000,
room-64-64-8-even-1_n15_run08,15,8,15,room-64-64-8.map,False,5000,5000,
room-64-64-8-even-1_n15_run09,15,9,15,room-64-64-8.map,False,5000,5000,
room-64-64-8-even-1_n15_run10,15,10,15,room-64-64-8.map,False,5000,5000,
room-64-64-8-even-1_n20_run01,20,1,20,room-64-64-8.map,False,5000,5000,
room-64-64-8-even-1_n20_run02,20,2,20,room-64-64-8.map,False,5000,5000,
room-64-64-8-even-1_n20_run03,20,3,20,room-64-64-8.map,False,5000,5000,
room-64-64-8-even-1_n20_run04,20,4,20,room-64-64-8.map,False,5000,5000,
room-64-64-8-even-1_n20_run05,20,5,20,room-64-64-8.map,False,5000,5000,
room-64-64-8-even-1_n20_run06,20,6,20,room-64-64-8.map,False,5000,5000,
room-64-64-8-even-1_n20_run07,20,7,20,room-64-64-8.map,False,5000,5000,
room-64-64-8-even-1_n20_run08,20,8,20,room-64-64-8.map,False,5000,5000,
room-64-64-8-even-1_n20_run09,20,9,20,room-64-64-8.map,False,5000,5000,
room-64-64-8-even-1_n20_run10,20,10,20,room-64-64-8.map,False,5000,5000,
room-64-64-8-even-1_n25_run01,25,1,25,room-64-64-8.map,False,5000,5000,
room-64-64-8-even-1_n25_run02,25,2,25,room-64-64-8.map,False,5000,5000,
room-64-64-8-even-1_n25_run03,25,3,25,room-64-64-8.map,False,5000,5000,
room-64-64-8-even-1_n25_run04,25,4,25,room-64-64-8.map,False,5000,5000,
room-64-64-8-even-1_n25_run05,25,5,25,room-64-64-8.map,False,5000,5000,
room-64-64-8-even-1_n25_run06,25,6,25,room-64-64-8.map,False,5000,5000,
room-64-64-8-even-1_n25_run07,25,7,25,room-64-64-8.map,False,5000,5000,
room-64-64-8-even-1_n25_run08,25,8,25,room-64-64-8.map,False,5000,5000,
room-64-64-8-even-1_n25_run09,25,9,25,room-64-64-8.map,False,5000,5000,
room-64-64-8-even-1_n25_run10,25,10,25,room-64-64-8.map,False,5000,5000,
w_woundedcoast-even-1_n5_run01,5,1,5,w_woundedcoast.map,False,5000,5000,
w_woundedcoast-even-1_n5_run02,5,2,5,w_woundedcoast.map,False,5000,5000,
w_woundedcoast-even-1_n5_run03,5,3,5,w_woundedcoast.map,False,5000,5000,
w_woundedcoast-even-1_n5_run04,5,4,5,w_woundedcoast.map,False,5000,5000,
w_woundedcoast-even-1_n5_run05,5,5,5,w_woundedcoast.map,False,5000,5000,
w_woundedcoast-even-1_n5_run06,5,6,5,w_woundedcoast.map,False,5000,5000,
w_woundedcoast-even-1_n5_run07,5,7,5,w_woundedcoast.map,False,5000,5000,
w_woundedcoast-even-1_n5_run08,5,8,5,w_woundedcoast.map,False,5000,5000,
w_woundedcoast-even-1_n5_run09,5,9,5,w_woundedcoast.map,False,5000,5000,
w_woundedcoast-even-1_n5_run10,5,10,5,w_woundedcoast.map,False,5000,5000,
w_woundedcoast-even-1_n10_run01,10,1,10,w_woundedcoast.map,False,5000,5000,
w_woundedcoast-even-1_n10_run02,10,2,10,w_woundedcoast.map,False,5000,5000,
w_woundedcoast-even-1_n10_run03,10,3,10,w_woundedcoast.map,False,5000,5000,
w_woundedcoast-even-1_n10_run04,10,4,10,w_woundedcoast.map,False,5000,5000,
w_woundedcoast-even-1_n10_run05,10,5,10,w_woundedcoast.map,False,5000,5000,
w_woundedcoast-even-1_n10_run06,10,6,10,w_woundedcoast.map,False,5000,5000,
w_woundedcoast-even-1_n10_run07,10,7,10,w_woundedcoast.map,False,5000,5000,
w_woundedcoast-even-1_n10_run08,10,8,10,w_woundedcoast.map,False,5000,5000,
w_woundedcoast-even-1_n10_run09,10,9,10,w_woundedcoast.map,False,5000,5000,
w_woundedcoast-even-1_n10_run10,10,10,10,w_woundedcoast.map,False,5000,5000,
w_woundedcoast-even-1_n15_run01,15,1,15,w_woundedcoast.map,False,5000,5000,
w_woundedcoast-even-1_n15_run02,15,2,15,w_woundedcoast.map,False,5000,5000,
w_woundedcoast-even-1_n15_run03,15,3,15,w_woundedcoast.map,False,5000,5000,
w_woundedcoast-even-1_n15_run04,15,4,15,w_woundedcoast.map,False,5000,5000,
w_woundedcoast-even-1_n15_run05,15,5,15,w_woundedcoast.map,False,5000,5000,
w_woundedcoast-even-1_n15_run06,15,6,15,w_woundedcoast.map,False,5000,5000,
w_woundedcoast-even-1_n15_run07,15,7,15,w_woundedcoast.map,False,5000,5000,
w_woundedcoast-even-1_n15_run08,15,8,15,w_woundedcoast.map,False,5000,5000,
w_woundedcoast-even-1_n15_run09,15,9,15,w_woundedcoast.map,False,5000,5000,
w_woundedcoast-even-1_n15_run10,15,10,15,w_woundedcoast.map,False,5000,5000,
w_woundedcoast-even-1_n20_run01,20,1,20,w_woundedcoast.map,False,5000,5000,
w_woundedcoast-even-1_n20_run02,20,2,20,w_woundedcoast.map,False,5000,5000,
w_woundedcoast-even-1_n20_run03,20,3,20,w_woundedcoast.map,False,5000,5000,
w_woundedcoast-even-1_n20_run04,20,4,20,w_woundedcoast.map,False,5000,5000,
w_woundedcoast-even-1_n20_run05,20,5,20,w_woundedcoast.map,False,5000,5000,
w_woundedcoast-even-1_n20_run06,20,6,20,w_woundedcoast.map,False,5000,5000,
w_woundedcoast-even-1_n20_run07,20,7,20,w_woundedcoast.map,False,5000,5000,
w_woundedcoast-even-1_n20_run08,20,8,20,w_woundedcoast.map,False,5000,5000,
w_woundedcoast-even-1_n20_run09,20,9,20,w_woundedcoast.map,False,5000,5000,
w_woundedcoast-even-1_n20_run10,20,10,20,w_woundedcoast.map,False,5000,5000,
w_woundedcoast-even-1_n25_run01,25,1,25,w_woundedcoast.map,False,5000,5000,
w_woundedcoast-even-1_n25_run02,25,2,25,w_woundedcoast.map,False,5000,5000,
w_woundedcoast-even-1_n25_run03,25,3,25,w_woundedcoast.map,False,5000,5000,
w_woundedcoast-even-1_n25_run04,25,4,25,w_woundedcoast.map,False,5000,5000,
w_woundedcoast-even-1_n25_run05,25,5,25,w_woundedcoast.map,False,5000,5000,
w_woundedcoast-even-1_n25_run06,25,6,25,w_woundedcoast.map,False,5000,5000,
w_woundedcoast-even-1_n25_run07,25,7,25,w_woundedcoast.map,False,5000,5000,
w_woundedcoast-even-1_n25_run08,25,8,25,w_woundedcoast.map,False,5000,5000,
w_woundedcoast-even-1_n25_run09,25,9,25,w_woundedcoast.map,False,5000,5000,
w_woundedcoast-even-1_n25_run10,25,10,25,w_woundedcoast.map,False,5000,5000,
warehouse-10-20-10-2-1-even-1_n5_run01,5,1,5,warehouse-10-20-10-2-1.map,False,5000,5000,
warehouse-10-20-10-2-1-even-1_n5_run02,5,2,5,warehouse-10-20-10-2-1.map,False,5000,5000,
warehouse-10-20-10-2-1-even-1_n5_run03,5,3,5,warehouse-10-20-10-2-1.map,False,5000,5000,
warehouse-10-20-10-2-1-even-1_n5_run04,5,4,5,warehouse-10-20-10-2-1.map,False,5000,5000,
warehouse-10-20-10-2-1-even-1_n5_run05,5,5,5,warehouse-10-20-10-2-1.map,False,5000,5000,
warehouse-10-20-10-2-1-even-1_n5_run06,5,6,5,warehouse-10-20-10-2-1.map,False,5000,5000,
warehouse-10-20-10-2-1-even-1_n5_run07,5,7,5,warehouse-10-20-10-2-1.map,False,5000,5000,
warehouse-10-20-10-2-1-even-1_n5_run08,5,8,5,warehouse-10-20-10-2-1.map,False,5000,5000,
warehouse-10-20-10-2-1-even-1_n5_run09,5,9,5,warehouse-10-20-10-2-1.map,False,5000,5000,
warehouse-10-20-10-2-1-even-1_n5_run10,5,10,5,warehouse-10-20-10-2-1.map,False,5000,5000,
warehouse-10-20-10-2-1-even-1_n10_run01,10,1,10,warehouse-10-20-10-2-1.map,False,5000,5000,
warehouse-10-20-10-2-1-even-1_n10_run02,10,2,10,warehouse-10-20-10-2-1.map,False,5000,5000,
warehouse-10-20-10-2-1-even-1_n10_run03,10,3,10,warehouse-10-20-10-2-1.map,False,5000,5000,
warehouse-10-20-10-2-1-even-1_n10_run04,10,4,10,warehouse-10-20-10-2-1.map,False,5000,5000,
warehouse-10-20-10-2-1-even-1_n10_run05,10,5,10,warehouse-10-20-10-2-1.map,False,5000,5000,
warehouse-10-20-10-2-1-even-1_n10_run06,10,6,10,warehouse-10-20-10-2-1.map,False,5000,5000,
warehouse-10-20-10-2-1-even-1_n10_run07,10,7,10,warehouse-10-20-10-2-1.map,False,5000,5000,
warehouse-10-20-10-2-1-even-1_n10_run08,10,8,10,warehouse-10-20-10-2-1.map,False,5000,5000,
warehouse-10-20-10-2-1-even-1_n10_run09,10,9,10,warehouse-10-20-10-2-1.map,False,5000,5000,
warehouse-10-20-10-2-1-even-1_n10_run10,10,10,10,warehouse-10-20-10-2-1.map,False,5000,5000,
warehouse-10-20-10-2-1-even-1_n15_run01,15,1,15,warehouse-10-20-10-2-1.map,False,5000,5000,
warehouse-10-20-10-2-1-even-1_n15_run02,15,2,15,warehouse-10-20-10-2-1.map,False,5000,5000,
warehouse-10-20-10-2-1-even-1_n15_run03,15,3,15,warehouse-10-20-10-2-1.map,False,5000,5000,
warehouse-10-20-10-2-1-even-1_n15_run04,15,4,15,warehouse-10-20-10-2-1.map,False,5000,5000,
warehouse-10-20-10-2-1-even-1_n15_run05,15,5,15,warehouse-10-20-10-2-1.map,False,5000,5000,
warehouse-10-20-10-2-1-even-1_n15_run06,15,6,15,warehouse-10-20-10-2-1.map,False,5000,5000,
warehouse-10-20-10-2-1-even-1_n15_run07,15,7,15,warehouse-10-20-10-2-1.map,False,5000,5000,
warehouse-10-20-10-2-1-even-1_n15_run08,15,8,15,warehouse-10-20-10-2-1.map,False,5000,5000,
warehouse-10-20-10-2-1-even-1_n15_run09,15,9,15,warehouse-10-20-10-2-1.map,False,5000,5000,
warehouse-10-20-10-2-1-even-1_n15_run10,15,10,15,warehouse-10-20-10-2-1.map,False,5000,5000,
warehouse-10-20-10-2-1-even-1_n20_run01,20,1,20,warehouse-10-20-10-2-1.map,False,5000,5000,
warehouse-10-20-10-2-1-even-1_n20_run02,20,2,20,warehouse-10-20-10-2-1.map,False,5000,5000,
warehouse-10-20-10-2-1-even-1_n20_run03,20,3,20,warehouse-10-20-10-2-1.map,False,5000,5000,
warehouse-10-20-10-2-1-even-1_n20_run04,20,4,20,warehouse-10-20-10-2-1.map,False,5000,5000,
warehouse-10-20-10-2-1-even-1_n20_run05,20,5,20,warehouse-10-20-10-2-1.map,False,5000,5000,
warehouse-10-20-10-2-1-even-1_n20_run06,20,6,20,warehouse-10-20-10-2-1.map,False,5000,5000,
warehouse-10-20-10-2-1-even-1_n20_run07,20,7,20,warehouse-10-20-10-2-1.map,False,5000,5000,
warehouse-10-20-10-2-1-even-1_n20_run08,20,8,20,warehouse-10-20-10-2-1.map,False,5000,5000,
warehouse-10-20-10-2-1-even-1_n20_run09,20,9,20,warehouse-10-20-10-2-1.map,False,5000,5000,
warehouse-10-20-10-2-1-even-1_n20_run10,20,10,20,warehouse-10-20-10-2-1.map,False,5000,5000,
warehouse-10-20-10-2-1-even-1_n25_run01,25,1,25,warehouse-10-20-10-2-1.map,False,5000,5000,
warehouse-10-20-10-2-1-even-1_n25_run02,25,2,25,warehouse-10-20-10-2-1.map,False,5000,5000,
warehouse-10-20-10-2-1-even-1_n25_run03,25,3,25,warehouse-10-20-10-2-1.map,False,5000,5000,
warehouse-10-20-10-2-1-even-1_n25_run04,25,4,25,warehouse-10-20-10-2-1.map,False,5000,5000,
warehouse-10-20-10-2-1-even-1_n25_run05,25,5,25,warehouse-10-20-10-2-1.map,False,5000,5000,
warehouse-10-20-10-2-1-even-1_n25_run06,25,6,25,warehouse-10-20-10-2-1.map,False,5000,5000,
warehouse-10-20-10-2-1-even-1_n25_run07,25,7,25,warehouse-10-20-10-2-1.map,False,5000,5000,
warehouse-10-20-10-2-1-even-1_n25_run08,25,8,25,warehouse-10-20-10-2-1.map,False,5000,5000,
warehouse-10-20-10-2-1-even-1_n25_run09,25,9,25,warehouse-10-20-10-2-1.map,False,5000,5000,
warehouse-10-20-10-2-1-even-1_n25_run10,25,10,25,warehouse-10-20-10-2-1.map,False,5000,5000,
warehouse-10-20-10-2-2-even-1_n5_run01,5,1,5,warehouse-10-20-10-2-2.map,False,5000,5000,
warehouse-10-20-10-2-2-even-1_n5_run02,5,2,5,warehouse-10-20-10-2-2.map,False,5000,5000,
warehouse-10-20-10-2-2-even-1_n5_run03,5,3,5,warehouse-10-20-10-2-2.map,False,5000,5000,
warehouse-10-20-10-2-2-even-1_n5_run04,5,4,5,warehouse-10-20-10-2-2.map,False,5000,5000,
warehouse-10-20-10-2-2-even-1_n5_run05,5,5,5,warehouse-10-20-10-2-2.map,False,5000,5000,
warehouse-10-20-10-2-2-even-1_n5_run06,5,6,5,warehouse-10-20-10-2-2.map,False,5000,5000,
warehouse-10-20-10-2-2-even-1_n5_run07,5,7,5,warehouse-10-20-10-2-2.map,False,5000,5000,
warehouse-10-20-10-2-2-even-1_n5_run08,5,8,5,warehouse-10-20-10-2-2.map,False,5000,5000,
warehouse-10-20-10-2-2-even-1_n5_run09,5,9,5,warehouse-10-20-10-2-2.map,False,5000,5000,
warehouse-10-20-10-2-2-even-1_n5_run10,5,10,5,warehouse-10-20-10-2-2.map,False,5000,5000,
warehouse-10-20-10-2-2-even-1_n10_run01,10,1,10,warehouse-10-20-10-2-2.map,False,5000,5000,
warehouse-10-20-10-2-2-even-1_n10_run02,10,2,10,warehouse-10-20-10-2-2.map,False,5000,5000,
warehouse-10-20-10-2-2-even-1_n10_run03,10,3,10,warehouse-10-20-10-2-2.map,False,5000,5000,
warehouse-10-20-10-2-2-even-1_n10_run04,10,4,10,warehouse-10-20-10-2-2.map,False,5000,5000,
warehouse-10-20-10-2-2-even-1_n10_run05,10,5,10,warehouse-10-20-10-2-2.map,False,5000,5000,
warehouse-10-20-10-2-2-even-1_n10_run06,10,6,10,warehouse-10-20-10-2-2.map,False,5000,5000,
warehouse-10-20-10-2-2-even-1_n10_run07,10,7,10,warehouse-10-20-10-2-2.map,False,5000,5000,
warehouse-10-20-10-2-2-even-1_n10_run08,10,8,10,warehouse-10-20-10-2-2.map,False,5000,5000,
warehouse-10-20-10-2-2-even-1_n10_run09,10,9,10,warehouse-10-20-10-2-2.map,False,5000,5000,
warehouse-10-20-10-2-2-even-1_n10_run10,10,10,10,warehouse-10-20-10-2-2.map,False,5000,5000,
warehouse-10-20-10-2-2-even-1_n15_run01,15,1,15,warehouse-10-20-10-2-2.map,False,5000,5000,
warehouse-10-20-10-2-2-even-1_n15_run02,15,2,15,warehouse-10-20-10-2-2.map,False,5000,5000,
warehouse-10-20-10-2-2-even-1_n15_run03,15,3,15,warehouse-10-20-10-2-2.map,False,5000,5000,
warehouse-10-20-10-2-2-even-1_n15_run04,15,4,15,warehouse-10-20-10-2-2.map,False,5000,5000,
warehouse-10-20-10-2-2-even-1_n15_run05,15,5,15,warehouse-10-20-10-2-2.map,False,5000,5000,
warehouse-10-20-10-2-2-even-1_n15_run06,15,6,15,warehouse-10-20-10-2-2.map,False,5000,5000,
warehouse-10-20-10-2-2-even-1_n15_run07,15,7,15,warehouse-10-20-10-2-2.map,False,5000,5000,
warehouse-10-20-10-2-2-even-1_n15_run08,15,8,15,warehouse-10-20-10-2-2.map,False,5000,5000,
warehouse-10-20-10-2-2-even-1_n15_run09,15,9,15,warehouse-10-20-10-2-2.map,False,5000,5000,
warehouse-10-20-10-2-2-even-1_n15_run10,15,10,15,warehouse-10-20-10-2-2.map,False,5000,5000,
warehouse-10-20-10-2-2-even-1_n20_run01,20,1,20,warehouse-10-20-10-2-2.map,False,5000,5000,
warehouse-10-20-10-2-2-even-1_n20_run02,20,2,20,warehouse-10-20-10-2-2.map,False,5000,5000,
warehouse-10-20-10-2-2-even-1_n20_run03,20,3,20,warehouse-10-20-10-2-2.map,False,5000,5000,
warehouse-10-20-10-2-2-even-1_n20_run04,20,4,20,warehouse-10-20-10-2-2.map,False,5000,5000,
warehouse-10-20-10-2-2-even-1_n20_run05,20,5,20,warehouse-10-20-10-2-2.map,False,5000,5000,
warehouse-10-20-10-2-2-even-1_n20_run06,20,6,20,warehouse-10-20-10-2-2.map,False,5000,5000,
warehouse-10-20-10-2-2-even-1_n20_run07,20,7,20,warehouse-10-20-10-2-2.map,False,5000,5000,
warehouse-10-20-10-2-2-even-1_n20_run08,20,8,20,warehouse-10-20-10-2-2.map,False,5000,5000,
warehouse-10-20-10-2-2-even-1_n20_run09,20,9,20,warehouse-10-20-10-2-2.map,False,5000,5000,
warehouse-10-20-10-2-2-even-1_n20_run10,20,10,20,warehouse-10-20-10-2-2.map,False,5000,5000,
warehouse-10-20-10-2-2-even-1_n25_run01,25,1,25,warehouse-10-20-10-2-2.map,False,5000,5000,
warehouse-10-20-10-2-2-even-1_n25_run02,25,2,25,warehouse-10-20-10-2-2.map,False,5000,5000,
warehouse-10-20-10-2-2-even-1_n25_run03,25,3,25,warehouse-10-20-10-2-2.map,False,5000,5000,
warehouse-10-20-10-2-2-even-1_n25_run04,25,4,25,warehouse-10-20-10-2-2.map,False,5000,5000,
warehouse-10-20-10-2-2-even-1_n25_run05,25,5,25,warehouse-10-20-10-2-2.map,False,5000,5000,
warehouse-10-20-10-2-2-even-1_n25_run06,25,6,25,warehouse-10-20-10-2-2.map,False,5000,5000,
warehouse-10-20-10-2-2-even-1_n25_run07,25,7,25,warehouse-10-20-10-2-2.map,False,5000,5000,
warehouse-10-20-10-2-2-even-1_n25_run08,25,8,25,warehouse-10-20-10-2-2.map,False,5000,5000,
warehouse-10-20-10-2-2-even-1_n25_run09,25,9,25,warehouse-10-20-10-2-2.map,False,5000,5000,
warehouse-10-20-10-2-2-even-1_n25_run10,25,10,25,warehouse-10-20-10-2-2.map,False,5000,5000,
warehouse-20-40-10-2-1-even-1_n5_run01,5,1,5,warehouse-20-40-10-2-1.map,False,5000,5000,
warehouse-20-40-10-2-1-even-1_n5_run02,5,2,5,warehouse-20-40-10-2-1.map,False,5000,5000,
warehouse-20-40-10-2-1-even-1_n5_run03,5,3,5,warehouse-20-40-10-2-1.map,False,5000,5000,
warehouse-20-40-10-2-1-even-1_n5_run04,5,4,5,warehouse-20-40-10-2-1.map,False,5000,5000,
warehouse-20-40-10-2-1-even-1_n5_run05,5,5,5,warehouse-20-40-10-2-1.map,False,5000,5000,
warehouse-20-40-10-2-1-even-1_n5_run06,5,6,5,warehouse-20-40-10-2-1.map,False,5000,5000,
warehouse-20-40-10-2-1-even-1_n5_run07,5,7,5,warehouse-20-40-10-2-1.map,False,5000,5000,
warehouse-20-40-10-2-1-even-1_n5_run08,5,8,5,warehouse-20-40-10-2-1.map,False,5000,5000,
warehouse-20-40-10-2-1-even-1_n5_run09,5,9,5,warehouse-20-40-10-2-1.map,False,5000,5000,
warehouse-20-40-10-2-1-even-1_n5_run10,5,10,5,warehouse-20-40-10-2-1.map,False,5000,5000,
warehouse-20-40-10-2-1-even-1_n10_run01,10,1,10,warehouse-20-40-10-2-1.map,False,5000,5000,
warehouse-20-40-10-2-1-even-1_n10_run02,10,2,10,warehouse-20-40-10-2-1.map,False,5000,5000,
warehouse-20-40-10-2-1-even-1_n10_run03,10,3,10,warehouse-20-40-10-2-1.map,False,5000,5000,
warehouse-20-40-10-2-1-even-1_n10_run04,10,4,10,warehouse-20-40-10-2-1.map,False,5000,5000,
warehouse-20-40-10-2-1-even-1_n10_run05,10,5,10,warehouse-20-40-10-2-1.map,False,5000,5000,
warehouse-20-40-10-2-1-even-1_n10_run06,10,6,10,warehouse-20-40-10-2-1.map,False,5000,5000,
warehouse-20-40-10-2-1-even-1_n10_run07,10,7,10,warehouse-20-40-10-2-1.map,False,5000,5000,
warehouse-20-40-10-2-1-even-1_n10_run08,10,8,10,warehouse-20-40-10-2-1.map,False,5000,5000,
warehouse-20-40-10-2-1-even-1_n10_run09,10,9,10,warehouse-20-40-10-2-1.map,False,5000,5000,
warehouse-20-40-10-2-1-even-1_n10_run10,10,10,10,warehouse-20-40-10-2-1.map,False,5000,5000,
warehouse-20-40-10-2-1-even-1_n15_run01,15,1,15,warehouse-20-40-10-2-1.map,False,5000,5000,
warehouse-20-40-10-2-1-even-1_n15_run02,15,2,15,warehouse-20-40-10-2-1.map,False,5000,5000,
warehouse-20-40-10-2-1-even-1_n15_run03,15,3,15,warehouse-20-40-10-2-1.map,False,5000,5000,
warehouse-20-40-10-2-1-even-1_n15_run04,15,4,15,warehouse-20-40-10-2-1.map,False,5000,5000,
warehouse-20-40-10-2-1-even-1_n15_run05,15,5,15,warehouse-20-40-10-2-1.map,False,5000,5000,
warehouse-20-40-10-2-1-even-1_n15_run06,15,6,15,warehouse-20-40-10-2-1.map,False,5000,5000,
warehouse-20-40-10-2-1-even-1_n15_run07,15,7,15,warehouse-20-40-10-2-1.map,False,5000,5000,
warehouse-20-40-10-2-1-even-1_n15_run08,15,8,15,warehouse-20-40-10-2-1.map,False,5000,5000,
warehouse-20-40-10-2-1-even-1_n15_run09,15,9,15,warehouse-20-40-10-2-1.map,False,5000,5000,
warehouse-20-40-10-2-1-even-1_n15_run10,15,10,15,warehouse-20-40-10-2-1.map,False,5000,5000,
warehouse-20-40-10-2-1-even-1_n20_run01,20,1,20,warehouse-20-40-10-2-1.map,False,5000,5000,
warehouse-20-40-10-2-1-even-1_n20_run02,20,2,20,warehouse-20-40-10-2-1.map,False,5000,5000,
warehouse-20-40-10-2-1-even-1_n20_run03,20,3,20,warehouse-20-40-10-2-1.map,False,5000,5000,
warehouse-20-40-10-2-1-even-1_n20_run04,20,4,20,warehouse-20-40-10-2-1.map,False,5000,5000,
warehouse-20-40-10-2-1-even-1_n20_run05,20,5,20,warehouse-20-40-10-2-1.map,False,5000,5000,
warehouse-20-40-10-2-1-even-1_n20_run06,20,6,20,warehouse-20-40-10-2-1.map,False,5000,5000,
warehouse-20-40-10-2-1-even-1_n20_run07,20,7,20,warehouse-20-40-10-2-1.map,False,5000,5000,
warehouse-20-40-10-2-1-even-1_n20_run08,20,8,20,warehouse-20-40-10-2-1.map,False,5000,5000,
warehouse-20-40-10-2-1-even-1_n20_run09,20,9,20,warehouse-20-40-10-2-1.map,False,5000,5000,
warehouse-20-40-10-2-1-even-1_n20_run10,20,10,20,warehouse-20-40-10-2-1.map,False,5000,5000,
warehouse-20-40-10-2-1-even-1_n25_run01,25,1,25,warehouse-20-40-10-2-1.map,False,5000,5000,
warehouse-20-40-10-2-1-even-1_n25_run02,25,2,25,warehouse-20-40-10-2-1.map,False,5000,5000,
warehouse-20-40-10-2-1-even-1_n25_run03,25,3,25,warehouse-20-40-10-2-1.map,False,5000,5000,
warehouse-20-40-10-2-1-even-1_n25_run04,25,4,25,warehouse-20-40-10-2-1.map,False,5000,5000,
warehouse-20-40-10-2-1-even-1_n25_run05,25,5,25,warehouse-20-40-10-2-1.map,False,5000,5000,
warehouse-20-40-10-2-1-even-1_n25_run06,25,6,25,warehouse-20-40-10-2-1.map,False,5000,5000,
warehouse-20-40-10-2-1-even-1_n25_run07,25,7,25,warehouse-20-40-10-2-1.map,False,5000,5000,
warehouse-20-40-10-2-1-even-1_n25_run08,25,8,25,warehouse-20-40-10-2-1.map,False,5000,5000,
warehouse-20-40-10-2-1-even-1_n25_run09,25,9,25,warehouse-20-40-10-2-1.map,False,5000,5000,
warehouse-20-40-10-2-1-even-1_n25_run10,25,10,25,warehouse-20-40-10-2-1.map,False,5000,5000,
warehouse-20-40-10-2-2-even-1_n5_run01,5,1,5,warehouse-20-40-10-2-2.map,False,5000,5000,
warehouse-20-40-10-2-2-even-1_n5_run02,5,2,5,warehouse-20-40-10-2-2.map,False,5000,5000,
warehouse-20-40-10-2-2-even-1_n5_run03,5,3,5,warehouse-20-40-10-2-2.map,False,5000,5000,
warehouse-20-40-10-2-2-even-1_n5_run04,5,4,5,warehouse-20-40-10-2-2.map,False,5000,5000,
warehouse-20-40-10-2-2-even-1_n5_run05,5,5,5,warehouse-20-40-10-2-2.map,False,5000,5000,
warehouse-20-40-10-2-2-even-1_n5_run06,5,6,5,warehouse-20-40-10-2-2.map,False,5000,5000,
warehouse-20-40-10-2-2-even-1_n5_run07,5,7,5,warehouse-20-40-10-2-2.map,False,5000,5000,
warehouse-20-40-10-2-2-even-1_n5_run08,5,8,5,warehouse-20-40-10-2-2.map,False,5000,5000,
warehouse-20-40-10-2-2-even-1_n5_run09,5,9,5,warehouse-20-40-10-2-2.map,False,5000,5000,
warehouse-20-40-10-2-2-even-1_n5_run10,5,10,5,warehouse-20-40-10-2-2.map,False,5000,5000,
warehouse-20-40-10-2-2-even-1_n10_run01,10,1,10,warehouse-20-40-10-2-2.map,False,5000,5000,
warehouse-20-40-10-2-2-even-1_n10_run02,10,2,10,warehouse-20-40-10-2-2.map,False,5000,5000,
warehouse-20-40-10-2-2-even-1_n10_run03,10,3,10,warehouse-20-40-10-2-2.map,False,5000,5000,
warehouse-20-40-10-2-2-even-1_n10_run04,10,4,10,warehouse-20-40-10-2-2.map,False,5000,5000,
warehouse-20-40-10-2-2-even-1_n10_run05,10,5,10,warehouse-20-40-10-2-2.map,False,5000,5000,
warehouse-20-40-10-2-2-even-1_n10_run06,10,6,10,warehouse-20-40-10-2-2.map,False,5000,5000,
warehouse-20-40-10-2-2-even-1_n10_run07,10,7,10,warehouse-20-40-10-2-2.map,False,5000,5000,
warehouse-20-40-10-2-2-even-1_n10_run08,10,8,10,warehouse-20-40-10-2-2.map,False,5000,5000,
warehouse-20-40-10-2-2-even-1_n10_run09,10,9,10,warehouse-20-40-10-2-2.map,False,5000,5000,
warehouse-20-40-10-2-2-even-1_n10_run10,10,10,10,warehouse-20-40-10-2-2.map,False,5000,5000,
warehouse-20-40-10-2-2-even-1_n15_run01,15,1,15,warehouse-20-40-10-2-2.map,False,5000,5000,
warehouse-20-40-10-2-2-even-1_n15_run02,15,2,15,warehouse-20-40-10-2-2.map,False,5000,5000,
warehouse-20-40-10-2-2-even-1_n15_run03,15,3,15,warehouse-20-40-10-2-2.map,False,5000,5000,
warehouse-20-40-10-2-2-even-1_n15_run04,15,4,15,warehouse-20-40-10-2-2.map,False,5000,5000,
warehouse-20-40-10-2-2-even-1_n15_run05,15,5,15,warehouse-20-40-10-2-2.map,False,5000,5000,
warehouse-20-40-10-2-2-even-1_n15_run06,15,6,15,warehouse-20-40-10-2-2.map,False,5000,5000,
warehouse-20-40-10-2-2-even-1_n15_run07,15,7,15,warehouse-20-40-10-2-2.map,False,5000,5000,
warehouse-20-40-10-2-2-even-1_n15_run08,15,8,15,warehouse-20-40-10-2-2.map,False,5000,5000,
warehouse-20-40-10-2-2-even-1_n15_run09,15,9,15,warehouse-20-40-10-2-2.map,False,5000,5000,
warehouse-20-40-10-2-2-even-1_n15_run10,15,10,15,warehouse-20-40-10-2-2.map,False,5000,5000,
warehouse-20-40-10-2-2-even-1_n20_run01,20,1,20,warehouse-20-40-10-2-2.map,False,5000,5000,
warehouse-20-40-10-2-2-even-1_n20_run02,20,2,20,warehouse-20-40-10-2-2.map,False,5000,5000,
warehouse-20-40-10-2-2-even-1_n20_run03,20,3,20,warehouse-20-40-10-2-2.map,False,5000,5000,
warehouse-20-40-10-2-2-even-1_n20_run04,20,4,20,warehouse-20-40-10-2-2.map,False,5000,5000,
warehouse-20-40-10-2-2-even-1_n20_run05,20,5,20,warehouse-20-40-10-2-2.map,False,5000,5000,
warehouse-20-40-10-2-2-even-1_n20_run06,20,6,20,warehouse-20-40-10-2-2.map,False,5000,5000,
warehouse-20-40-10-2-2-even-1_n20_run07,20,7,20,warehouse-20-40-10-2-2.map,False,5000,5000,
warehouse-20-40-10-2-2-even-1_n20_run08,20,8,20,warehouse-20-40-10-2-2.map,False,5000,5000,
warehouse-20-40-10-2-2-even-1_n20_run09,20,9,20,warehouse-20-40-10-2-2.map,False,5000,5000,
warehouse-20-40-10-2-2-even-1_n20_run10,20,10,20,warehouse-20-40-10-2-2.map,False,5000,5000,
warehouse-20-40-10-2-2-even-1_n25_run01,25,1,25,warehouse-20-40-10-2-2.map,False,5000,5000,
warehouse-20-40-10-2-2-even-1_n25_run02,25,2,25,warehouse-20-40-10-2-2.map,False,5000,5000,
warehouse-20-40-10-2-2-even-1_n25_run03,25,3,25,warehouse-20-40-10-2-2.map,False,5000,5000,
warehouse-20-40-10-2-2-even-1_n25_run04,25,4,25,warehouse-20-40-10-2-2.map,False,5000,5000,
warehouse-20-40-10-2-2-even-1_n25_run05,25,5,25,warehouse-20-40-10-2-2.map,False,5000,5000,
warehouse-20-40-10-2-2-even-1_n25_run06,25,6,25,warehouse-20-40-10-2-2.map,False,5000,5000,
warehouse-20-40-10-2-2-even-1_n25_run07,25,7,25,warehouse-20-40-10-2-2.map,False,5000,5000,
warehouse-20-40-10-2-2-even-1_n25_run08,25,8,25,warehouse-20-40-10-2-2.map,False,5000,5000,
warehouse-20-40-10-2-2-even-1_n25_run09,25,9,25,warehouse-20-40-10-2-2.map,False,5000,5000,
warehouse-20-40-10-2-2-even-1_n25_run10,25,10,25,warehouse-20-40-10-2-2.map,False,5000,5000,
