test_case,bucket,num_agents,map_file,completed,steps,max_steps,error
Berlin_1_256-even-1_bucket_11,11,10,Berlin_1_256.map,False,5000,5000,
Berlin_1_256-even-1_bucket_4,4,10,Berlin_1_256.map,False,5000,5000,
Berlin_1_256-even-1_bucket_33,33,10,Berlin_1_256.map,False,5000,5000,
Berlin_1_256-even-1_bucket_42,42,10,Berlin_1_256.map,False,5000,5000,
Berlin_1_256-even-1_bucket_17,17,10,Berlin_1_256.map,False,5000,5000,
Berlin_1_256-even-1_bucket_60,60,10,Berlin_1_256.map,False,5000,5000,
Berlin_1_256-even-1_bucket_46,46,10,Berlin_1_256.map,False,5000,5000,
Berlin_1_256-even-1_bucket_67,67,10,Berlin_1_256.map,False,5000,5000,
Berlin_1_256-even-1_bucket_24,24,10,Berlin_1_256.map,False,5000,5000,
Berlin_1_256-even-1_bucket_26,26,10,Berlin_1_256.map,False,5000,5000,
Berlin_1_256-even-1_bucket_41,41,10,Berlin_1_256.map,False,5000,5000,
Berlin_1_256-even-1_bucket_0,0,10,Berlin_1_256.map,False,5000,5000,
Berlin_1_256-even-1_bucket_27,27,10,Berlin_1_256.map,False,5000,5000,
Berlin_1_256-even-1_bucket_30,30,10,Berlin_1_256.map,False,5000,5000,
Berlin_1_256-even-1_bucket_64,64,10,Berlin_1_256.map,False,5000,5000,
Berlin_1_256-even-1_bucket_39,39,10,Berlin_1_256.map,False,5000,5000,
Berlin_1_256-even-1_bucket_10,10,10,Berlin_1_256.map,False,5000,5000,
Berlin_1_256-even-1_bucket_14,14,10,Berlin_1_256.map,False,5000,5000,
Berlin_1_256-even-1_bucket_3,3,10,Berlin_1_256.map,False,5000,5000,
Berlin_1_256-even-1_bucket_2,2,10,Berlin_1_256.map,False,5000,5000,
Berlin_1_256-even-1_bucket_8,8,10,Berlin_1_256.map,False,5000,5000,
Berlin_1_256-even-1_bucket_37,37,10,Berlin_1_256.map,False,5000,5000,
Berlin_1_256-even-1_bucket_21,21,10,Berlin_1_256.map,False,5000,5000,
Berlin_1_256-even-1_bucket_92,92,10,Berlin_1_256.map,False,5000,5000,
Berlin_1_256-even-1_bucket_86,86,10,Berlin_1_256.map,False,5000,5000,
Berlin_1_256-even-1_bucket_58,58,10,Berlin_1_256.map,False,5000,5000,
Berlin_1_256-even-1_bucket_87,87,10,Berlin_1_256.map,False,5000,5000,
Berlin_1_256-even-1_bucket_85,85,10,Berlin_1_256.map,False,5000,5000,
Berlin_1_256-even-1_bucket_19,19,10,Berlin_1_256.map,False,5000,5000,
Berlin_1_256-even-1_bucket_54,54,10,Berlin_1_256.map,False,5000,5000,
Berlin_1_256-even-1_bucket_31,31,10,Berlin_1_256.map,False,5000,5000,
Berlin_1_256-even-1_bucket_45,45,10,Berlin_1_256.map,False,5000,5000,
Berlin_1_256-even-1_bucket_88,88,10,Berlin_1_256.map,False,5000,5000,
Berlin_1_256-even-1_bucket_43,43,10,Berlin_1_256.map,False,5000,5000,
Berlin_1_256-even-1_bucket_48,48,10,Berlin_1_256.map,False,5000,5000,
Berlin_1_256-even-1_bucket_56,56,10,Berlin_1_256.map,False,5000,5000,
Berlin_1_256-even-1_bucket_59,59,10,Berlin_1_256.map,False,5000,5000,
Berlin_1_256-even-1_bucket_77,77,10,Berlin_1_256.map,False,5000,5000,
Berlin_1_256-even-1_bucket_83,83,10,Berlin_1_256.map,False,5000,5000,
Berlin_1_256-even-1_bucket_51,51,10,Berlin_1_256.map,False,5000,5000,
Berlin_1_256-even-1_bucket_71,71,10,Berlin_1_256.map,False,5000,5000,
Berlin_1_256-even-1_bucket_50,50,10,Berlin_1_256.map,False,5000,5000,
Berlin_1_256-even-1_bucket_35,35,10,Berlin_1_256.map,False,5000,5000,
Berlin_1_256-even-1_bucket_5,5,10,Berlin_1_256.map,False,5000,5000,
Berlin_1_256-even-1_bucket_13,13,10,Berlin_1_256.map,False,5000,5000,
Berlin_1_256-even-1_bucket_23,23,10,Berlin_1_256.map,False,5000,5000,
Berlin_1_256-even-1_bucket_9,9,10,Berlin_1_256.map,False,5000,5000,
Berlin_1_256-even-1_bucket_22,22,10,Berlin_1_256.map,False,5000,5000,
Berlin_1_256-even-1_bucket_28,28,10,Berlin_1_256.map,False,5000,5000,
Berlin_1_256-even-1_bucket_55,55,10,Berlin_1_256.map,False,5000,5000,
Berlin_1_256-even-1_bucket_40,40,10,Berlin_1_256.map,False,5000,5000,
Berlin_1_256-even-1_bucket_29,29,10,Berlin_1_256.map,False,5000,5000,
Berlin_1_256-even-1_bucket_80,80,10,Berlin_1_256.map,False,5000,5000,
Berlin_1_256-even-1_bucket_7,7,10,Berlin_1_256.map,False,5000,5000,
Berlin_1_256-even-1_bucket_66,66,10,Berlin_1_256.map,False,5000,5000,
Berlin_1_256-even-1_bucket_47,47,10,Berlin_1_256.map,False,5000,5000,
Berlin_1_256-even-1_bucket_68,68,10,Berlin_1_256.map,False,5000,5000,
Berlin_1_256-even-1_bucket_79,79,10,Berlin_1_256.map,False,5000,5000,
Berlin_1_256-even-1_bucket_18,18,10,Berlin_1_256.map,False,5000,5000,
Berlin_1_256-even-1_bucket_62,62,10,Berlin_1_256.map,False,5000,5000,
Berlin_1_256-even-1_bucket_73,73,10,Berlin_1_256.map,False,5000,5000,
Berlin_1_256-even-1_bucket_15,15,10,Berlin_1_256.map,False,5000,5000,
Berlin_1_256-even-1_bucket_63,63,10,Berlin_1_256.map,False,5000,5000,
Berlin_1_256-even-1_bucket_57,57,10,Berlin_1_256.map,False,5000,5000,
Berlin_1_256-even-1_bucket_38,38,10,Berlin_1_256.map,False,5000,5000,
Berlin_1_256-even-1_bucket_1,1,10,Berlin_1_256.map,False,5000,5000,
Berlin_1_256-even-1_bucket_93,93,10,Berlin_1_256.map,False,5000,5000,
Berlin_1_256-even-1_bucket_6,6,10,Berlin_1_256.map,False,5000,5000,
Berlin_1_256-even-1_bucket_34,34,10,Berlin_1_256.map,False,5000,5000,
Berlin_1_256-even-1_bucket_70,70,10,Berlin_1_256.map,False,5000,5000,
Berlin_1_256-even-1_bucket_81,81,10,Berlin_1_256.map,False,5000,5000,
Berlin_1_256-even-1_bucket_72,72,10,Berlin_1_256.map,False,5000,5000,
Berlin_1_256-even-1_bucket_53,53,10,Berlin_1_256.map,False,5000,5000,
Berlin_1_256-even-1_bucket_91,91,10,Berlin_1_256.map,False,5000,5000,
Berlin_1_256-even-1_bucket_32,32,10,Berlin_1_256.map,False,5000,5000,
Berlin_1_256-even-1_bucket_16,16,10,Berlin_1_256.map,False,5000,5000,
Berlin_1_256-even-1_bucket_25,25,10,Berlin_1_256.map,False,5000,5000,
Berlin_1_256-even-1_bucket_52,52,10,Berlin_1_256.map,False,5000,5000,
Berlin_1_256-even-1_bucket_94,94,10,Berlin_1_256.map,False,5000,5000,
Berlin_1_256-even-1_bucket_49,49,10,Berlin_1_256.map,False,5000,5000,
Berlin_1_256-even-1_bucket_36,36,10,Berlin_1_256.map,False,5000,5000,
Berlin_1_256-even-1_bucket_82,82,10,Berlin_1_256.map,False,5000,5000,
Berlin_1_256-even-1_bucket_78,78,10,Berlin_1_256.map,False,5000,5000,
Berlin_1_256-even-1_bucket_90,90,10,Berlin_1_256.map,False,5000,5000,
Berlin_1_256-even-1_bucket_61,61,10,Berlin_1_256.map,False,5000,5000,
Berlin_1_256-even-1_bucket_69,69,10,Berlin_1_256.map,False,5000,5000,
Berlin_1_256-even-1_bucket_20,20,10,Berlin_1_256.map,False,5000,5000,
Berlin_1_256-even-1_bucket_76,76,10,Berlin_1_256.map,False,5000,5000,
Berlin_1_256-even-1_bucket_75,75,10,Berlin_1_256.map,False,5000,5000,
Berlin_1_256-even-1_bucket_12,12,10,Berlin_1_256.map,False,5000,5000,
Berlin_1_256-even-1_bucket_84,84,10,Berlin_1_256.map,False,5000,5000,
Berlin_1_256-even-1_bucket_89,89,10,Berlin_1_256.map,False,5000,5000,
Berlin_1_256-even-1_bucket_74,74,10,Berlin_1_256.map,False,5000,5000,
Berlin_1_256-even-1_bucket_44,44,10,Berlin_1_256.map,False,5000,5000,
Berlin_1_256-even-1_bucket_65,65,10,Berlin_1_256.map,False,5000,5000,
Boston_0_256-even-1_bucket_49,49,10,Boston_0_256.map,False,5000,5000,
Boston_0_256-even-1_bucket_19,19,10,Boston_0_256.map,False,5000,5000,
Boston_0_256-even-1_bucket_44,44,10,Boston_0_256.map,False,5000,5000,
Boston_0_256-even-1_bucket_88,88,10,Boston_0_256.map,False,5000,5000,
Boston_0_256-even-1_bucket_27,27,10,Boston_0_256.map,False,5000,5000,
Boston_0_256-even-1_bucket_75,75,10,Boston_0_256.map,False,5000,5000,
Boston_0_256-even-1_bucket_87,87,10,Boston_0_256.map,False,5000,5000,
Boston_0_256-even-1_bucket_72,72,10,Boston_0_256.map,False,5000,5000,
Boston_0_256-even-1_bucket_37,37,10,Boston_0_256.map,False,5000,5000,
Boston_0_256-even-1_bucket_42,42,10,Boston_0_256.map,False,5000,5000,
Boston_0_256-even-1_bucket_81,81,10,Boston_0_256.map,False,5000,5000,
Boston_0_256-even-1_bucket_78,78,10,Boston_0_256.map,False,5000,5000,
Boston_0_256-even-1_bucket_41,41,10,Boston_0_256.map,False,5000,5000,
Boston_0_256-even-1_bucket_69,69,10,Boston_0_256.map,False,5000,5000,
Boston_0_256-even-1_bucket_17,17,10,Boston_0_256.map,False,5000,5000,
Boston_0_256-even-1_bucket_57,57,10,Boston_0_256.map,False,5000,5000,
Boston_0_256-even-1_bucket_60,60,10,Boston_0_256.map,False,5000,5000,
Boston_0_256-even-1_bucket_82,82,10,Boston_0_256.map,False,5000,5000,
Boston_0_256-even-1_bucket_85,85,10,Boston_0_256.map,False,5000,5000,
Boston_0_256-even-1_bucket_80,80,10,Boston_0_256.map,False,5000,5000,
Boston_0_256-even-1_bucket_36,36,10,Boston_0_256.map,False,5000,5000,
Boston_0_256-even-1_bucket_51,51,10,Boston_0_256.map,False,5000,5000,
Boston_0_256-even-1_bucket_91,91,10,Boston_0_256.map,False,5000,5000,
Boston_0_256-even-1_bucket_16,16,10,Boston_0_256.map,False,5000,5000,
Boston_0_256-even-1_bucket_76,76,10,Boston_0_256.map,False,5000,5000,
Boston_0_256-even-1_bucket_68,68,10,Boston_0_256.map,False,5000,5000,
Boston_0_256-even-1_bucket_33,33,10,Boston_0_256.map,False,5000,5000,
Boston_0_256-even-1_bucket_23,23,10,Boston_0_256.map,False,5000,5000,
Boston_0_256-even-1_bucket_31,31,10,Boston_0_256.map,False,5000,5000,
Boston_0_256-even-1_bucket_18,18,10,Boston_0_256.map,False,5000,5000,
Boston_0_256-even-1_bucket_48,48,10,Boston_0_256.map,False,5000,5000,
Boston_0_256-even-1_bucket_71,71,10,Boston_0_256.map,False,5000,5000,
Boston_0_256-even-1_bucket_13,13,10,Boston_0_256.map,False,5000,5000,
Boston_0_256-even-1_bucket_83,83,10,Boston_0_256.map,False,5000,5000,
Boston_0_256-even-1_bucket_58,58,10,Boston_0_256.map,False,5000,5000,
Boston_0_256-even-1_bucket_15,15,10,Boston_0_256.map,False,5000,5000,
Boston_0_256-even-1_bucket_35,35,10,Boston_0_256.map,False,5000,5000,
Boston_0_256-even-1_bucket_62,62,10,Boston_0_256.map,False,5000,5000,
Boston_0_256-even-1_bucket_11,11,10,Boston_0_256.map,False,5000,5000,
Boston_0_256-even-1_bucket_21,21,10,Boston_0_256.map,False,5000,5000,
Boston_0_256-even-1_bucket_67,67,10,Boston_0_256.map,False,5000,5000,
Boston_0_256-even-1_bucket_70,70,10,Boston_0_256.map,False,5000,5000,
Boston_0_256-even-1_bucket_74,74,10,Boston_0_256.map,False,5000,5000,
Boston_0_256-even-1_bucket_5,5,10,Boston_0_256.map,False,5000,5000,
Boston_0_256-even-1_bucket_22,22,10,Boston_0_256.map,False,5000,5000,
Boston_0_256-even-1_bucket_43,43,10,Boston_0_256.map,False,5000,5000,
Boston_0_256-even-1_bucket_46,46,10,Boston_0_256.map,False,5000,5000,
Boston_0_256-even-1_bucket_7,7,10,Boston_0_256.map,False,5000,5000,
Boston_0_256-even-1_bucket_9,9,10,Boston_0_256.map,False,5000,5000,
Boston_0_256-even-1_bucket_63,63,10,Boston_0_256.map,False,5000,5000,
Boston_0_256-even-1_bucket_3,3,10,Boston_0_256.map,False,5000,5000,
Boston_0_256-even-1_bucket_65,65,10,Boston_0_256.map,False,5000,5000,
Boston_0_256-even-1_bucket_39,39,10,Boston_0_256.map,False,5000,5000,
Boston_0_256-even-1_bucket_34,34,10,Boston_0_256.map,False,5000,5000,
Boston_0_256-even-1_bucket_40,40,10,Boston_0_256.map,False,5000,5000,
Boston_0_256-even-1_bucket_56,56,10,Boston_0_256.map,False,5000,5000,
Boston_0_256-even-1_bucket_64,64,10,Boston_0_256.map,False,5000,5000,
Boston_0_256-even-1_bucket_52,52,10,Boston_0_256.map,False,5000,5000,
Boston_0_256-even-1_bucket_29,29,10,Boston_0_256.map,False,5000,5000,
Boston_0_256-even-1_bucket_55,55,10,Boston_0_256.map,False,5000,5000,
Boston_0_256-even-1_bucket_92,92,10,Boston_0_256.map,False,5000,5000,
Boston_0_256-even-1_bucket_86,86,10,Boston_0_256.map,False,5000,5000,
Boston_0_256-even-1_bucket_45,45,10,Boston_0_256.map,False,5000,5000,
Boston_0_256-even-1_bucket_79,79,10,Boston_0_256.map,False,5000,5000,
Boston_0_256-even-1_bucket_1,1,10,Boston_0_256.map,False,5000,5000,
Boston_0_256-even-1_bucket_38,38,10,Boston_0_256.map,False,5000,5000,
Boston_0_256-even-1_bucket_26,26,10,Boston_0_256.map,False,5000,5000,
Boston_0_256-even-1_bucket_28,28,10,Boston_0_256.map,False,5000,5000,
Boston_0_256-even-1_bucket_8,8,10,Boston_0_256.map,False,5000,5000,
Boston_0_256-even-1_bucket_73,73,10,Boston_0_256.map,False,5000,5000,
Boston_0_256-even-1_bucket_10,10,10,Boston_0_256.map,False,5000,5000,
Boston_0_256-even-1_bucket_12,12,10,Boston_0_256.map,False,5000,5000,
Boston_0_256-even-1_bucket_50,50,10,Boston_0_256.map,False,5000,5000,
Boston_0_256-even-1_bucket_30,30,10,Boston_0_256.map,False,5000,5000,
Boston_0_256-even-1_bucket_14,14,10,Boston_0_256.map,False,5000,5000,
Boston_0_256-even-1_bucket_32,32,10,Boston_0_256.map,False,5000,5000,
Boston_0_256-even-1_bucket_94,94,10,Boston_0_256.map,False,5000,5000,
Boston_0_256-even-1_bucket_84,84,10,Boston_0_256.map,False,5000,5000,
Boston_0_256-even-1_bucket_0,0,10,Boston_0_256.map,False,5000,5000,
Boston_0_256-even-1_bucket_20,20,10,Boston_0_256.map,False,5000,5000,
Boston_0_256-even-1_bucket_2,2,10,Boston_0_256.map,False,5000,5000,
Boston_0_256-even-1_bucket_59,59,10,Boston_0_256.map,False,5000,5000,
Boston_0_256-even-1_bucket_66,66,10,Boston_0_256.map,False,5000,5000,
Boston_0_256-even-1_bucket_90,90,10,Boston_0_256.map,False,5000,5000,
Boston_0_256-even-1_bucket_25,25,10,Boston_0_256.map,False,5000,5000,
Boston_0_256-even-1_bucket_6,6,10,Boston_0_256.map,False,5000,5000,
Boston_0_256-even-1_bucket_54,54,10,Boston_0_256.map,False,5000,5000,
Boston_0_256-even-1_bucket_47,47,10,Boston_0_256.map,False,5000,5000,
Boston_0_256-even-1_bucket_24,24,10,Boston_0_256.map,False,5000,5000,
Boston_0_256-even-1_bucket_4,4,10,Boston_0_256.map,False,5000,5000,
Boston_0_256-even-1_bucket_89,89,10,Boston_0_256.map,False,5000,5000,
Boston_0_256-even-1_bucket_77,77,10,Boston_0_256.map,False,5000,5000,
Boston_0_256-even-1_bucket_93,93,10,Boston_0_256.map,False,5000,5000,
Boston_0_256-even-1_bucket_61,61,10,Boston_0_256.map,False,5000,5000,
Boston_0_256-even-1_bucket_53,53,10,Boston_0_256.map,False,5000,5000,
brc202d-even-1_bucket_64,64,10,brc202d.map,False,5000,5000,
brc202d-even-1_bucket_99,99,10,brc202d.map,False,5000,5000,
brc202d-even-1_bucket_82,82,10,brc202d.map,False,5000,5000,
brc202d-even-1_bucket_19,19,10,brc202d.map,False,5000,5000,
brc202d-even-1_bucket_61,61,10,brc202d.map,False,5000,5000,
brc202d-even-1_bucket_223,223,10,brc202d.map,False,5000,5000,
brc202d-even-1_bucket_184,184,10,brc202d.map,False,5000,5000,
brc202d-even-1_bucket_232,232,10,brc202d.map,False,5000,5000,
brc202d-even-1_bucket_101,101,10,brc202d.map,False,5000,5000,
brc202d-even-1_bucket_142,142,10,brc202d.map,False,5000,5000,
brc202d-even-1_bucket_229,229,10,brc202d.map,False,5000,5000,
brc202d-even-1_bucket_201,201,10,brc202d.map,False,5000,5000,
brc202d-even-1_bucket_106,106,10,brc202d.map,False,5000,5000,
brc202d-even-1_bucket_10,10,10,brc202d.map,False,5000,5000,
brc202d-even-1_bucket_210,210,10,brc202d.map,False,5000,5000,
brc202d-even-1_bucket_164,164,10,brc202d.map,False,5000,5000,
brc202d-even-1_bucket_130,130,10,brc202d.map,False,5000,5000,
brc202d-even-1_bucket_189,189,10,brc202d.map,False,5000,5000,
brc202d-even-1_bucket_237,237,10,brc202d.map,False,5000,5000,
brc202d-even-1_bucket_249,249,10,brc202d.map,False,5000,5000,
brc202d-even-1_bucket_68,68,10,brc202d.map,False,5000,5000,
brc202d-even-1_bucket_18,18,10,brc202d.map,False,5000,5000,
brc202d-even-1_bucket_245,245,10,brc202d.map,False,5000,5000,
brc202d-even-1_bucket_73,73,10,brc202d.map,False,5000,5000,
brc202d-even-1_bucket_87,87,10,brc202d.map,False,5000,5000,
brc202d-even-1_bucket_230,230,10,brc202d.map,False,5000,5000,
brc202d-even-1_bucket_224,224,10,brc202d.map,False,5000,5000,
brc202d-even-1_bucket_20,20,10,brc202d.map,False,5000,5000,
brc202d-even-1_bucket_209,209,10,brc202d.map,False,5000,5000,
brc202d-even-1_bucket_135,135,10,brc202d.map,False,5000,5000,
brc202d-even-1_bucket_213,213,10,brc202d.map,False,5000,5000,
brc202d-even-1_bucket_154,154,10,brc202d.map,False,5000,5000,
brc202d-even-1_bucket_234,234,10,brc202d.map,False,5000,5000,
brc202d-even-1_bucket_14,14,10,brc202d.map,False,5000,5000,
brc202d-even-1_bucket_115,115,10,brc202d.map,False,5000,5000,
brc202d-even-1_bucket_8,8,10,brc202d.map,False,5000,5000,
brc202d-even-1_bucket_29,29,10,brc202d.map,False,5000,5000,
brc202d-even-1_bucket_25,25,10,brc202d.map,False,5000,5000,
brc202d-even-1_bucket_215,215,10,brc202d.map,False,5000,5000,
brc202d-even-1_bucket_157,157,10,brc202d.map,False,5000,5000,
brc202d-even-1_bucket_193,193,10,brc202d.map,False,5000,5000,
brc202d-even-1_bucket_198,198,10,brc202d.map,False,5000,5000,
brc202d-even-1_bucket_235,235,10,brc202d.map,False,5000,5000,
brc202d-even-1_bucket_59,59,10,brc202d.map,False,5000,5000,
brc202d-even-1_bucket_75,75,10,brc202d.map,False,5000,5000,
brc202d-even-1_bucket_134,134,10,brc202d.map,False,5000,5000,
brc202d-even-1_bucket_58,58,10,brc202d.map,False,5000,5000,
brc202d-even-1_bucket_205,205,10,brc202d.map,False,5000,5000,
brc202d-even-1_bucket_185,185,10,brc202d.map,False,5000,5000,
brc202d-even-1_bucket_78,78,10,brc202d.map,False,5000,5000,
brc202d-even-1_bucket_23,23,10,brc202d.map,False,5000,5000,
brc202d-even-1_bucket_83,83,10,brc202d.map,False,5000,5000,
brc202d-even-1_bucket_9,9,10,brc202d.map,False,5000,5000,
brc202d-even-1_bucket_17,17,10,brc202d.map,False,5000,5000,
brc202d-even-1_bucket_74,74,10,brc202d.map,False,5000,5000,
brc202d-even-1_bucket_31,31,10,brc202d.map,False,5000,5000,
brc202d-even-1_bucket_79,79,10,brc202d.map,False,5000,5000,
brc202d-even-1_bucket_133,133,10,brc202d.map,False,5000,5000,
brc202d-even-1_bucket_122,122,10,brc202d.map,False,5000,5000,
brc202d-even-1_bucket_236,236,10,brc202d.map,False,5000,5000,
brc202d-even-1_bucket_92,92,10,brc202d.map,False,5000,5000,
brc202d-even-1_bucket_145,145,10,brc202d.map,False,5000,5000,
brc202d-even-1_bucket_104,104,10,brc202d.map,False,5000,5000,
brc202d-even-1_bucket_241,241,10,brc202d.map,False,5000,5000,
brc202d-even-1_bucket_80,80,10,brc202d.map,False,5000,5000,
brc202d-even-1_bucket_13,13,10,brc202d.map,False,5000,5000,
brc202d-even-1_bucket_197,197,10,brc202d.map,False,5000,5000,
brc202d-even-1_bucket_208,208,10,brc202d.map,False,5000,5000,
brc202d-even-1_bucket_53,53,10,brc202d.map,False,5000,5000,
brc202d-even-1_bucket_103,103,10,brc202d.map,False,5000,5000,
brc202d-even-1_bucket_121,121,10,brc202d.map,False,5000,5000,
brc202d-even-1_bucket_109,109,10,brc202d.map,False,5000,5000,
brc202d-even-1_bucket_126,126,10,brc202d.map,False,5000,5000,
brc202d-even-1_bucket_34,34,10,brc202d.map,False,5000,5000,
brc202d-even-1_bucket_32,32,10,brc202d.map,False,5000,5000,
brc202d-even-1_bucket_136,136,10,brc202d.map,False,5000,5000,
brc202d-even-1_bucket_85,85,10,brc202d.map,False,5000,5000,
brc202d-even-1_bucket_207,207,10,brc202d.map,False,5000,5000,
brc202d-even-1_bucket_195,195,10,brc202d.map,False,5000,5000,
brc202d-even-1_bucket_231,231,10,brc202d.map,False,5000,5000,
brc202d-even-1_bucket_190,190,10,brc202d.map,False,5000,5000,
brc202d-even-1_bucket_94,94,10,brc202d.map,False,5000,5000,
brc202d-even-1_bucket_175,175,10,brc202d.map,False,5000,5000,
brc202d-even-1_bucket_191,191,10,brc202d.map,False,5000,5000,
brc202d-even-1_bucket_143,143,10,brc202d.map,False,5000,5000,
brc202d-even-1_bucket_240,240,10,brc202d.map,False,5000,5000,
brc202d-even-1_bucket_252,252,10,brc202d.map,False,5000,5000,
brc202d-even-1_bucket_30,30,10,brc202d.map,False,5000,5000,
brc202d-even-1_bucket_70,70,10,brc202d.map,False,5000,5000,
brc202d-even-1_bucket_171,171,10,brc202d.map,False,5000,5000,
brc202d-even-1_bucket_77,77,10,brc202d.map,False,5000,5000,
brc202d-even-1_bucket_26,26,10,brc202d.map,False,5000,5000,
brc202d-even-1_bucket_178,178,10,brc202d.map,False,5000,5000,
brc202d-even-1_bucket_39,39,10,brc202d.map,False,5000,5000,
brc202d-even-1_bucket_45,45,10,brc202d.map,False,5000,5000,
brc202d-even-1_bucket_90,90,10,brc202d.map,False,5000,5000,
brc202d-even-1_bucket_244,244,10,brc202d.map,False,5000,5000,
brc202d-even-1_bucket_118,118,10,brc202d.map,False,5000,5000,
brc202d-even-1_bucket_40,40,10,brc202d.map,False,5000,5000,
brc202d-even-1_bucket_117,117,10,brc202d.map,False,5000,5000,
brc202d-even-1_bucket_72,72,10,brc202d.map,False,5000,5000,
brc202d-even-1_bucket_129,129,10,brc202d.map,False,5000,5000,
brc202d-even-1_bucket_28,28,10,brc202d.map,False,5000,5000,
brc202d-even-1_bucket_52,52,10,brc202d.map,False,5000,5000,
brc202d-even-1_bucket_179,179,10,brc202d.map,False,5000,5000,
brc202d-even-1_bucket_44,44,10,brc202d.map,False,5000,5000,
brc202d-even-1_bucket_221,221,10,brc202d.map,False,5000,5000,
brc202d-even-1_bucket_113,113,10,brc202d.map,False,5000,5000,
brc202d-even-1_bucket_146,146,10,brc202d.map,False,5000,5000,
brc202d-even-1_bucket_181,181,10,brc202d.map,False,5000,5000,
brc202d-even-1_bucket_91,91,10,brc202d.map,False,5000,5000,
brc202d-even-1_bucket_206,206,10,brc202d.map,False,5000,5000,
brc202d-even-1_bucket_174,174,10,brc202d.map,False,5000,5000,
brc202d-even-1_bucket_169,169,10,brc202d.map,False,5000,5000,
brc202d-even-1_bucket_220,220,10,brc202d.map,False,5000,5000,
brc202d-even-1_bucket_60,60,10,brc202d.map,False,5000,5000,
brc202d-even-1_bucket_107,107,10,brc202d.map,False,5000,5000,
brc202d-even-1_bucket_139,139,10,brc202d.map,False,5000,5000,
brc202d-even-1_bucket_251,251,10,brc202d.map,False,5000,5000,
brc202d-even-1_bucket_159,159,10,brc202d.map,False,5000,5000,
brc202d-even-1_bucket_176,176,10,brc202d.map,False,5000,5000,
brc202d-even-1_bucket_35,35,10,brc202d.map,False,5000,5000,
brc202d-even-1_bucket_119,119,10,brc202d.map,False,5000,5000,
brc202d-even-1_bucket_41,41,10,brc202d.map,False,5000,5000,
brc202d-even-1_bucket_47,47,10,brc202d.map,False,5000,5000,
brc202d-even-1_bucket_214,214,10,brc202d.map,False,5000,5000,
brc202d-even-1_bucket_166,166,10,brc202d.map,False,5000,5000,
brc202d-even-1_bucket_95,95,10,brc202d.map,False,5000,5000,
brc202d-even-1_bucket_62,62,10,brc202d.map,False,5000,5000,
brc202d-even-1_bucket_111,111,10,brc202d.map,False,5000,5000,
brc202d-even-1_bucket_96,96,10,brc202d.map,False,5000,5000,
brc202d-even-1_bucket_110,110,10,brc202d.map,False,5000,5000,
brc202d-even-1_bucket_153,153,10,brc202d.map,False,5000,5000,
brc202d-even-1_bucket_152,152,10,brc202d.map,False,5000,5000,
brc202d-even-1_bucket_5,5,10,brc202d.map,False,5000,5000,
brc202d-even-1_bucket_250,250,10,brc202d.map,False,5000,5000,
brc202d-even-1_bucket_226,226,10,brc202d.map,False,5000,5000,
brc202d-even-1_bucket_228,228,10,brc202d.map,False,5000,5000,
brc202d-even-1_bucket_131,131,10,brc202d.map,False,5000,5000,
brc202d-even-1_bucket_51,51,10,brc202d.map,False,5000,5000,
brc202d-even-1_bucket_54,54,10,brc202d.map,False,5000,5000,
brc202d-even-1_bucket_71,71,10,brc202d.map,False,5000,5000,
brc202d-even-1_bucket_43,43,10,brc202d.map,False,5000,5000,
brc202d-even-1_bucket_124,124,10,brc202d.map,False,5000,5000,
brc202d-even-1_bucket_46,46,10,brc202d.map,False,5000,5000,
brc202d-even-1_bucket_22,22,10,brc202d.map,False,5000,5000,
brc202d-even-1_bucket_3,3,10,brc202d.map,False,5000,5000,
brc202d-even-1_bucket_246,246,10,brc202d.map,False,5000,5000,
brc202d-even-1_bucket_141,141,10,brc202d.map,False,5000,5000,
brc202d-even-1_bucket_158,158,10,brc202d.map,False,5000,5000,
brc202d-even-1_bucket_212,212,10,brc202d.map,False,5000,5000,
brc202d-even-1_bucket_33,33,10,brc202d.map,False,5000,5000,
brc202d-even-1_bucket_242,242,10,brc202d.map,False,5000,5000,
brc202d-even-1_bucket_36,36,10,brc202d.map,False,5000,5000,
brc202d-even-1_bucket_24,24,10,brc202d.map,False,5000,5000,
brc202d-even-1_bucket_65,65,10,brc202d.map,False,5000,5000,
brc202d-even-1_bucket_188,188,10,brc202d.map,False,5000,5000,
brc202d-even-1_bucket_149,149,10,brc202d.map,False,5000,5000,
brc202d-even-1_bucket_183,183,10,brc202d.map,False,5000,5000,
brc202d-even-1_bucket_4,4,10,brc202d.map,False,5000,5000,
brc202d-even-1_bucket_27,27,10,brc202d.map,False,5000,5000,
brc202d-even-1_bucket_140,140,10,brc202d.map,False,5000,5000,
brc202d-even-1_bucket_112,112,10,brc202d.map,False,5000,5000,
brc202d-even-1_bucket_93,93,10,brc202d.map,False,5000,5000,
brc202d-even-1_bucket_116,116,10,brc202d.map,False,5000,5000,
brc202d-even-1_bucket_187,187,10,brc202d.map,False,5000,5000,
brc202d-even-1_bucket_248,248,10,brc202d.map,False,5000,5000,
brc202d-even-1_bucket_127,127,10,brc202d.map,False,5000,5000,
brc202d-even-1_bucket_89,89,10,brc202d.map,False,5000,5000,
brc202d-even-1_bucket_100,100,10,brc202d.map,False,5000,5000,
brc202d-even-1_bucket_163,163,10,brc202d.map,False,5000,5000,
brc202d-even-1_bucket_6,6,10,brc202d.map,False,5000,5000,
brc202d-even-1_bucket_200,200,10,brc202d.map,False,5000,5000,
brc202d-even-1_bucket_138,138,10,brc202d.map,False,5000,5000,
brc202d-even-1_bucket_15,15,10,brc202d.map,False,5000,5000,
brc202d-even-1_bucket_194,194,10,brc202d.map,False,5000,5000,
brc202d-even-1_bucket_105,105,10,brc202d.map,False,5000,5000,
brc202d-even-1_bucket_216,216,10,brc202d.map,False,5000,5000,
brc202d-even-1_bucket_186,186,10,brc202d.map,False,5000,5000,
brc202d-even-1_bucket_219,219,10,brc202d.map,False,5000,5000,
brc202d-even-1_bucket_114,114,10,brc202d.map,False,5000,5000,
brc202d-even-1_bucket_177,177,10,brc202d.map,False,5000,5000,
brc202d-even-1_bucket_7,7,10,brc202d.map,False,5000,5000,
brc202d-even-1_bucket_128,128,10,brc202d.map,False,5000,5000,
brc202d-even-1_bucket_160,160,10,brc202d.map,False,5000,5000,
brc202d-even-1_bucket_211,211,10,brc202d.map,False,5000,5000,
brc202d-even-1_bucket_180,180,10,brc202d.map,False,5000,5000,
brc202d-even-1_bucket_48,48,10,brc202d.map,False,5000,5000,
brc202d-even-1_bucket_86,86,10,brc202d.map,False,5000,5000,
brc202d-even-1_bucket_144,144,10,brc202d.map,False,5000,5000,
brc202d-even-1_bucket_202,202,10,brc202d.map,False,5000,5000,
brc202d-even-1_bucket_161,161,10,brc202d.map,False,5000,5000,
brc202d-even-1_bucket_81,81,10,brc202d.map,False,5000,5000,
brc202d-even-1_bucket_199,199,10,brc202d.map,False,5000,5000,
brc202d-even-1_bucket_12,12,10,brc202d.map,False,5000,5000,
brc202d-even-1_bucket_151,151,10,brc202d.map,False,5000,5000,
brc202d-even-1_bucket_108,108,10,brc202d.map,False,5000,5000,
brc202d-even-1_bucket_196,196,10,brc202d.map,False,5000,5000,
brc202d-even-1_bucket_42,42,10,brc202d.map,False,5000,5000,
brc202d-even-1_bucket_247,247,10,brc202d.map,False,5000,5000,
brc202d-even-1_bucket_222,222,10,brc202d.map,False,5000,5000,
brc202d-even-1_bucket_98,98,10,brc202d.map,False,5000,5000,
brc202d-even-1_bucket_84,84,10,brc202d.map,False,5000,5000,
brc202d-even-1_bucket_217,217,10,brc202d.map,False,5000,5000,
brc202d-even-1_bucket_165,165,10,brc202d.map,False,5000,5000,
brc202d-even-1_bucket_147,147,10,brc202d.map,False,5000,5000,
brc202d-even-1_bucket_0,0,10,brc202d.map,False,5000,5000,
brc202d-even-1_bucket_233,233,10,brc202d.map,False,5000,5000,
brc202d-even-1_bucket_76,76,10,brc202d.map,False,5000,5000,
brc202d-even-1_bucket_11,11,10,brc202d.map,False,5000,5000,
brc202d-even-1_bucket_66,66,10,brc202d.map,False,5000,5000,
brc202d-even-1_bucket_1,1,10,brc202d.map,False,5000,5000,
brc202d-even-1_bucket_173,173,10,brc202d.map,False,5000,5000,
brc202d-even-1_bucket_170,170,10,brc202d.map,False,5000,5000,
brc202d-even-1_bucket_120,120,10,brc202d.map,False,5000,5000,
brc202d-even-1_bucket_97,97,10,brc202d.map,False,5000,5000,
brc202d-even-1_bucket_57,57,10,brc202d.map,False,5000,5000,
brc202d-even-1_bucket_218,218,10,brc202d.map,False,5000,5000,
brc202d-even-1_bucket_125,125,10,brc202d.map,False,5000,5000,
brc202d-even-1_bucket_67,67,10,brc202d.map,False,5000,5000,
brc202d-even-1_bucket_102,102,10,brc202d.map,False,5000,5000,
brc202d-even-1_bucket_148,148,10,brc202d.map,False,5000,5000,
brc202d-even-1_bucket_203,203,10,brc202d.map,False,5000,5000,
brc202d-even-1_bucket_162,162,10,brc202d.map,False,5000,5000,
brc202d-even-1_bucket_56,56,10,brc202d.map,False,5000,5000,
brc202d-even-1_bucket_55,55,10,brc202d.map,False,5000,5000,
brc202d-even-1_bucket_156,156,10,brc202d.map,False,5000,5000,
brc202d-even-1_bucket_182,182,10,brc202d.map,False,5000,5000,
brc202d-even-1_bucket_16,16,10,brc202d.map,False,5000,5000,
brc202d-even-1_bucket_239,239,10,brc202d.map,False,5000,5000,
brc202d-even-1_bucket_88,88,10,brc202d.map,False,5000,5000,
brc202d-even-1_bucket_2,2,10,brc202d.map,False,5000,5000,
brc202d-even-1_bucket_132,132,10,brc202d.map,False,5000,5000,
brc202d-even-1_bucket_21,21,10,brc202d.map,False,5000,5000,
brc202d-even-1_bucket_50,50,10,brc202d.map,False,5000,5000,
brc202d-even-1_bucket_38,38,10,brc202d.map,False,5000,5000,
brc202d-even-1_bucket_243,243,10,brc202d.map,False,5000,5000,
brc202d-even-1_bucket_238,238,10,brc202d.map,False,5000,5000,
brc202d-even-1_bucket_49,49,10,brc202d.map,False,5000,5000,
brc202d-even-1_bucket_155,155,10,brc202d.map,False,5000,5000,
brc202d-even-1_bucket_192,192,10,brc202d.map,False,5000,5000,
brc202d-even-1_bucket_167,167,10,brc202d.map,False,5000,5000,
brc202d-even-1_bucket_123,123,10,brc202d.map,False,5000,5000,
brc202d-even-1_bucket_63,63,10,brc202d.map,False,5000,5000,
brc202d-even-1_bucket_172,172,10,brc202d.map,False,5000,5000,
brc202d-even-1_bucket_69,69,10,brc202d.map,False,5000,5000,
brc202d-even-1_bucket_168,168,10,brc202d.map,False,5000,5000,
brc202d-even-1_bucket_37,37,10,brc202d.map,False,5000,5000,
brc202d-even-1_bucket_150,150,10,brc202d.map,False,5000,5000,
brc202d-even-1_bucket_204,204,10,brc202d.map,False,5000,5000,
brc202d-even-1_bucket_225,225,10,brc202d.map,False,5000,5000,
brc202d-even-1_bucket_227,227,10,brc202d.map,False,5000,5000,
brc202d-even-1_bucket_137,137,10,brc202d.map,False,5000,5000,
den312d-even-1_bucket_11,11,10,den312d.map,False,5000,5000,
den312d-even-1_bucket_8,8,10,den312d.map,False,5000,5000,
den312d-even-1_bucket_22,22,10,den312d.map,False,5000,5000,
den312d-even-1_bucket_7,7,10,den312d.map,False,5000,5000,
den312d-even-1_bucket_12,12,10,den312d.map,False,5000,5000,
den312d-even-1_bucket_15,15,10,den312d.map,False,5000,5000,
den312d-even-1_bucket_5,5,10,den312d.map,False,5000,5000,
den312d-even-1_bucket_24,24,10,den312d.map,False,5000,5000,
den312d-even-1_bucket_18,18,10,den312d.map,False,5000,5000,
den312d-even-1_bucket_16,16,10,den312d.map,False,5000,5000,
den312d-even-1_bucket_14,14,10,den312d.map,False,5000,5000,
den312d-even-1_bucket_2,2,10,den312d.map,False,5000,5000,
den312d-even-1_bucket_21,21,10,den312d.map,False,5000,5000,
den312d-even-1_bucket_13,13,10,den312d.map,False,5000,5000,
den312d-even-1_bucket_25,25,10,den312d.map,False,5000,5000,
den312d-even-1_bucket_3,3,10,den312d.map,False,5000,5000,
den312d-even-1_bucket_20,20,10,den312d.map,False,5000,5000,
den312d-even-1_bucket_9,9,10,den312d.map,False,5000,5000,
den312d-even-1_bucket_4,4,10,den312d.map,False,5000,5000,
den312d-even-1_bucket_1,1,10,den312d.map,False,5000,5000,
den312d-even-1_bucket_26,26,10,den312d.map,False,5000,5000,
den312d-even-1_bucket_0,0,10,den312d.map,False,5000,5000,
den312d-even-1_bucket_10,10,10,den312d.map,False,5000,5000,
den312d-even-1_bucket_23,23,10,den312d.map,False,5000,5000,
den312d-even-1_bucket_28,28,10,den312d.map,False,5000,5000,
den312d-even-1_bucket_19,19,10,den312d.map,False,5000,5000,
den312d-even-1_bucket_6,6,10,den312d.map,False,5000,5000,
den312d-even-1_bucket_17,17,10,den312d.map,False,5000,5000,
den312d-even-1_bucket_27,27,10,den312d.map,False,5000,5000,
den520d-even-1_bucket_25,25,10,den520d.map,False,5000,5000,
den520d-even-1_bucket_85,85,10,den520d.map,False,5000,5000,
den520d-even-1_bucket_31,31,10,den520d.map,False,5000,5000,
den520d-even-1_bucket_46,46,10,den520d.map,False,5000,5000,
den520d-even-1_bucket_20,20,10,den520d.map,False,5000,5000,
den520d-even-1_bucket_84,84,10,den520d.map,False,5000,5000,
den520d-even-1_bucket_18,18,10,den520d.map,False,5000,5000,
den520d-even-1_bucket_53,53,10,den520d.map,False,5000,5000,
den520d-even-1_bucket_13,13,10,den520d.map,False,5000,5000,
den520d-even-1_bucket_26,26,10,den520d.map,False,5000,5000,
den520d-even-1_bucket_51,51,10,den520d.map,False,5000,5000,
den520d-even-1_bucket_81,81,10,den520d.map,False,5000,5000,
den520d-even-1_bucket_42,42,10,den520d.map,False,5000,5000,
den520d-even-1_bucket_60,60,10,den520d.map,False,5000,5000,
den520d-even-1_bucket_79,79,10,den520d.map,False,5000,5000,
den520d-even-1_bucket_49,49,10,den520d.map,False,5000,5000,
den520d-even-1_bucket_4,4,10,den520d.map,False,5000,5000,
den520d-even-1_bucket_54,54,10,den520d.map,False,5000,5000,
den520d-even-1_bucket_7,7,10,den520d.map,False,5000,5000,
den520d-even-1_bucket_5,5,10,den520d.map,False,5000,5000,
den520d-even-1_bucket_17,17,10,den520d.map,False,5000,5000,
den520d-even-1_bucket_29,29,10,den520d.map,False,5000,5000,
den520d-even-1_bucket_63,63,10,den520d.map,False,5000,5000,
den520d-even-1_bucket_24,24,10,den520d.map,False,5000,5000,
den520d-even-1_bucket_61,61,10,den520d.map,False,5000,5000,
den520d-even-1_bucket_57,57,10,den520d.map,False,5000,5000,
den520d-even-1_bucket_80,80,10,den520d.map,False,5000,5000,
den520d-even-1_bucket_82,82,10,den520d.map,False,5000,5000,
den520d-even-1_bucket_71,71,10,den520d.map,False,5000,5000,
den520d-even-1_bucket_74,74,10,den520d.map,False,5000,5000,
den520d-even-1_bucket_36,36,10,den520d.map,False,5000,5000,
den520d-even-1_bucket_50,50,10,den520d.map,False,5000,5000,
den520d-even-1_bucket_39,39,10,den520d.map,False,5000,5000,
den520d-even-1_bucket_10,10,10,den520d.map,False,5000,5000,
den520d-even-1_bucket_67,67,10,den520d.map,False,5000,5000,
den520d-even-1_bucket_9,9,10,den520d.map,False,5000,5000,
den520d-even-1_bucket_44,44,10,den520d.map,False,5000,5000,
den520d-even-1_bucket_56,56,10,den520d.map,False,5000,5000,
den520d-even-1_bucket_32,32,10,den520d.map,False,5000,5000,
den520d-even-1_bucket_72,72,10,den520d.map,False,5000,5000,
den520d-even-1_bucket_0,0,10,den520d.map,False,5000,5000,
den520d-even-1_bucket_12,12,10,den520d.map,False,5000,5000,
den520d-even-1_bucket_45,45,10,den520d.map,False,5000,5000,
den520d-even-1_bucket_55,55,10,den520d.map,False,5000,5000,
den520d-even-1_bucket_1,1,10,den520d.map,False,5000,5000,
den520d-even-1_bucket_58,58,10,den520d.map,False,5000,5000,
den520d-even-1_bucket_2,2,10,den520d.map,False,5000,5000,
den520d-even-1_bucket_22,22,10,den520d.map,False,5000,5000,
den520d-even-1_bucket_15,15,10,den520d.map,False,5000,5000,
den520d-even-1_bucket_47,47,10,den520d.map,False,5000,5000,
den520d-even-1_bucket_77,77,10,den520d.map,False,5000,5000,
den520d-even-1_bucket_41,41,10,den520d.map,False,5000,5000,
den520d-even-1_bucket_14,14,10,den520d.map,False,5000,5000,
den520d-even-1_bucket_76,76,10,den520d.map,False,5000,5000,
den520d-even-1_bucket_35,35,10,den520d.map,False,5000,5000,
den520d-even-1_bucket_83,83,10,den520d.map,False,5000,5000,
den520d-even-1_bucket_62,62,10,den520d.map,False,5000,5000,
den520d-even-1_bucket_11,11,10,den520d.map,False,5000,5000,
den520d-even-1_bucket_68,68,10,den520d.map,False,5000,5000,
den520d-even-1_bucket_75,75,10,den520d.map,False,5000,5000,
den520d-even-1_bucket_37,37,10,den520d.map,False,5000,5000,
den520d-even-1_bucket_23,23,10,den520d.map,False,5000,5000,
den520d-even-1_bucket_28,28,10,den520d.map,False,5000,5000,
den520d-even-1_bucket_34,34,10,den520d.map,False,5000,5000,
den520d-even-1_bucket_73,73,10,den520d.map,False,5000,5000,
den520d-even-1_bucket_30,30,10,den520d.map,False,5000,5000,
den520d-even-1_bucket_78,78,10,den520d.map,False,5000,5000,
den520d-even-1_bucket_52,52,10,den520d.map,False,5000,5000,
den520d-even-1_bucket_16,16,10,den520d.map,False,5000,5000,
den520d-even-1_bucket_70,70,10,den520d.map,False,5000,5000,
den520d-even-1_bucket_48,48,10,den520d.map,False,5000,5000,
den520d-even-1_bucket_19,19,10,den520d.map,False,5000,5000,
den520d-even-1_bucket_33,33,10,den520d.map,False,5000,5000,
den520d-even-1_bucket_8,8,10,den520d.map,False,5000,5000,
den520d-even-1_bucket_38,38,10,den520d.map,False,5000,5000,
den520d-even-1_bucket_43,43,10,den520d.map,False,5000,5000,
den520d-even-1_bucket_59,59,10,den520d.map,False,5000,5000,
den520d-even-1_bucket_64,64,10,den520d.map,False,5000,5000,
den520d-even-1_bucket_6,6,10,den520d.map,False,5000,5000,
den520d-even-1_bucket_27,27,10,den520d.map,False,5000,5000,
den520d-even-1_bucket_66,66,10,den520d.map,False,5000,5000,
den520d-even-1_bucket_3,3,10,den520d.map,False,5000,5000,
den520d-even-1_bucket_40,40,10,den520d.map,False,5000,5000,
den520d-even-1_bucket_65,65,10,den520d.map,False,5000,5000,
den520d-even-1_bucket_21,21,10,den520d.map,False,5000,5000,
den520d-even-1_bucket_69,69,10,den520d.map,False,5000,5000,
empty-16-16-even-1_bucket_0,0,14,empty-16-16.map,False,5000,5000,
empty-16-16-even-1_bucket_3,3,30,empty-16-16.map,False,5000,5000,
empty-16-16-even-1_bucket_1,1,38,empty-16-16.map,False,5000,5000,
empty-16-16-even-1_bucket_4,4,5,empty-16-16.map,True,72,5000,
empty-16-16-even-1_bucket_2,2,41,empty-16-16.map,False,5000,5000,
empty-32-32-even-1_bucket_2,2,76,empty-32-32.map,False,5000,5000,
empty-32-32-even-1_bucket_4,4,77,empty-32-32.map,False,5000,5000,
empty-32-32-even-1_bucket_3,3,77,empty-32-32.map,False,5000,5000,
empty-32-32-even-1_bucket_5,5,80,empty-32-32.map,False,5000,5000,
empty-32-32-even-1_bucket_7,7,48,empty-32-32.map,False,5000,5000,
empty-32-32-even-1_bucket_6,6,57,empty-32-32.map,False,5000,5000,
empty-32-32-even-1_bucket_0,0,20,empty-32-32.map,False,5000,5000,
empty-32-32-even-1_bucket_1,1,63,empty-32-32.map,False,5000,5000,
empty-32-32-even-1_bucket_8,8,10,empty-32-32.map,False,5000,5000,
empty-32-32-even-1_bucket_10,10,1,empty-32-32.map,True,63,5000,
empty-32-32-even-1_bucket_9,9,3,empty-32-32.map,True,178,5000,
empty-48-48-even-1_bucket_4,4,125,empty-48-48.map,False,5000,5000,
empty-48-48-even-1_bucket_3,3,119,empty-48-48.map,False,5000,5000,
empty-48-48-even-1_bucket_12,12,35,empty-48-48.map,True,598,5000,
empty-48-48-even-1_bucket_6,6,142,empty-48-48.map,False,5000,5000,
empty-48-48-even-1_bucket_8,8,118,empty-48-48.map,False,5000,5000,
empty-48-48-even-1_bucket_5,5,130,empty-48-48.map,False,5000,5000,
empty-48-48-even-1_bucket_0,0,27,empty-48-48.map,True,2884,5000,
empty-48-48-even-1_bucket_11,11,50,empty-48-48.map,False,5000,5000,
empty-48-48-even-1_bucket_9,9,85,empty-48-48.map,True,1120,5000,
empty-48-48-even-1_bucket_10,10,69,empty-48-48.map,True,2626,5000,
empty-48-48-even-1_bucket_7,7,91,empty-48-48.map,True,3025,5000,
empty-48-48-even-1_bucket_2,2,97,empty-48-48.map,False,5000,5000,
empty-48-48-even-1_bucket_1,1,41,empty-48-48.map,False,5000,5000,
empty-48-48-even-1_bucket_13,13,14,empty-48-48.map,True,411,5000,
empty-48-48-even-1_bucket_14,14,7,empty-48-48.map,True,277,5000,
empty-48-48-even-1_bucket_16,16,1,empty-48-48.map,True,290,5000,
empty-48-48-even-1_bucket_15,15,1,empty-48-48.map,True,99,5000,
empty-8-8-even-1_bucket_0,0,18,empty-8-8.map,False,5000,5000,
empty-8-8-even-1_bucket_1,1,14,empty-8-8.map,False,5000,5000,
ht_chantry-even-1_bucket_41,41,10,ht_chantry.map,False,5000,5000,
ht_chantry-even-1_bucket_15,15,10,ht_chantry.map,False,5000,5000,
ht_chantry-even-1_bucket_7,7,10,ht_chantry.map,False,5000,5000,
ht_chantry-even-1_bucket_30,30,10,ht_chantry.map,False,5000,5000,
ht_chantry-even-1_bucket_45,45,10,ht_chantry.map,False,5000,5000,
ht_chantry-even-1_bucket_23,23,10,ht_chantry.map,False,5000,5000,
ht_chantry-even-1_bucket_44,44,10,ht_chantry.map,False,5000,5000,
ht_chantry-even-1_bucket_37,37,10,ht_chantry.map,False,5000,5000,
ht_chantry-even-1_bucket_2,2,10,ht_chantry.map,False,5000,5000,
ht_chantry-even-1_bucket_35,35,10,ht_chantry.map,False,5000,5000,
ht_chantry-even-1_bucket_3,3,10,ht_chantry.map,False,5000,5000,
ht_chantry-even-1_bucket_12,12,10,ht_chantry.map,False,5000,5000,
ht_chantry-even-1_bucket_5,5,10,ht_chantry.map,False,5000,5000,
ht_chantry-even-1_bucket_31,31,10,ht_chantry.map,False,5000,5000,
ht_chantry-even-1_bucket_34,34,10,ht_chantry.map,False,5000,5000,
ht_chantry-even-1_bucket_18,18,10,ht_chantry.map,False,5000,5000,
ht_chantry-even-1_bucket_43,43,10,ht_chantry.map,False,5000,5000,
ht_chantry-even-1_bucket_32,32,10,ht_chantry.map,False,5000,5000,
ht_chantry-even-1_bucket_0,0,10,ht_chantry.map,False,5000,5000,
ht_chantry-even-1_bucket_20,20,10,ht_chantry.map,False,5000,5000,
ht_chantry-even-1_bucket_26,26,10,ht_chantry.map,False,5000,5000,
ht_chantry-even-1_bucket_11,11,10,ht_chantry.map,False,5000,5000,
ht_chantry-even-1_bucket_28,28,10,ht_chantry.map,False,5000,5000,
ht_chantry-even-1_bucket_9,9,10,ht_chantry.map,False,5000,5000,
ht_chantry-even-1_bucket_1,1,10,ht_chantry.map,False,5000,5000,
ht_chantry-even-1_bucket_27,27,10,ht_chantry.map,False,5000,5000,
ht_chantry-even-1_bucket_13,13,10,ht_chantry.map,False,5000,5000,
ht_chantry-even-1_bucket_21,21,10,ht_chantry.map,False,5000,5000,
ht_chantry-even-1_bucket_22,22,10,ht_chantry.map,False,5000,5000,
ht_chantry-even-1_bucket_10,10,10,ht_chantry.map,False,5000,5000,
ht_chantry-even-1_bucket_42,42,10,ht_chantry.map,False,5000,5000,
ht_chantry-even-1_bucket_16,16,10,ht_chantry.map,False,5000,5000,
ht_chantry-even-1_bucket_33,33,10,ht_chantry.map,False,5000,5000,
ht_chantry-even-1_bucket_25,25,10,ht_chantry.map,False,5000,5000,
ht_chantry-even-1_bucket_6,6,10,ht_chantry.map,False,5000,5000,
ht_chantry-even-1_bucket_24,24,10,ht_chantry.map,False,5000,5000,
ht_chantry-even-1_bucket_19,19,10,ht_chantry.map,False,5000,5000,
ht_chantry-even-1_bucket_40,40,10,ht_chantry.map,False,5000,5000,
ht_chantry-even-1_bucket_8,8,10,ht_chantry.map,False,5000,5000,
ht_chantry-even-1_bucket_39,39,10,ht_chantry.map,False,5000,5000,
ht_chantry-even-1_bucket_29,29,10,ht_chantry.map,False,5000,5000,
ht_chantry-even-1_bucket_36,36,10,ht_chantry.map,False,5000,5000,
ht_chantry-even-1_bucket_14,14,10,ht_chantry.map,False,5000,5000,
ht_chantry-even-1_bucket_38,38,10,ht_chantry.map,False,5000,5000,
ht_chantry-even-1_bucket_4,4,10,ht_chantry.map,True,175,5000,
ht_chantry-even-1_bucket_17,17,10,ht_chantry.map,False,5000,5000,
ht_mansion_n-even-1_bucket_50,50,10,ht_mansion_n.map,False,5000,5000,
ht_mansion_n-even-1_bucket_48,48,10,ht_mansion_n.map,False,5000,5000,
ht_mansion_n-even-1_bucket_49,49,10,ht_mansion_n.map,False,5000,5000,
ht_mansion_n-even-1_bucket_27,27,10,ht_mansion_n.map,False,5000,5000,
ht_mansion_n-even-1_bucket_2,2,10,ht_mansion_n.map,False,5000,5000,
ht_mansion_n-even-1_bucket_34,34,10,ht_mansion_n.map,False,5000,5000,
ht_mansion_n-even-1_bucket_15,15,10,ht_mansion_n.map,False,5000,5000,
ht_mansion_n-even-1_bucket_18,18,10,ht_mansion_n.map,False,5000,5000,
ht_mansion_n-even-1_bucket_12,12,10,ht_mansion_n.map,False,5000,5000,
ht_mansion_n-even-1_bucket_20,20,10,ht_mansion_n.map,False,5000,5000,
ht_mansion_n-even-1_bucket_8,8,10,ht_mansion_n.map,False,5000,5000,
ht_mansion_n-even-1_bucket_0,0,10,ht_mansion_n.map,False,5000,5000,
ht_mansion_n-even-1_bucket_7,7,10,ht_mansion_n.map,False,5000,5000,
ht_mansion_n-even-1_bucket_25,25,10,ht_mansion_n.map,False,5000,5000,
ht_mansion_n-even-1_bucket_10,10,10,ht_mansion_n.map,False,5000,5000,
ht_mansion_n-even-1_bucket_9,9,10,ht_mansion_n.map,False,5000,5000,
ht_mansion_n-even-1_bucket_39,39,10,ht_mansion_n.map,False,5000,5000,
ht_mansion_n-even-1_bucket_37,37,10,ht_mansion_n.map,False,5000,5000,
ht_mansion_n-even-1_bucket_17,17,10,ht_mansion_n.map,False,5000,5000,
ht_mansion_n-even-1_bucket_4,4,10,ht_mansion_n.map,False,5000,5000,
ht_mansion_n-even-1_bucket_26,26,10,ht_mansion_n.map,False,5000,5000,
ht_mansion_n-even-1_bucket_29,29,10,ht_mansion_n.map,False,5000,5000,
ht_mansion_n-even-1_bucket_28,28,10,ht_mansion_n.map,False,5000,5000,
ht_mansion_n-even-1_bucket_41,41,10,ht_mansion_n.map,False,5000,5000,
ht_mansion_n-even-1_bucket_44,44,10,ht_mansion_n.map,False,5000,5000,
ht_mansion_n-even-1_bucket_13,13,10,ht_mansion_n.map,False,5000,5000,
ht_mansion_n-even-1_bucket_19,19,10,ht_mansion_n.map,False,5000,5000,
ht_mansion_n-even-1_bucket_33,33,10,ht_mansion_n.map,False,5000,5000,
ht_mansion_n-even-1_bucket_35,35,10,ht_mansion_n.map,False,5000,5000,
ht_mansion_n-even-1_bucket_30,30,10,ht_mansion_n.map,False,5000,5000,
ht_mansion_n-even-1_bucket_1,1,10,ht_mansion_n.map,False,5000,5000,
ht_mansion_n-even-1_bucket_32,32,10,ht_mansion_n.map,False,5000,5000,
ht_mansion_n-even-1_bucket_36,36,10,ht_mansion_n.map,False,5000,5000,
ht_mansion_n-even-1_bucket_31,31,10,ht_mansion_n.map,False,5000,5000,
ht_mansion_n-even-1_bucket_21,21,10,ht_mansion_n.map,False,5000,5000,
ht_mansion_n-even-1_bucket_3,3,10,ht_mansion_n.map,False,5000,5000,
ht_mansion_n-even-1_bucket_42,42,10,ht_mansion_n.map,False,5000,5000,
ht_mansion_n-even-1_bucket_5,5,10,ht_mansion_n.map,False,5000,5000,
ht_mansion_n-even-1_bucket_23,23,10,ht_mansion_n.map,False,5000,5000,
ht_mansion_n-even-1_bucket_14,14,10,ht_mansion_n.map,False,5000,5000,
ht_mansion_n-even-1_bucket_45,45,10,ht_mansion_n.map,False,5000,5000,
ht_mansion_n-even-1_bucket_22,22,10,ht_mansion_n.map,False,5000,5000,
ht_mansion_n-even-1_bucket_47,47,10,ht_mansion_n.map,False,5000,5000,
ht_mansion_n-even-1_bucket_16,16,10,ht_mansion_n.map,False,5000,5000,
ht_mansion_n-even-1_bucket_6,6,10,ht_mansion_n.map,False,5000,5000,
ht_mansion_n-even-1_bucket_11,11,10,ht_mansion_n.map,False,5000,5000,
ht_mansion_n-even-1_bucket_24,24,10,ht_mansion_n.map,False,5000,5000,
ht_mansion_n-even-1_bucket_38,38,10,ht_mansion_n.map,False,5000,5000,
ht_mansion_n-even-1_bucket_46,46,10,ht_mansion_n.map,False,5000,5000,
ht_mansion_n-even-1_bucket_43,43,10,ht_mansion_n.map,False,5000,5000,
ht_mansion_n-even-1_bucket_40,40,10,ht_mansion_n.map,False,5000,5000,
lak303d-even-1_bucket_29,29,10,lak303d.map,False,5000,5000,
lak303d-even-1_bucket_77,77,10,lak303d.map,False,5000,5000,
lak303d-even-1_bucket_17,17,10,lak303d.map,False,5000,5000,
lak303d-even-1_bucket_92,92,10,lak303d.map,False,5000,5000,
lak303d-even-1_bucket_60,60,10,lak303d.map,False,5000,5000,
lak303d-even-1_bucket_35,35,10,lak303d.map,False,5000,5000,
lak303d-even-1_bucket_56,56,10,lak303d.map,False,5000,5000,
lak303d-even-1_bucket_79,79,10,lak303d.map,False,5000,5000,
lak303d-even-1_bucket_38,38,10,lak303d.map,False,5000,5000,
lak303d-even-1_bucket_55,55,10,lak303d.map,False,5000,5000,
lak303d-even-1_bucket_0,0,10,lak303d.map,False,5000,5000,
lak303d-even-1_bucket_11,11,10,lak303d.map,False,5000,5000,
lak303d-even-1_bucket_24,24,10,lak303d.map,False,5000,5000,
lak303d-even-1_bucket_84,84,10,lak303d.map,False,5000,5000,
lak303d-even-1_bucket_44,44,10,lak303d.map,False,5000,5000,
lak303d-even-1_bucket_33,33,10,lak303d.map,False,5000,5000,
lak303d-even-1_bucket_21,21,10,lak303d.map,False,5000,5000,
lak303d-even-1_bucket_3,3,10,lak303d.map,False,5000,5000,
lak303d-even-1_bucket_93,93,10,lak303d.map,False,5000,5000,
lak303d-even-1_bucket_94,94,10,lak303d.map,False,5000,5000,
lak303d-even-1_bucket_42,42,10,lak303d.map,False,5000,5000,
lak303d-even-1_bucket_74,74,10,lak303d.map,False,5000,5000,
lak303d-even-1_bucket_52,52,10,lak303d.map,False,5000,5000,
lak303d-even-1_bucket_14,14,10,lak303d.map,False,5000,5000,
lak303d-even-1_bucket_99,99,10,lak303d.map,False,5000,5000,
lak303d-even-1_bucket_7,7,10,lak303d.map,False,5000,5000,
lak303d-even-1_bucket_23,23,10,lak303d.map,False,5000,5000,
lak303d-even-1_bucket_53,53,10,lak303d.map,False,5000,5000,
lak303d-even-1_bucket_41,41,10,lak303d.map,False,5000,5000,
lak303d-even-1_bucket_68,68,10,lak303d.map,False,5000,5000,
lak303d-even-1_bucket_78,78,10,lak303d.map,False,5000,5000,
lak303d-even-1_bucket_103,103,10,lak303d.map,False,5000,5000,
lak303d-even-1_bucket_73,73,10,lak303d.map,False,5000,5000,
lak303d-even-1_bucket_51,51,10,lak303d.map,False,5000,5000,
lak303d-even-1_bucket_85,85,10,lak303d.map,False,5000,5000,
lak303d-even-1_bucket_4,4,10,lak303d.map,False,5000,5000,
lak303d-even-1_bucket_2,2,10,lak303d.map,False,5000,5000,
lak303d-even-1_bucket_62,62,10,lak303d.map,False,5000,5000,
lak303d-even-1_bucket_57,57,10,lak303d.map,False,5000,5000,
lak303d-even-1_bucket_8,8,10,lak303d.map,False,5000,5000,
lak303d-even-1_bucket_95,95,10,lak303d.map,False,5000,5000,
lak303d-even-1_bucket_80,80,10,lak303d.map,False,5000,5000,
lak303d-even-1_bucket_25,25,10,lak303d.map,False,5000,5000,
lak303d-even-1_bucket_72,72,10,lak303d.map,False,5000,5000,
lak303d-even-1_bucket_37,37,10,lak303d.map,False,5000,5000,
lak303d-even-1_bucket_40,40,10,lak303d.map,False,5000,5000,
lak303d-even-1_bucket_10,10,10,lak303d.map,False,5000,5000,
lak303d-even-1_bucket_61,61,10,lak303d.map,False,5000,5000,
lak303d-even-1_bucket_20,20,10,lak303d.map,False,5000,5000,
lak303d-even-1_bucket_12,12,10,lak303d.map,False,5000,5000,
lak303d-even-1_bucket_69,69,10,lak303d.map,False,5000,5000,
lak303d-even-1_bucket_71,71,10,lak303d.map,False,5000,5000,
lak303d-even-1_bucket_46,46,10,lak303d.map,False,5000,5000,
lak303d-even-1_bucket_31,31,10,lak303d.map,False,5000,5000,
lak303d-even-1_bucket_75,75,10,lak303d.map,False,5000,5000,
lak303d-even-1_bucket_50,50,10,lak303d.map,False,5000,5000,
lak303d-even-1_bucket_54,54,10,lak303d.map,False,5000,5000,
lak303d-even-1_bucket_18,18,10,lak303d.map,False,5000,5000,
lak303d-even-1_bucket_5,5,10,lak303d.map,False,5000,5000,
lak303d-even-1_bucket_101,101,10,lak303d.map,False,5000,5000,
lak303d-even-1_bucket_45,45,10,lak303d.map,False,5000,5000,
lak303d-even-1_bucket_87,87,10,lak303d.map,False,5000,5000,
lak303d-even-1_bucket_28,28,10,lak303d.map,False,5000,5000,
lak303d-even-1_bucket_9,9,10,lak303d.map,False,5000,5000,
lak303d-even-1_bucket_63,63,10,lak303d.map,False,5000,5000,
lak303d-even-1_bucket_39,39,10,lak303d.map,False,5000,5000,
lak303d-even-1_bucket_1,1,10,lak303d.map,False,5000,5000,
lak303d-even-1_bucket_58,58,10,lak303d.map,False,5000,5000,
lak303d-even-1_bucket_91,91,10,lak303d.map,False,5000,5000,
lak303d-even-1_bucket_6,6,10,lak303d.map,False,5000,5000,
lak303d-even-1_bucket_30,30,10,lak303d.map,False,5000,5000,
lak303d-even-1_bucket_67,67,10,lak303d.map,False,5000,5000,
lak303d-even-1_bucket_27,27,10,lak303d.map,False,5000,5000,
lak303d-even-1_bucket_66,66,10,lak303d.map,False,5000,5000,
lak303d-even-1_bucket_48,48,10,lak303d.map,False,5000,5000,
lak303d-even-1_bucket_100,100,10,lak303d.map,False,5000,5000,
lak303d-even-1_bucket_43,43,10,lak303d.map,False,5000,5000,
lak303d-even-1_bucket_86,86,10,lak303d.map,False,5000,5000,
lak303d-even-1_bucket_26,26,10,lak303d.map,False,5000,5000,
lak303d-even-1_bucket_76,76,10,lak303d.map,False,5000,5000,
lak303d-even-1_bucket_70,70,10,lak303d.map,False,5000,5000,
lak303d-even-1_bucket_102,102,10,lak303d.map,False,5000,5000,
lak303d-even-1_bucket_19,19,10,lak303d.map,False,5000,5000,
lak303d-even-1_bucket_90,90,10,lak303d.map,False,5000,5000,
lak303d-even-1_bucket_16,16,10,lak303d.map,False,5000,5000,
lak303d-even-1_bucket_32,32,10,lak303d.map,False,5000,5000,
lak303d-even-1_bucket_59,59,10,lak303d.map,False,5000,5000,
lak303d-even-1_bucket_65,65,10,lak303d.map,False,5000,5000,
lak303d-even-1_bucket_97,97,10,lak303d.map,False,5000,5000,
lak303d-even-1_bucket_13,13,10,lak303d.map,False,5000,5000,
lak303d-even-1_bucket_81,81,10,lak303d.map,False,5000,5000,
lak303d-even-1_bucket_34,34,10,lak303d.map,False,5000,5000,
lak303d-even-1_bucket_22,22,10,lak303d.map,False,5000,5000,
lak303d-even-1_bucket_49,49,10,lak303d.map,False,5000,5000,
lak303d-even-1_bucket_88,88,10,lak303d.map,False,5000,5000,
lak303d-even-1_bucket_15,15,10,lak303d.map,False,5000,5000,
lak303d-even-1_bucket_96,96,10,lak303d.map,False,5000,5000,
lak303d-even-1_bucket_98,98,10,lak303d.map,False,5000,5000,
lak303d-even-1_bucket_83,83,10,lak303d.map,False,5000,5000,
lak303d-even-1_bucket_47,47,10,lak303d.map,False,5000,5000,
lak303d-even-1_bucket_82,82,10,lak303d.map,False,5000,5000,
lak303d-even-1_bucket_36,36,10,lak303d.map,False,5000,5000,
lak303d-even-1_bucket_64,64,10,lak303d.map,False,5000,5000,
lak303d-even-1_bucket_89,89,10,lak303d.map,False,5000,5000,
lt_gallowstemplar_n-even-1_bucket_20,20,10,lt_gallowstemplar_n.map,False,5000,5000,
lt_gallowstemplar_n-even-1_bucket_54,54,10,lt_gallowstemplar_n.map,False,5000,5000,
lt_gallowstemplar_n-even-1_bucket_57,57,10,lt_gallowstemplar_n.map,False,5000,5000,
lt_gallowstemplar_n-even-1_bucket_1,1,10,lt_gallowstemplar_n.map,False,5000,5000,
lt_gallowstemplar_n-even-1_bucket_58,58,10,lt_gallowstemplar_n.map,False,5000,5000,
lt_gallowstemplar_n-even-1_bucket_43,43,10,lt_gallowstemplar_n.map,False,5000,5000,
lt_gallowstemplar_n-even-1_bucket_30,30,10,lt_gallowstemplar_n.map,False,5000,5000,
lt_gallowstemplar_n-even-1_bucket_26,26,10,lt_gallowstemplar_n.map,False,5000,5000,
lt_gallowstemplar_n-even-1_bucket_4,4,10,lt_gallowstemplar_n.map,False,5000,5000,
lt_gallowstemplar_n-even-1_bucket_3,3,10,lt_gallowstemplar_n.map,False,5000,5000,
lt_gallowstemplar_n-even-1_bucket_16,16,10,lt_gallowstemplar_n.map,False,5000,5000,
lt_gallowstemplar_n-even-1_bucket_46,46,10,lt_gallowstemplar_n.map,False,5000,5000,
lt_gallowstemplar_n-even-1_bucket_0,0,10,lt_gallowstemplar_n.map,False,5000,5000,
lt_gallowstemplar_n-even-1_bucket_25,25,10,lt_gallowstemplar_n.map,False,5000,5000,
lt_gallowstemplar_n-even-1_bucket_23,23,10,lt_gallowstemplar_n.map,False,5000,5000,
lt_gallowstemplar_n-even-1_bucket_34,34,10,lt_gallowstemplar_n.map,False,5000,5000,
lt_gallowstemplar_n-even-1_bucket_44,44,10,lt_gallowstemplar_n.map,False,5000,5000,
lt_gallowstemplar_n-even-1_bucket_19,19,10,lt_gallowstemplar_n.map,False,5000,5000,
lt_gallowstemplar_n-even-1_bucket_2,2,10,lt_gallowstemplar_n.map,False,5000,5000,
lt_gallowstemplar_n-even-1_bucket_61,61,10,lt_gallowstemplar_n.map,False,5000,5000,
lt_gallowstemplar_n-even-1_bucket_31,31,10,lt_gallowstemplar_n.map,False,5000,5000,
lt_gallowstemplar_n-even-1_bucket_8,8,10,lt_gallowstemplar_n.map,False,5000,5000,
lt_gallowstemplar_n-even-1_bucket_7,7,10,lt_gallowstemplar_n.map,False,5000,5000,
lt_gallowstemplar_n-even-1_bucket_52,52,10,lt_gallowstemplar_n.map,False,5000,5000,
lt_gallowstemplar_n-even-1_bucket_24,24,10,lt_gallowstemplar_n.map,False,5000,5000,
lt_gallowstemplar_n-even-1_bucket_6,6,10,lt_gallowstemplar_n.map,False,5000,5000,
lt_gallowstemplar_n-even-1_bucket_48,48,10,lt_gallowstemplar_n.map,False,5000,5000,
lt_gallowstemplar_n-even-1_bucket_42,42,10,lt_gallowstemplar_n.map,False,5000,5000,
lt_gallowstemplar_n-even-1_bucket_47,47,10,lt_gallowstemplar_n.map,False,5000,5000,
lt_gallowstemplar_n-even-1_bucket_39,39,10,lt_gallowstemplar_n.map,False,5000,5000,
lt_gallowstemplar_n-even-1_bucket_13,13,10,lt_gallowstemplar_n.map,False,5000,5000,
lt_gallowstemplar_n-even-1_bucket_41,41,10,lt_gallowstemplar_n.map,False,5000,5000,
lt_gallowstemplar_n-even-1_bucket_10,10,10,lt_gallowstemplar_n.map,False,5000,5000,
lt_gallowstemplar_n-even-1_bucket_60,60,10,lt_gallowstemplar_n.map,False,5000,5000,
lt_gallowstemplar_n-even-1_bucket_32,32,10,lt_gallowstemplar_n.map,False,5000,5000,
lt_gallowstemplar_n-even-1_bucket_55,55,10,lt_gallowstemplar_n.map,False,5000,5000,
lt_gallowstemplar_n-even-1_bucket_5,5,10,lt_gallowstemplar_n.map,False,5000,5000,
lt_gallowstemplar_n-even-1_bucket_18,18,10,lt_gallowstemplar_n.map,False,5000,5000,
lt_gallowstemplar_n-even-1_bucket_35,35,10,lt_gallowstemplar_n.map,False,5000,5000,
lt_gallowstemplar_n-even-1_bucket_59,59,10,lt_gallowstemplar_n.map,False,5000,5000,
lt_gallowstemplar_n-even-1_bucket_50,50,10,lt_gallowstemplar_n.map,False,5000,5000,
lt_gallowstemplar_n-even-1_bucket_38,38,10,lt_gallowstemplar_n.map,False,5000,5000,
lt_gallowstemplar_n-even-1_bucket_15,15,10,lt_gallowstemplar_n.map,False,5000,5000,
lt_gallowstemplar_n-even-1_bucket_56,56,10,lt_gallowstemplar_n.map,False,5000,5000,
lt_gallowstemplar_n-even-1_bucket_45,45,10,lt_gallowstemplar_n.map,False,5000,5000,
lt_gallowstemplar_n-even-1_bucket_9,9,10,lt_gallowstemplar_n.map,False,5000,5000,
lt_gallowstemplar_n-even-1_bucket_28,28,10,lt_gallowstemplar_n.map,False,5000,5000,
lt_gallowstemplar_n-even-1_bucket_14,14,10,lt_gallowstemplar_n.map,False,5000,5000,
lt_gallowstemplar_n-even-1_bucket_36,36,10,lt_gallowstemplar_n.map,False,5000,5000,
lt_gallowstemplar_n-even-1_bucket_33,33,10,lt_gallowstemplar_n.map,False,5000,5000,
lt_gallowstemplar_n-even-1_bucket_37,37,10,lt_gallowstemplar_n.map,False,5000,5000,
lt_gallowstemplar_n-even-1_bucket_51,51,10,lt_gallowstemplar_n.map,False,5000,5000,
lt_gallowstemplar_n-even-1_bucket_27,27,10,lt_gallowstemplar_n.map,False,5000,5000,
lt_gallowstemplar_n-even-1_bucket_53,53,10,lt_gallowstemplar_n.map,False,5000,5000,
lt_gallowstemplar_n-even-1_bucket_21,21,10,lt_gallowstemplar_n.map,False,5000,5000,
lt_gallowstemplar_n-even-1_bucket_11,11,10,lt_gallowstemplar_n.map,False,5000,5000,
lt_gallowstemplar_n-even-1_bucket_12,12,10,lt_gallowstemplar_n.map,False,5000,5000,
lt_gallowstemplar_n-even-1_bucket_29,29,10,lt_gallowstemplar_n.map,False,5000,5000,
lt_gallowstemplar_n-even-1_bucket_22,22,10,lt_gallowstemplar_n.map,False,5000,5000,
lt_gallowstemplar_n-even-1_bucket_49,49,10,lt_gallowstemplar_n.map,False,5000,5000,
lt_gallowstemplar_n-even-1_bucket_17,17,10,lt_gallowstemplar_n.map,False,5000,5000,
lt_gallowstemplar_n-even-1_bucket_40,40,10,lt_gallowstemplar_n.map,False,5000,5000,
maze-128-128-1-even-1_bucket_127,127,10,maze-128-128-1.map,False,5000,5000,
maze-128-128-1-even-1_bucket_48,48,10,maze-128-128-1.map,False,5000,5000,
maze-128-128-1-even-1_bucket_136,136,10,maze-128-128-1.map,False,5000,5000,
maze-128-128-1-even-1_bucket_177,177,10,maze-128-128-1.map,False,5000,5000,
maze-128-128-1-even-1_bucket_97,97,10,maze-128-128-1.map,False,5000,5000,
maze-128-128-1-even-1_bucket_162,162,10,maze-128-128-1.map,False,5000,5000,
maze-128-128-1-even-1_bucket_23,23,10,maze-128-128-1.map,False,5000,5000,
maze-128-128-1-even-1_bucket_186,186,10,maze-128-128-1.map,False,5000,5000,
maze-128-128-1-even-1_bucket_28,28,10,maze-128-128-1.map,False,5000,5000,
maze-128-128-1-even-1_bucket_17,17,10,maze-128-128-1.map,False,5000,5000,
maze-128-128-1-even-1_bucket_108,108,10,maze-128-128-1.map,False,5000,5000,
maze-128-128-1-even-1_bucket_77,77,10,maze-128-128-1.map,False,5000,5000,
maze-128-128-1-even-1_bucket_37,37,10,maze-128-128-1.map,False,5000,5000,
maze-128-128-1-even-1_bucket_84,84,10,maze-128-128-1.map,False,5000,5000,
maze-128-128-1-even-1_bucket_100,100,10,maze-128-128-1.map,False,5000,5000,
maze-128-128-1-even-1_bucket_46,46,10,maze-128-128-1.map,False,5000,5000,
maze-128-128-1-even-1_bucket_135,135,10,maze-128-128-1.map,False,5000,5000,
maze-128-128-1-even-1_bucket_111,111,10,maze-128-128-1.map,False,5000,5000,
maze-128-128-1-even-1_bucket_79,79,10,maze-128-128-1.map,False,5000,5000,
maze-128-128-1-even-1_bucket_122,122,10,maze-128-128-1.map,False,5000,5000,
maze-128-128-1-even-1_bucket_110,110,10,maze-128-128-1.map,False,5000,5000,
maze-128-128-1-even-1_bucket_62,62,10,maze-128-128-1.map,False,5000,5000,
maze-128-128-1-even-1_bucket_193,193,10,maze-128-128-1.map,False,5000,5000,
maze-128-128-1-even-1_bucket_156,156,10,maze-128-128-1.map,False,5000,5000,
maze-128-128-1-even-1_bucket_117,117,10,maze-128-128-1.map,False,5000,5000,
maze-128-128-1-even-1_bucket_66,66,10,maze-128-128-1.map,False,5000,5000,
maze-128-128-1-even-1_bucket_168,168,10,maze-128-128-1.map,False,5000,5000,
maze-128-128-1-even-1_bucket_138,138,10,maze-128-128-1.map,False,5000,5000,
maze-128-128-1-even-1_bucket_45,45,10,maze-128-128-1.map,False,5000,5000,
maze-128-128-1-even-1_bucket_158,158,10,maze-128-128-1.map,False,5000,5000,
maze-128-128-1-even-1_bucket_152,152,10,maze-128-128-1.map,False,5000,5000,
maze-128-128-1-even-1_bucket_75,75,10,maze-128-128-1.map,False,5000,5000,
maze-128-128-1-even-1_bucket_2,2,10,maze-128-128-1.map,False,5000,5000,
maze-128-128-1-even-1_bucket_73,73,10,maze-128-128-1.map,False,5000,5000,
maze-128-128-1-even-1_bucket_56,56,10,maze-128-128-1.map,False,5000,5000,
maze-128-128-1-even-1_bucket_184,184,10,maze-128-128-1.map,False,5000,5000,
maze-128-128-1-even-1_bucket_115,115,10,maze-128-128-1.map,False,5000,5000,
maze-128-128-1-even-1_bucket_191,191,10,maze-128-128-1.map,False,5000,5000,
maze-128-128-1-even-1_bucket_5,5,10,maze-128-128-1.map,False,5000,5000,
maze-128-128-1-even-1_bucket_104,104,10,maze-128-128-1.map,False,5000,5000,
maze-128-128-1-even-1_bucket_140,140,10,maze-128-128-1.map,False,5000,5000,
maze-128-128-1-even-1_bucket_146,146,10,maze-128-128-1.map,False,5000,5000,
maze-128-128-1-even-1_bucket_116,116,10,maze-128-128-1.map,False,5000,5000,
maze-128-128-1-even-1_bucket_195,195,10,maze-128-128-1.map,False,5000,5000,
maze-128-128-1-even-1_bucket_92,92,10,maze-128-128-1.map,False,5000,5000,
maze-128-128-1-even-1_bucket_159,159,10,maze-128-128-1.map,False,5000,5000,
maze-128-128-1-even-1_bucket_88,88,10,maze-128-128-1.map,False,5000,5000,
maze-128-128-1-even-1_bucket_144,144,10,maze-128-128-1.map,False,5000,5000,
maze-128-128-1-even-1_bucket_139,139,10,maze-128-128-1.map,False,5000,5000,
maze-128-128-1-even-1_bucket_170,170,10,maze-128-128-1.map,False,5000,5000,
maze-128-128-1-even-1_bucket_124,124,10,maze-128-128-1.map,False,5000,5000,
maze-128-128-1-even-1_bucket_203,203,10,maze-128-128-1.map,False,5000,5000,
maze-128-128-1-even-1_bucket_47,47,10,maze-128-128-1.map,False,5000,5000,
maze-128-128-1-even-1_bucket_54,54,10,maze-128-128-1.map,False,5000,5000,
maze-128-128-1-even-1_bucket_68,68,10,maze-128-128-1.map,False,5000,5000,
maze-128-128-1-even-1_bucket_172,172,10,maze-128-128-1.map,False,5000,5000,
maze-128-128-1-even-1_bucket_19,19,10,maze-128-128-1.map,False,5000,5000,
maze-128-128-1-even-1_bucket_131,131,10,maze-128-128-1.map,False,5000,5000,
maze-128-128-1-even-1_bucket_42,42,10,maze-128-128-1.map,False,5000,5000,
maze-128-128-1-even-1_bucket_109,109,10,maze-128-128-1.map,False,5000,5000,
maze-128-128-1-even-1_bucket_83,83,10,maze-128-128-1.map,False,5000,5000,
maze-128-128-1-even-1_bucket_7,7,10,maze-128-128-1.map,False,5000,5000,
maze-128-128-1-even-1_bucket_105,105,10,maze-128-128-1.map,False,5000,5000,
maze-128-128-1-even-1_bucket_132,132,10,maze-128-128-1.map,False,5000,5000,
maze-128-128-1-even-1_bucket_24,24,10,maze-128-128-1.map,False,5000,5000,
maze-128-128-1-even-1_bucket_189,189,10,maze-128-128-1.map,False,5000,5000,
maze-128-128-1-even-1_bucket_121,121,10,maze-128-128-1.map,False,5000,5000,
maze-128-128-1-even-1_bucket_78,78,10,maze-128-128-1.map,False,5000,5000,
maze-128-128-1-even-1_bucket_183,183,10,maze-128-128-1.map,False,5000,5000,
maze-128-128-1-even-1_bucket_165,165,10,maze-128-128-1.map,False,5000,5000,
maze-128-128-1-even-1_bucket_157,157,10,maze-128-128-1.map,False,5000,5000,
maze-128-128-1-even-1_bucket_200,200,10,maze-128-128-1.map,False,5000,5000,
maze-128-128-1-even-1_bucket_85,85,10,maze-128-128-1.map,False,5000,5000,
maze-128-128-1-even-1_bucket_147,147,10,maze-128-128-1.map,False,5000,5000,
maze-128-128-1-even-1_bucket_55,55,10,maze-128-128-1.map,False,5000,5000,
maze-128-128-1-even-1_bucket_202,202,10,maze-128-128-1.map,False,5000,5000,
maze-128-128-1-even-1_bucket_173,173,10,maze-128-128-1.map,False,5000,5000,
maze-128-128-1-even-1_bucket_154,154,10,maze-128-128-1.map,False,5000,5000,
maze-128-128-1-even-1_bucket_38,38,10,maze-128-128-1.map,False,5000,5000,
maze-128-128-1-even-1_bucket_69,69,10,maze-128-128-1.map,False,5000,5000,
maze-128-128-1-even-1_bucket_101,101,10,maze-128-128-1.map,False,5000,5000,
maze-128-128-1-even-1_bucket_39,39,10,maze-128-128-1.map,False,5000,5000,
maze-128-128-1-even-1_bucket_148,148,10,maze-128-128-1.map,False,5000,5000,
maze-128-128-1-even-1_bucket_16,16,10,maze-128-128-1.map,False,5000,5000,
maze-128-128-1-even-1_bucket_14,14,10,maze-128-128-1.map,False,5000,5000,
maze-128-128-1-even-1_bucket_70,70,10,maze-128-128-1.map,False,5000,5000,
maze-128-128-1-even-1_bucket_71,71,10,maze-128-128-1.map,False,5000,5000,
maze-128-128-1-even-1_bucket_57,57,10,maze-128-128-1.map,False,5000,5000,
maze-128-128-1-even-1_bucket_163,163,10,maze-128-128-1.map,False,5000,5000,
maze-128-128-1-even-1_bucket_129,129,10,maze-128-128-1.map,False,5000,5000,
maze-128-128-1-even-1_bucket_187,187,10,maze-128-128-1.map,False,5000,5000,
maze-128-128-1-even-1_bucket_196,196,10,maze-128-128-1.map,False,5000,5000,
maze-128-128-1-even-1_bucket_201,201,10,maze-128-128-1.map,False,5000,5000,
maze-128-128-1-even-1_bucket_134,134,10,maze-128-128-1.map,False,5000,5000,
maze-128-128-1-even-1_bucket_194,194,10,maze-128-128-1.map,False,5000,5000,
maze-128-128-1-even-1_bucket_95,95,10,maze-128-128-1.map,False,5000,5000,
maze-128-128-1-even-1_bucket_4,4,10,maze-128-128-1.map,False,5000,5000,
maze-128-128-1-even-1_bucket_15,15,10,maze-128-128-1.map,False,5000,5000,
maze-128-128-1-even-1_bucket_41,41,10,maze-128-128-1.map,False,5000,5000,
maze-128-128-1-even-1_bucket_67,67,10,maze-128-128-1.map,False,5000,5000,
maze-128-128-1-even-1_bucket_106,106,10,maze-128-128-1.map,False,5000,5000,
maze-128-128-1-even-1_bucket_34,34,10,maze-128-128-1.map,False,5000,5000,
maze-128-128-1-even-1_bucket_76,76,10,maze-128-128-1.map,False,5000,5000,
maze-128-128-1-even-1_bucket_21,21,10,maze-128-128-1.map,False,5000,5000,
maze-128-128-1-even-1_bucket_178,178,10,maze-128-128-1.map,False,5000,5000,
maze-128-128-1-even-1_bucket_93,93,10,maze-128-128-1.map,False,5000,5000,
maze-128-128-1-even-1_bucket_20,20,10,maze-128-128-1.map,False,5000,5000,
maze-128-128-1-even-1_bucket_128,128,10,maze-128-128-1.map,False,5000,5000,
maze-128-128-1-even-1_bucket_82,82,10,maze-128-128-1.map,False,5000,5000,
maze-128-128-1-even-1_bucket_137,137,10,maze-128-128-1.map,False,5000,5000,
maze-128-128-1-even-1_bucket_142,142,10,maze-128-128-1.map,False,5000,5000,
maze-128-128-1-even-1_bucket_26,26,10,maze-128-128-1.map,False,5000,5000,
maze-128-128-1-even-1_bucket_141,141,10,maze-128-128-1.map,False,5000,5000,
maze-128-128-1-even-1_bucket_125,125,10,maze-128-128-1.map,False,5000,5000,
maze-128-128-1-even-1_bucket_161,161,10,maze-128-128-1.map,False,5000,5000,
maze-128-128-1-even-1_bucket_160,160,10,maze-128-128-1.map,False,5000,5000,
maze-128-128-1-even-1_bucket_118,118,10,maze-128-128-1.map,False,5000,5000,
maze-128-128-1-even-1_bucket_190,190,10,maze-128-128-1.map,False,5000,5000,
maze-128-128-1-even-1_bucket_80,80,10,maze-128-128-1.map,False,5000,5000,
maze-128-128-1-even-1_bucket_175,175,10,maze-128-128-1.map,False,5000,5000,
maze-128-128-1-even-1_bucket_81,81,10,maze-128-128-1.map,False,5000,5000,
maze-128-128-1-even-1_bucket_87,87,10,maze-128-128-1.map,False,5000,5000,
maze-128-128-1-even-1_bucket_169,169,10,maze-128-128-1.map,False,5000,5000,
maze-128-128-1-even-1_bucket_18,18,10,maze-128-128-1.map,False,5000,5000,
maze-128-128-1-even-1_bucket_180,180,10,maze-128-128-1.map,False,5000,5000,
maze-128-128-1-even-1_bucket_167,167,10,maze-128-128-1.map,False,5000,5000,
maze-128-128-1-even-1_bucket_90,90,10,maze-128-128-1.map,False,5000,5000,
maze-128-128-1-even-1_bucket_149,149,10,maze-128-128-1.map,False,5000,5000,
maze-128-128-1-even-1_bucket_12,12,10,maze-128-128-1.map,False,5000,5000,
maze-128-128-1-even-1_bucket_107,107,10,maze-128-128-1.map,False,5000,5000,
maze-128-128-1-even-1_bucket_103,103,10,maze-128-128-1.map,False,5000,5000,
maze-128-128-1-even-1_bucket_94,94,10,maze-128-128-1.map,False,5000,5000,
maze-128-128-1-even-1_bucket_166,166,10,maze-128-128-1.map,False,5000,5000,
maze-128-128-1-even-1_bucket_133,133,10,maze-128-128-1.map,False,5000,5000,
maze-128-128-1-even-1_bucket_188,188,10,maze-128-128-1.map,False,5000,5000,
maze-128-128-1-even-1_bucket_198,198,10,maze-128-128-1.map,False,5000,5000,
maze-128-128-1-even-1_bucket_155,155,10,maze-128-128-1.map,False,5000,5000,
maze-128-128-1-even-1_bucket_86,86,10,maze-128-128-1.map,False,5000,5000,
maze-128-128-1-even-1_bucket_43,43,10,maze-128-128-1.map,False,5000,5000,
maze-128-128-1-even-1_bucket_61,61,10,maze-128-128-1.map,False,5000,5000,
maze-128-128-1-even-1_bucket_27,27,10,maze-128-128-1.map,False,5000,5000,
maze-128-128-1-even-1_bucket_112,112,10,maze-128-128-1.map,False,5000,5000,
maze-128-128-1-even-1_bucket_98,98,10,maze-128-128-1.map,False,5000,5000,
maze-128-128-1-even-1_bucket_22,22,10,maze-128-128-1.map,False,5000,5000,
maze-128-128-1-even-1_bucket_126,126,10,maze-128-128-1.map,False,5000,5000,
maze-128-128-1-even-1_bucket_174,174,10,maze-128-128-1.map,False,5000,5000,
maze-128-128-1-even-1_bucket_40,40,10,maze-128-128-1.map,False,5000,5000,
maze-128-128-1-even-1_bucket_182,182,10,maze-128-128-1.map,False,5000,5000,
maze-128-128-1-even-1_bucket_29,29,10,maze-128-128-1.map,False,5000,5000,
maze-128-128-1-even-1_bucket_32,32,10,maze-128-128-1.map,False,5000,5000,
maze-128-128-1-even-1_bucket_64,64,10,maze-128-128-1.map,False,5000,5000,
maze-128-128-1-even-1_bucket_13,13,10,maze-128-128-1.map,False,5000,5000,
maze-128-128-1-even-1_bucket_197,197,10,maze-128-128-1.map,False,5000,5000,
maze-128-128-1-even-1_bucket_96,96,10,maze-128-128-1.map,False,5000,5000,
maze-128-128-1-even-1_bucket_123,123,10,maze-128-128-1.map,False,5000,5000,
maze-128-128-1-even-1_bucket_181,181,10,maze-128-128-1.map,False,5000,5000,
maze-128-128-1-even-1_bucket_179,179,10,maze-128-128-1.map,False,5000,5000,
maze-128-128-1-even-1_bucket_89,89,10,maze-128-128-1.map,False,5000,5000,
maze-128-128-1-even-1_bucket_31,31,10,maze-128-128-1.map,False,5000,5000,
maze-128-128-1-even-1_bucket_1,1,10,maze-128-128-1.map,False,5000,5000,
maze-128-128-1-even-1_bucket_91,91,10,maze-128-128-1.map,False,5000,5000,
maze-128-128-1-even-1_bucket_143,143,10,maze-128-128-1.map,False,5000,5000,
maze-128-128-1-even-1_bucket_130,130,10,maze-128-128-1.map,False,5000,5000,
maze-128-128-1-even-1_bucket_10,10,10,maze-128-128-1.map,False,5000,5000,
maze-128-128-1-even-1_bucket_99,99,10,maze-128-128-1.map,False,5000,5000,
maze-128-128-1-even-1_bucket_44,44,10,maze-128-128-1.map,False,5000,5000,
maze-128-128-1-even-1_bucket_49,49,10,maze-128-128-1.map,False,5000,5000,
maze-128-128-1-even-1_bucket_35,35,10,maze-128-128-1.map,False,5000,5000,
maze-128-128-1-even-1_bucket_30,30,10,maze-128-128-1.map,False,5000,5000,
maze-128-128-1-even-1_bucket_8,8,10,maze-128-128-1.map,False,5000,5000,
maze-128-128-1-even-1_bucket_53,53,10,maze-128-128-1.map,False,5000,5000,
maze-128-128-1-even-1_bucket_65,65,10,maze-128-128-1.map,False,5000,5000,
maze-128-128-1-even-1_bucket_72,72,10,maze-128-128-1.map,False,5000,5000,
maze-128-128-1-even-1_bucket_11,11,10,maze-128-128-1.map,False,5000,5000,
maze-128-128-1-even-1_bucket_63,63,10,maze-128-128-1.map,False,5000,5000,
maze-128-128-1-even-1_bucket_199,199,10,maze-128-128-1.map,False,5000,5000,
maze-128-128-1-even-1_bucket_113,113,10,maze-128-128-1.map,False,5000,5000,
maze-128-128-1-even-1_bucket_102,102,10,maze-128-128-1.map,False,5000,5000,
maze-128-128-1-even-1_bucket_59,59,10,maze-128-128-1.map,False,5000,5000,
maze-128-128-1-even-1_bucket_25,25,10,maze-128-128-1.map,False,5000,5000,
maze-128-128-1-even-1_bucket_60,60,10,maze-128-128-1.map,False,5000,5000,
maze-128-128-1-even-1_bucket_50,50,10,maze-128-128-1.map,False,5000,5000,
maze-128-128-1-even-1_bucket_0,0,10,maze-128-128-1.map,False,5000,5000,
maze-128-128-1-even-1_bucket_150,150,10,maze-128-128-1.map,False,5000,5000,
maze-128-128-1-even-1_bucket_74,74,10,maze-128-128-1.map,False,5000,5000,
maze-128-128-1-even-1_bucket_119,119,10,maze-128-128-1.map,False,5000,5000,
maze-128-128-1-even-1_bucket_153,153,10,maze-128-128-1.map,False,5000,5000,
maze-128-128-1-even-1_bucket_58,58,10,maze-128-128-1.map,False,5000,5000,
maze-128-128-1-even-1_bucket_51,51,10,maze-128-128-1.map,False,5000,5000,
maze-128-128-1-even-1_bucket_6,6,10,maze-128-128-1.map,False,5000,5000,
maze-128-128-1-even-1_bucket_171,171,10,maze-128-128-1.map,False,5000,5000,
maze-128-128-1-even-1_bucket_36,36,10,maze-128-128-1.map,False,5000,5000,
maze-128-128-1-even-1_bucket_114,114,10,maze-128-128-1.map,False,5000,5000,
maze-128-128-1-even-1_bucket_164,164,10,maze-128-128-1.map,False,5000,5000,
maze-128-128-1-even-1_bucket_33,33,10,maze-128-128-1.map,False,5000,5000,
maze-128-128-1-even-1_bucket_151,151,10,maze-128-128-1.map,False,5000,5000,
maze-128-128-1-even-1_bucket_3,3,10,maze-128-128-1.map,False,5000,5000,
maze-128-128-1-even-1_bucket_145,145,10,maze-128-128-1.map,False,5000,5000,
maze-128-128-1-even-1_bucket_120,120,10,maze-128-128-1.map,False,5000,5000,
maze-128-128-1-even-1_bucket_52,52,10,maze-128-128-1.map,False,5000,5000,
maze-128-128-1-even-1_bucket_185,185,10,maze-128-128-1.map,False,5000,5000,
maze-128-128-1-even-1_bucket_192,192,10,maze-128-128-1.map,False,5000,5000,
maze-128-128-1-even-1_bucket_9,9,10,maze-128-128-1.map,False,5000,5000,
maze-128-128-1-even-1_bucket_176,176,10,maze-128-128-1.map,False,5000,5000,
maze-128-128-10-even-1_bucket_67,67,10,maze-128-128-10.map,False,5000,5000,
maze-128-128-10-even-1_bucket_79,79,10,maze-128-128-10.map,False,5000,5000,
maze-128-128-10-even-1_bucket_30,30,10,maze-128-128-10.map,False,5000,5000,
maze-128-128-10-even-1_bucket_95,95,10,maze-128-128-10.map,False,5000,5000,
maze-128-128-10-even-1_bucket_100,100,10,maze-128-128-10.map,False,5000,5000,
maze-128-128-10-even-1_bucket_31,31,10,maze-128-128-10.map,False,5000,5000,
maze-128-128-10-even-1_bucket_73,73,10,maze-128-128-10.map,False,5000,5000,
maze-128-128-10-even-1_bucket_24,24,10,maze-128-128-10.map,False,5000,5000,
maze-128-128-10-even-1_bucket_59,59,10,maze-128-128-10.map,False,5000,5000,
maze-128-128-10-even-1_bucket_56,56,10,maze-128-128-10.map,False,5000,5000,
maze-128-128-10-even-1_bucket_81,81,10,maze-128-128-10.map,False,5000,5000,
maze-128-128-10-even-1_bucket_86,86,10,maze-128-128-10.map,False,5000,5000,
maze-128-128-10-even-1_bucket_50,50,10,maze-128-128-10.map,False,5000,5000,
maze-128-128-10-even-1_bucket_23,23,10,maze-128-128-10.map,False,5000,5000,
maze-128-128-10-even-1_bucket_89,89,10,maze-128-128-10.map,False,5000,5000,
maze-128-128-10-even-1_bucket_15,15,10,maze-128-128-10.map,False,5000,5000,
maze-128-128-10-even-1_bucket_82,82,10,maze-128-128-10.map,False,5000,5000,
maze-128-128-10-even-1_bucket_60,60,10,maze-128-128-10.map,False,5000,5000,
maze-128-128-10-even-1_bucket_47,47,10,maze-128-128-10.map,False,5000,5000,
maze-128-128-10-even-1_bucket_96,96,10,maze-128-128-10.map,False,5000,5000,
maze-128-128-10-even-1_bucket_43,43,10,maze-128-128-10.map,False,5000,5000,
maze-128-128-10-even-1_bucket_105,105,10,maze-128-128-10.map,False,5000,5000,
maze-128-128-10-even-1_bucket_61,61,10,maze-128-128-10.map,False,5000,5000,
maze-128-128-10-even-1_bucket_38,38,10,maze-128-128-10.map,False,5000,5000,
maze-128-128-10-even-1_bucket_91,91,10,maze-128-128-10.map,False,5000,5000,
maze-128-128-10-even-1_bucket_36,36,10,maze-128-128-10.map,False,5000,5000,
maze-128-128-10-even-1_bucket_19,19,10,maze-128-128-10.map,False,5000,5000,
maze-128-128-10-even-1_bucket_37,37,10,maze-128-128-10.map,False,5000,5000,
maze-128-128-10-even-1_bucket_75,75,10,maze-128-128-10.map,False,5000,5000,
maze-128-128-10-even-1_bucket_93,93,10,maze-128-128-10.map,False,5000,5000,
maze-128-128-10-even-1_bucket_27,27,10,maze-128-128-10.map,False,5000,5000,
maze-128-128-10-even-1_bucket_49,49,10,maze-128-128-10.map,False,5000,5000,
maze-128-128-10-even-1_bucket_22,22,10,maze-128-128-10.map,False,5000,5000,
maze-128-128-10-even-1_bucket_68,68,10,maze-128-128-10.map,False,5000,5000,
maze-128-128-10-even-1_bucket_20,20,10,maze-128-128-10.map,False,5000,5000,
maze-128-128-10-even-1_bucket_76,76,10,maze-128-128-10.map,False,5000,5000,
maze-128-128-10-even-1_bucket_42,42,10,maze-128-128-10.map,False,5000,5000,
maze-128-128-10-even-1_bucket_99,99,10,maze-128-128-10.map,False,5000,5000,
maze-128-128-10-even-1_bucket_44,44,10,maze-128-128-10.map,False,5000,5000,
maze-128-128-10-even-1_bucket_51,51,10,maze-128-128-10.map,False,5000,5000,
maze-128-128-10-even-1_bucket_78,78,10,maze-128-128-10.map,False,5000,5000,
maze-128-128-10-even-1_bucket_48,48,10,maze-128-128-10.map,False,5000,5000,
maze-128-128-10-even-1_bucket_28,28,10,maze-128-128-10.map,False,5000,5000,
maze-128-128-10-even-1_bucket_16,16,10,maze-128-128-10.map,False,5000,5000,
maze-128-128-10-even-1_bucket_64,64,10,maze-128-128-10.map,False,5000,5000,
maze-128-128-10-even-1_bucket_57,57,10,maze-128-128-10.map,False,5000,5000,
maze-128-128-10-even-1_bucket_98,98,10,maze-128-128-10.map,False,5000,5000,
maze-128-128-10-even-1_bucket_40,40,10,maze-128-128-10.map,False,5000,5000,
maze-128-128-10-even-1_bucket_54,54,10,maze-128-128-10.map,False,5000,5000,
maze-128-128-10-even-1_bucket_33,33,10,maze-128-128-10.map,False,5000,5000,
maze-128-128-10-even-1_bucket_10,10,10,maze-128-128-10.map,False,5000,5000,
maze-128-128-10-even-1_bucket_29,29,10,maze-128-128-10.map,False,5000,5000,
maze-128-128-10-even-1_bucket_4,4,10,maze-128-128-10.map,False,5000,5000,
maze-128-128-10-even-1_bucket_72,72,10,maze-128-128-10.map,False,5000,5000,
maze-128-128-10-even-1_bucket_9,9,10,maze-128-128-10.map,False,5000,5000,
maze-128-128-10-even-1_bucket_52,52,10,maze-128-128-10.map,False,5000,5000,
maze-128-128-10-even-1_bucket_92,92,10,maze-128-128-10.map,False,5000,5000,
maze-128-128-10-even-1_bucket_101,101,10,maze-128-128-10.map,False,5000,5000,
maze-128-128-10-even-1_bucket_94,94,10,maze-128-128-10.map,False,5000,5000,
maze-128-128-10-even-1_bucket_63,63,10,maze-128-128-10.map,False,5000,5000,
maze-128-128-10-even-1_bucket_104,104,10,maze-128-128-10.map,False,5000,5000,
maze-128-128-10-even-1_bucket_14,14,10,maze-128-128-10.map,False,5000,5000,
maze-128-128-10-even-1_bucket_84,84,10,maze-128-128-10.map,False,5000,5000,
maze-128-128-10-even-1_bucket_32,32,10,maze-128-128-10.map,False,5000,5000,
maze-128-128-10-even-1_bucket_71,71,10,maze-128-128-10.map,False,5000,5000,
maze-128-128-10-even-1_bucket_25,25,10,maze-128-128-10.map,False,5000,5000,
maze-128-128-10-even-1_bucket_85,85,10,maze-128-128-10.map,False,5000,5000,
maze-128-128-10-even-1_bucket_74,74,10,maze-128-128-10.map,False,5000,5000,
maze-128-128-10-even-1_bucket_8,8,10,maze-128-128-10.map,False,5000,5000,
maze-128-128-10-even-1_bucket_0,0,10,maze-128-128-10.map,False,5000,5000,
maze-128-128-10-even-1_bucket_70,70,10,maze-128-128-10.map,False,5000,5000,
maze-128-128-10-even-1_bucket_7,7,10,maze-128-128-10.map,False,5000,5000,
maze-128-128-10-even-1_bucket_45,45,10,maze-128-128-10.map,False,5000,5000,
maze-128-128-10-even-1_bucket_55,55,10,maze-128-128-10.map,False,5000,5000,
maze-128-128-10-even-1_bucket_21,21,10,maze-128-128-10.map,False,5000,5000,
maze-128-128-10-even-1_bucket_80,80,10,maze-128-128-10.map,False,5000,5000,
maze-128-128-10-even-1_bucket_13,13,10,maze-128-128-10.map,False,5000,5000,
maze-128-128-10-even-1_bucket_3,3,10,maze-128-128-10.map,False,5000,5000,
maze-128-128-10-even-1_bucket_97,97,10,maze-128-128-10.map,False,5000,5000,
maze-128-128-10-even-1_bucket_11,11,10,maze-128-128-10.map,False,5000,5000,
maze-128-128-10-even-1_bucket_26,26,10,maze-128-128-10.map,False,5000,5000,
maze-128-128-10-even-1_bucket_102,102,10,maze-128-128-10.map,False,5000,5000,
maze-128-128-10-even-1_bucket_87,87,10,maze-128-128-10.map,False,5000,5000,
maze-128-128-10-even-1_bucket_83,83,10,maze-128-128-10.map,False,5000,5000,
maze-128-128-10-even-1_bucket_35,35,10,maze-128-128-10.map,False,5000,5000,
maze-128-128-10-even-1_bucket_66,66,10,maze-128-128-10.map,False,5000,5000,
maze-128-128-10-even-1_bucket_17,17,10,maze-128-128-10.map,False,5000,5000,
maze-128-128-10-even-1_bucket_34,34,10,maze-128-128-10.map,False,5000,5000,
maze-128-128-10-even-1_bucket_41,41,10,maze-128-128-10.map,False,5000,5000,
maze-128-128-10-even-1_bucket_106,106,10,maze-128-128-10.map,False,5000,5000,
maze-128-128-10-even-1_bucket_1,1,10,maze-128-128-10.map,False,5000,5000,
maze-128-128-10-even-1_bucket_39,39,10,maze-128-128-10.map,False,5000,5000,
maze-128-128-10-even-1_bucket_88,88,10,maze-128-128-10.map,False,5000,5000,
maze-128-128-10-even-1_bucket_6,6,10,maze-128-128-10.map,False,5000,5000,
maze-128-128-10-even-1_bucket_5,5,10,maze-128-128-10.map,False,5000,5000,
maze-128-128-10-even-1_bucket_46,46,10,maze-128-128-10.map,False,5000,5000,
maze-128-128-10-even-1_bucket_62,62,10,maze-128-128-10.map,False,5000,5000,
maze-128-128-10-even-1_bucket_58,58,10,maze-128-128-10.map,False,5000,5000,
maze-128-128-10-even-1_bucket_103,103,10,maze-128-128-10.map,False,5000,5000,
maze-128-128-10-even-1_bucket_69,69,10,maze-128-128-10.map,False,5000,5000,
maze-128-128-10-even-1_bucket_90,90,10,maze-128-128-10.map,False,5000,5000,
maze-128-128-10-even-1_bucket_18,18,10,maze-128-128-10.map,False,5000,5000,
maze-128-128-10-even-1_bucket_77,77,10,maze-128-128-10.map,False,5000,5000,
maze-128-128-10-even-1_bucket_53,53,10,maze-128-128-10.map,False,5000,5000,
maze-128-128-10-even-1_bucket_2,2,10,maze-128-128-10.map,False,5000,5000,
maze-128-128-10-even-1_bucket_12,12,10,maze-128-128-10.map,False,5000,5000,
maze-128-128-10-even-1_bucket_65,65,10,maze-128-128-10.map,False,5000,5000,
maze-128-128-2-even-1_bucket_185,185,10,maze-128-128-2.map,False,5000,5000,
maze-128-128-2-even-1_bucket_78,78,10,maze-128-128-2.map,False,5000,5000,
maze-128-128-2-even-1_bucket_134,134,10,maze-128-128-2.map,False,5000,5000,
maze-128-128-2-even-1_bucket_82,82,10,maze-128-128-2.map,False,5000,5000,
maze-128-128-2-even-1_bucket_237,237,10,maze-128-128-2.map,False,5000,5000,
maze-128-128-2-even-1_bucket_18,18,10,maze-128-128-2.map,False,5000,5000,
maze-128-128-2-even-1_bucket_6,6,10,maze-128-128-2.map,False,5000,5000,
maze-128-128-2-even-1_bucket_23,23,10,maze-128-128-2.map,False,5000,5000,
maze-128-128-2-even-1_bucket_97,97,10,maze-128-128-2.map,False,5000,5000,
maze-128-128-2-even-1_bucket_80,80,10,maze-128-128-2.map,False,5000,5000,
maze-128-128-2-even-1_bucket_233,233,10,maze-128-128-2.map,False,5000,5000,
maze-128-128-2-even-1_bucket_8,8,10,maze-128-128-2.map,False,5000,5000,
maze-128-128-2-even-1_bucket_61,61,10,maze-128-128-2.map,False,5000,5000,
maze-128-128-2-even-1_bucket_107,107,10,maze-128-128-2.map,False,5000,5000,
maze-128-128-2-even-1_bucket_53,53,10,maze-128-128-2.map,False,5000,5000,
maze-128-128-2-even-1_bucket_66,66,10,maze-128-128-2.map,False,5000,5000,
maze-128-128-2-even-1_bucket_63,63,10,maze-128-128-2.map,False,5000,5000,
maze-128-128-2-even-1_bucket_193,193,10,maze-128-128-2.map,False,5000,5000,
maze-128-128-2-even-1_bucket_98,98,10,maze-128-128-2.map,False,5000,5000,
maze-128-128-2-even-1_bucket_238,238,10,maze-128-128-2.map,False,5000,5000,
maze-128-128-2-even-1_bucket_118,118,10,maze-128-128-2.map,False,5000,5000,
maze-128-128-2-even-1_bucket_44,44,10,maze-128-128-2.map,False,5000,5000,
maze-128-128-2-even-1_bucket_76,76,10,maze-128-128-2.map,False,5000,5000,
maze-128-128-2-even-1_bucket_162,162,10,maze-128-128-2.map,False,5000,5000,
maze-128-128-2-even-1_bucket_166,166,10,maze-128-128-2.map,False,5000,5000,
maze-128-128-2-even-1_bucket_207,207,10,maze-128-128-2.map,False,5000,5000,
maze-128-128-2-even-1_bucket_24,24,10,maze-128-128-2.map,False,5000,5000,
maze-128-128-2-even-1_bucket_114,114,10,maze-128-128-2.map,False,5000,5000,
maze-128-128-2-even-1_bucket_31,31,10,maze-128-128-2.map,False,5000,5000,
maze-128-128-2-even-1_bucket_212,212,10,maze-128-128-2.map,False,5000,5000,
maze-128-128-2-even-1_bucket_246,246,10,maze-128-128-2.map,False,5000,5000,
maze-128-128-2-even-1_bucket_25,25,10,maze-128-128-2.map,False,5000,5000,
maze-128-128-2-even-1_bucket_239,239,10,maze-128-128-2.map,False,5000,5000,
maze-128-128-2-even-1_bucket_51,51,10,maze-128-128-2.map,False,5000,5000,
maze-128-128-2-even-1_bucket_152,152,10,maze-128-128-2.map,False,5000,5000,
maze-128-128-2-even-1_bucket_219,219,10,maze-128-128-2.map,False,5000,5000,
maze-128-128-2-even-1_bucket_169,169,10,maze-128-128-2.map,False,5000,5000,
maze-128-128-2-even-1_bucket_192,192,10,maze-128-128-2.map,False,5000,5000,
maze-128-128-2-even-1_bucket_121,121,10,maze-128-128-2.map,False,5000,5000,
maze-128-128-2-even-1_bucket_91,91,10,maze-128-128-2.map,False,5000,5000,
maze-128-128-2-even-1_bucket_204,204,10,maze-128-128-2.map,False,5000,5000,
maze-128-128-2-even-1_bucket_109,109,10,maze-128-128-2.map,False,5000,5000,
maze-128-128-2-even-1_bucket_112,112,10,maze-128-128-2.map,False,5000,5000,
maze-128-128-2-even-1_bucket_208,208,10,maze-128-128-2.map,False,5000,5000,
maze-128-128-2-even-1_bucket_158,158,10,maze-128-128-2.map,False,5000,5000,
maze-128-128-2-even-1_bucket_163,163,10,maze-128-128-2.map,False,5000,5000,
maze-128-128-2-even-1_bucket_148,148,10,maze-128-128-2.map,False,5000,5000,
maze-128-128-2-even-1_bucket_21,21,10,maze-128-128-2.map,False,5000,5000,
maze-128-128-2-even-1_bucket_115,115,10,maze-128-128-2.map,False,5000,5000,
maze-128-128-2-even-1_bucket_7,7,10,maze-128-128-2.map,False,5000,5000,
maze-128-128-2-even-1_bucket_131,131,10,maze-128-128-2.map,False,5000,5000,
maze-128-128-2-even-1_bucket_226,226,10,maze-128-128-2.map,False,5000,5000,
maze-128-128-2-even-1_bucket_29,29,10,maze-128-128-2.map,False,5000,5000,
maze-128-128-2-even-1_bucket_28,28,10,maze-128-128-2.map,False,5000,5000,
maze-128-128-2-even-1_bucket_213,213,10,maze-128-128-2.map,False,5000,5000,
maze-128-128-2-even-1_bucket_164,164,10,maze-128-128-2.map,False,5000,5000,
maze-128-128-2-even-1_bucket_17,17,10,maze-128-128-2.map,False,5000,5000,
maze-128-128-2-even-1_bucket_26,26,10,maze-128-128-2.map,False,5000,5000,
maze-128-128-2-even-1_bucket_73,73,10,maze-128-128-2.map,False,5000,5000,
maze-128-128-2-even-1_bucket_30,30,10,maze-128-128-2.map,False,5000,5000,
maze-128-128-2-even-1_bucket_16,16,10,maze-128-128-2.map,False,5000,5000,
maze-128-128-2-even-1_bucket_173,173,10,maze-128-128-2.map,False,5000,5000,
maze-128-128-2-even-1_bucket_228,228,10,maze-128-128-2.map,False,5000,5000,
maze-128-128-2-even-1_bucket_45,45,10,maze-128-128-2.map,False,5000,5000,
maze-128-128-2-even-1_bucket_124,124,10,maze-128-128-2.map,False,5000,5000,
maze-128-128-2-even-1_bucket_249,249,10,maze-128-128-2.map,False,5000,5000,
maze-128-128-2-even-1_bucket_13,13,10,maze-128-128-2.map,False,5000,5000,
maze-128-128-2-even-1_bucket_151,151,10,maze-128-128-2.map,False,5000,5000,
maze-128-128-2-even-1_bucket_244,244,10,maze-128-128-2.map,False,5000,5000,
maze-128-128-2-even-1_bucket_177,177,10,maze-128-128-2.map,False,5000,5000,
maze-128-128-2-even-1_bucket_5,5,10,maze-128-128-2.map,False,5000,5000,
maze-128-128-2-even-1_bucket_129,129,10,maze-128-128-2.map,False,5000,5000,
maze-128-128-2-even-1_bucket_210,210,10,maze-128-128-2.map,False,5000,5000,
maze-128-128-2-even-1_bucket_143,143,10,maze-128-128-2.map,False,5000,5000,
maze-128-128-2-even-1_bucket_36,36,10,maze-128-128-2.map,False,5000,5000,
maze-128-128-2-even-1_bucket_120,120,10,maze-128-128-2.map,False,5000,5000,
maze-128-128-2-even-1_bucket_12,12,10,maze-128-128-2.map,False,5000,5000,
maze-128-128-2-even-1_bucket_94,94,10,maze-128-128-2.map,False,5000,5000,
maze-128-128-2-even-1_bucket_88,88,10,maze-128-128-2.map,False,5000,5000,
maze-128-128-2-even-1_bucket_145,145,10,maze-128-128-2.map,False,5000,5000,
maze-128-128-2-even-1_bucket_142,142,10,maze-128-128-2.map,False,5000,5000,
maze-128-128-2-even-1_bucket_174,174,10,maze-128-128-2.map,False,5000,5000,
maze-128-128-2-even-1_bucket_92,92,10,maze-128-128-2.map,False,5000,5000,
maze-128-128-2-even-1_bucket_220,220,10,maze-128-128-2.map,False,5000,5000,
maze-128-128-2-even-1_bucket_139,139,10,maze-128-128-2.map,False,5000,5000,
maze-128-128-2-even-1_bucket_75,75,10,maze-128-128-2.map,False,5000,5000,
maze-128-128-2-even-1_bucket_178,178,10,maze-128-128-2.map,False,5000,5000,
maze-128-128-2-even-1_bucket_4,4,10,maze-128-128-2.map,False,5000,5000,
maze-128-128-2-even-1_bucket_214,214,10,maze-128-128-2.map,False,5000,5000,
maze-128-128-2-even-1_bucket_47,47,10,maze-128-128-2.map,False,5000,5000,
maze-128-128-2-even-1_bucket_110,110,10,maze-128-128-2.map,False,5000,5000,
maze-128-128-2-even-1_bucket_170,170,10,maze-128-128-2.map,False,5000,5000,
maze-128-128-2-even-1_bucket_60,60,10,maze-128-128-2.map,False,5000,5000,
maze-128-128-2-even-1_bucket_133,133,10,maze-128-128-2.map,False,5000,5000,
maze-128-128-2-even-1_bucket_211,211,10,maze-128-128-2.map,False,5000,5000,
maze-128-128-2-even-1_bucket_116,116,10,maze-128-128-2.map,False,5000,5000,
maze-128-128-2-even-1_bucket_11,11,10,maze-128-128-2.map,False,5000,5000,
maze-128-128-2-even-1_bucket_57,57,10,maze-128-128-2.map,False,5000,5000,
maze-128-128-2-even-1_bucket_103,103,10,maze-128-128-2.map,False,5000,5000,
maze-128-128-2-even-1_bucket_184,184,10,maze-128-128-2.map,False,5000,5000,
maze-128-128-2-even-1_bucket_217,217,10,maze-128-128-2.map,False,5000,5000,
maze-128-128-2-even-1_bucket_165,165,10,maze-128-128-2.map,False,5000,5000,
maze-128-128-2-even-1_bucket_205,205,10,maze-128-128-2.map,False,5000,5000,
maze-128-128-2-even-1_bucket_144,144,10,maze-128-128-2.map,False,5000,5000,
maze-128-128-2-even-1_bucket_87,87,10,maze-128-128-2.map,False,5000,5000,
maze-128-128-2-even-1_bucket_224,224,10,maze-128-128-2.map,False,5000,5000,
maze-128-128-2-even-1_bucket_216,216,10,maze-128-128-2.map,False,5000,5000,
maze-128-128-2-even-1_bucket_191,191,10,maze-128-128-2.map,False,5000,5000,
maze-128-128-2-even-1_bucket_1,1,10,maze-128-128-2.map,False,5000,5000,
maze-128-128-2-even-1_bucket_187,187,10,maze-128-128-2.map,False,5000,5000,
maze-128-128-2-even-1_bucket_105,105,10,maze-128-128-2.map,False,5000,5000,
maze-128-128-2-even-1_bucket_123,123,10,maze-128-128-2.map,False,5000,5000,
maze-128-128-2-even-1_bucket_77,77,10,maze-128-128-2.map,False,5000,5000,
maze-128-128-2-even-1_bucket_181,181,10,maze-128-128-2.map,False,5000,5000,
maze-128-128-2-even-1_bucket_172,172,10,maze-128-128-2.map,False,5000,5000,
maze-128-128-2-even-1_bucket_99,99,10,maze-128-128-2.map,False,5000,5000,
maze-128-128-2-even-1_bucket_230,230,10,maze-128-128-2.map,False,5000,5000,
maze-128-128-2-even-1_bucket_196,196,10,maze-128-128-2.map,False,5000,5000,
maze-128-128-2-even-1_bucket_135,135,10,maze-128-128-2.map,False,5000,5000,
maze-128-128-2-even-1_bucket_232,232,10,maze-128-128-2.map,False,5000,5000,
maze-128-128-2-even-1_bucket_248,248,10,maze-128-128-2.map,False,5000,5000,
maze-128-128-2-even-1_bucket_39,39,10,maze-128-128-2.map,False,5000,5000,
maze-128-128-2-even-1_bucket_100,100,10,maze-128-128-2.map,False,5000,5000,
maze-128-128-2-even-1_bucket_176,176,10,maze-128-128-2.map,False,5000,5000,
maze-128-128-2-even-1_bucket_245,245,10,maze-128-128-2.map,False,5000,5000,
maze-128-128-2-even-1_bucket_157,157,10,maze-128-128-2.map,False,5000,5000,
maze-128-128-2-even-1_bucket_32,32,10,maze-128-128-2.map,False,5000,5000,
maze-128-128-2-even-1_bucket_194,194,10,maze-128-128-2.map,False,5000,5000,
maze-128-128-2-even-1_bucket_0,0,10,maze-128-128-2.map,False,5000,5000,
maze-128-128-2-even-1_bucket_55,55,10,maze-128-128-2.map,False,5000,5000,
maze-128-128-2-even-1_bucket_149,149,10,maze-128-128-2.map,False,5000,5000,
maze-128-128-2-even-1_bucket_190,190,10,maze-128-128-2.map,False,5000,5000,
maze-128-128-2-even-1_bucket_231,231,10,maze-128-128-2.map,False,5000,5000,
maze-128-128-2-even-1_bucket_19,19,10,maze-128-128-2.map,False,5000,5000,
maze-128-128-2-even-1_bucket_137,137,10,maze-128-128-2.map,False,5000,5000,
maze-128-128-2-even-1_bucket_20,20,10,maze-128-128-2.map,False,5000,5000,
maze-128-128-2-even-1_bucket_72,72,10,maze-128-128-2.map,False,5000,5000,
maze-128-128-2-even-1_bucket_68,68,10,maze-128-128-2.map,False,5000,5000,
maze-128-128-2-even-1_bucket_198,198,10,maze-128-128-2.map,False,5000,5000,
maze-128-128-2-even-1_bucket_40,40,10,maze-128-128-2.map,False,5000,5000,
maze-128-128-2-even-1_bucket_79,79,10,maze-128-128-2.map,False,5000,5000,
maze-128-128-2-even-1_bucket_132,132,10,maze-128-128-2.map,False,5000,5000,
maze-128-128-2-even-1_bucket_113,113,10,maze-128-128-2.map,False,5000,5000,
maze-128-128-2-even-1_bucket_183,183,10,maze-128-128-2.map,False,5000,5000,
maze-128-128-2-even-1_bucket_2,2,10,maze-128-128-2.map,False,5000,5000,
maze-128-128-2-even-1_bucket_195,195,10,maze-128-128-2.map,False,5000,5000,
maze-128-128-2-even-1_bucket_90,90,10,maze-128-128-2.map,False,5000,5000,
maze-128-128-2-even-1_bucket_83,83,10,maze-128-128-2.map,False,5000,5000,
maze-128-128-2-even-1_bucket_156,156,10,maze-128-128-2.map,False,5000,5000,
maze-128-128-2-even-1_bucket_48,48,10,maze-128-128-2.map,False,5000,5000,
maze-128-128-2-even-1_bucket_38,38,10,maze-128-128-2.map,False,5000,5000,
maze-128-128-2-even-1_bucket_199,199,10,maze-128-128-2.map,False,5000,5000,
maze-128-128-2-even-1_bucket_200,200,10,maze-128-128-2.map,False,5000,5000,
maze-128-128-2-even-1_bucket_154,154,10,maze-128-128-2.map,False,5000,5000,
maze-128-128-2-even-1_bucket_223,223,10,maze-128-128-2.map,False,5000,5000,
maze-128-128-2-even-1_bucket_182,182,10,maze-128-128-2.map,False,5000,5000,
maze-128-128-2-even-1_bucket_160,160,10,maze-128-128-2.map,False,5000,5000,
maze-128-128-2-even-1_bucket_140,140,10,maze-128-128-2.map,False,5000,5000,
maze-128-128-2-even-1_bucket_62,62,10,maze-128-128-2.map,False,5000,5000,
maze-128-128-2-even-1_bucket_65,65,10,maze-128-128-2.map,False,5000,5000,
maze-128-128-2-even-1_bucket_84,84,10,maze-128-128-2.map,False,5000,5000,
maze-128-128-2-even-1_bucket_56,56,10,maze-128-128-2.map,False,5000,5000,
maze-128-128-2-even-1_bucket_243,243,10,maze-128-128-2.map,False,5000,5000,
maze-128-128-2-even-1_bucket_215,215,10,maze-128-128-2.map,False,5000,5000,
maze-128-128-2-even-1_bucket_155,155,10,maze-128-128-2.map,False,5000,5000,
maze-128-128-2-even-1_bucket_225,225,10,maze-128-128-2.map,False,5000,5000,
maze-128-128-2-even-1_bucket_85,85,10,maze-128-128-2.map,False,5000,5000,
maze-128-128-2-even-1_bucket_147,147,10,maze-128-128-2.map,False,5000,5000,
maze-128-128-2-even-1_bucket_222,222,10,maze-128-128-2.map,False,5000,5000,
maze-128-128-2-even-1_bucket_171,171,10,maze-128-128-2.map,False,5000,5000,
maze-128-128-2-even-1_bucket_35,35,10,maze-128-128-2.map,False,5000,5000,
maze-128-128-2-even-1_bucket_127,127,10,maze-128-128-2.map,False,5000,5000,
maze-128-128-2-even-1_bucket_203,203,10,maze-128-128-2.map,False,5000,5000,
maze-128-128-2-even-1_bucket_234,234,10,maze-128-128-2.map,False,5000,5000,
maze-128-128-2-even-1_bucket_104,104,10,maze-128-128-2.map,False,5000,5000,
maze-128-128-2-even-1_bucket_168,168,10,maze-128-128-2.map,False,5000,5000,
maze-128-128-2-even-1_bucket_102,102,10,maze-128-128-2.map,False,5000,5000,
maze-128-128-2-even-1_bucket_52,52,10,maze-128-128-2.map,False,5000,5000,
maze-128-128-2-even-1_bucket_150,150,10,maze-128-128-2.map,False,5000,5000,
maze-128-128-2-even-1_bucket_126,126,10,maze-128-128-2.map,False,5000,5000,
maze-128-128-2-even-1_bucket_202,202,10,maze-128-128-2.map,False,5000,5000,
maze-128-128-2-even-1_bucket_67,67,10,maze-128-128-2.map,False,5000,5000,
maze-128-128-2-even-1_bucket_206,206,10,maze-128-128-2.map,False,5000,5000,
maze-128-128-2-even-1_bucket_9,9,10,maze-128-128-2.map,False,5000,5000,
maze-128-128-2-even-1_bucket_22,22,10,maze-128-128-2.map,False,5000,5000,
maze-128-128-2-even-1_bucket_81,81,10,maze-128-128-2.map,False,5000,5000,
maze-128-128-2-even-1_bucket_117,117,10,maze-128-128-2.map,False,5000,5000,
maze-128-128-2-even-1_bucket_15,15,10,maze-128-128-2.map,False,5000,5000,
maze-128-128-2-even-1_bucket_54,54,10,maze-128-128-2.map,False,5000,5000,
maze-128-128-2-even-1_bucket_189,189,10,maze-128-128-2.map,False,5000,5000,
maze-128-128-2-even-1_bucket_125,125,10,maze-128-128-2.map,False,5000,5000,
maze-128-128-2-even-1_bucket_146,146,10,maze-128-128-2.map,False,5000,5000,
maze-128-128-2-even-1_bucket_136,136,10,maze-128-128-2.map,False,5000,5000,
maze-128-128-2-even-1_bucket_167,167,10,maze-128-128-2.map,False,5000,5000,
maze-128-128-2-even-1_bucket_122,122,10,maze-128-128-2.map,False,5000,5000,
maze-128-128-2-even-1_bucket_59,59,10,maze-128-128-2.map,False,5000,5000,
maze-128-128-2-even-1_bucket_64,64,10,maze-128-128-2.map,False,5000,5000,
maze-128-128-2-even-1_bucket_101,101,10,maze-128-128-2.map,False,5000,5000,
maze-128-128-2-even-1_bucket_180,180,10,maze-128-128-2.map,False,5000,5000,
maze-128-128-2-even-1_bucket_96,96,10,maze-128-128-2.map,False,5000,5000,
maze-128-128-2-even-1_bucket_242,242,10,maze-128-128-2.map,False,5000,5000,
maze-128-128-2-even-1_bucket_218,218,10,maze-128-128-2.map,False,5000,5000,
maze-128-128-2-even-1_bucket_119,119,10,maze-128-128-2.map,False,5000,5000,
maze-128-128-2-even-1_bucket_71,71,10,maze-128-128-2.map,False,5000,5000,
maze-128-128-2-even-1_bucket_138,138,10,maze-128-128-2.map,False,5000,5000,
maze-128-128-2-even-1_bucket_10,10,10,maze-128-128-2.map,False,5000,5000,
maze-128-128-2-even-1_bucket_159,159,10,maze-128-128-2.map,False,5000,5000,
maze-128-128-2-even-1_bucket_236,236,10,maze-128-128-2.map,False,5000,5000,
maze-128-128-2-even-1_bucket_93,93,10,maze-128-128-2.map,False,5000,5000,
maze-128-128-2-even-1_bucket_69,69,10,maze-128-128-2.map,False,5000,5000,
maze-128-128-2-even-1_bucket_108,108,10,maze-128-128-2.map,False,5000,5000,
maze-128-128-2-even-1_bucket_3,3,10,maze-128-128-2.map,False,5000,5000,
maze-128-128-2-even-1_bucket_49,49,10,maze-128-128-2.map,False,5000,5000,
maze-128-128-2-even-1_bucket_235,235,10,maze-128-128-2.map,False,5000,5000,
maze-128-128-2-even-1_bucket_95,95,10,maze-128-128-2.map,False,5000,5000,
maze-128-128-2-even-1_bucket_227,227,10,maze-128-128-2.map,False,5000,5000,
maze-128-128-2-even-1_bucket_58,58,10,maze-128-128-2.map,False,5000,5000,
maze-128-128-2-even-1_bucket_240,240,10,maze-128-128-2.map,False,5000,5000,
maze-128-128-2-even-1_bucket_74,74,10,maze-128-128-2.map,False,5000,5000,
maze-128-128-2-even-1_bucket_179,179,10,maze-128-128-2.map,False,5000,5000,
maze-128-128-2-even-1_bucket_70,70,10,maze-128-128-2.map,False,5000,5000,
maze-128-128-2-even-1_bucket_186,186,10,maze-128-128-2.map,False,5000,5000,
maze-128-128-2-even-1_bucket_111,111,10,maze-128-128-2.map,False,5000,5000,
maze-128-128-2-even-1_bucket_221,221,10,maze-128-128-2.map,False,5000,5000,
maze-128-128-2-even-1_bucket_247,247,10,maze-128-128-2.map,False,5000,5000,
maze-128-128-2-even-1_bucket_128,128,10,maze-128-128-2.map,False,5000,5000,
maze-128-128-2-even-1_bucket_37,37,10,maze-128-128-2.map,False,5000,5000,
maze-128-128-2-even-1_bucket_50,50,10,maze-128-128-2.map,False,5000,5000,
maze-128-128-2-even-1_bucket_241,241,10,maze-128-128-2.map,False,5000,5000,
maze-128-128-2-even-1_bucket_14,14,10,maze-128-128-2.map,False,5000,5000,
maze-128-128-2-even-1_bucket_41,41,10,maze-128-128-2.map,False,5000,5000,
maze-128-128-2-even-1_bucket_209,209,10,maze-128-128-2.map,False,5000,5000,
maze-128-128-2-even-1_bucket_27,27,10,maze-128-128-2.map,False,5000,5000,
maze-128-128-2-even-1_bucket_141,141,10,maze-128-128-2.map,False,5000,5000,
maze-128-128-2-even-1_bucket_175,175,10,maze-128-128-2.map,False,5000,5000,
maze-128-128-2-even-1_bucket_153,153,10,maze-128-128-2.map,False,5000,5000,
maze-128-128-2-even-1_bucket_43,43,10,maze-128-128-2.map,False,5000,5000,
maze-128-128-2-even-1_bucket_201,201,10,maze-128-128-2.map,False,5000,5000,
maze-128-128-2-even-1_bucket_86,86,10,maze-128-128-2.map,False,5000,5000,
maze-128-128-2-even-1_bucket_229,229,10,maze-128-128-2.map,False,5000,5000,
maze-128-128-2-even-1_bucket_46,46,10,maze-128-128-2.map,False,5000,5000,
maze-128-128-2-even-1_bucket_106,106,10,maze-128-128-2.map,False,5000,5000,
maze-128-128-2-even-1_bucket_33,33,10,maze-128-128-2.map,False,5000,5000,
maze-128-128-2-even-1_bucket_34,34,10,maze-128-128-2.map,False,5000,5000,
maze-128-128-2-even-1_bucket_197,197,10,maze-128-128-2.map,False,5000,5000,
maze-128-128-2-even-1_bucket_188,188,10,maze-128-128-2.map,False,5000,5000,
maze-128-128-2-even-1_bucket_89,89,10,maze-128-128-2.map,False,5000,5000,
maze-128-128-2-even-1_bucket_161,161,10,maze-128-128-2.map,False,5000,5000,
maze-128-128-2-even-1_bucket_130,130,10,maze-128-128-2.map,False,5000,5000,
maze-128-128-2-even-1_bucket_42,42,10,maze-128-128-2.map,False,5000,5000,
maze-32-32-2-even-1_bucket_3,3,10,maze-32-32-2.map,False,5000,5000,
maze-32-32-2-even-1_bucket_8,8,10,maze-32-32-2.map,False,5000,5000,
maze-32-32-2-even-1_bucket_16,16,10,maze-32-32-2.map,False,5000,5000,
maze-32-32-2-even-1_bucket_13,13,10,maze-32-32-2.map,False,5000,5000,
maze-32-32-2-even-1_bucket_11,11,10,maze-32-32-2.map,False,5000,5000,
maze-32-32-2-even-1_bucket_5,5,10,maze-32-32-2.map,False,5000,5000,
maze-32-32-2-even-1_bucket_12,12,10,maze-32-32-2.map,False,5000,5000,
maze-32-32-2-even-1_bucket_22,22,10,maze-32-32-2.map,False,5000,5000,
maze-32-32-2-even-1_bucket_2,2,10,maze-32-32-2.map,False,5000,5000,
maze-32-32-2-even-1_bucket_0,0,10,maze-32-32-2.map,False,5000,5000,
maze-32-32-2-even-1_bucket_21,21,10,maze-32-32-2.map,False,5000,5000,
maze-32-32-2-even-1_bucket_10,10,10,maze-32-32-2.map,False,5000,5000,
maze-32-32-2-even-1_bucket_19,19,10,maze-32-32-2.map,False,5000,5000,
maze-32-32-2-even-1_bucket_6,6,10,maze-32-32-2.map,False,5000,5000,
maze-32-32-2-even-1_bucket_7,7,10,maze-32-32-2.map,False,5000,5000,
maze-32-32-2-even-1_bucket_1,1,10,maze-32-32-2.map,False,5000,5000,
maze-32-32-2-even-1_bucket_14,14,10,maze-32-32-2.map,False,5000,5000,
maze-32-32-2-even-1_bucket_15,15,10,maze-32-32-2.map,False,5000,5000,
maze-32-32-2-even-1_bucket_17,17,10,maze-32-32-2.map,False,5000,5000,
maze-32-32-2-even-1_bucket_20,20,10,maze-32-32-2.map,False,5000,5000,
maze-32-32-2-even-1_bucket_9,9,10,maze-32-32-2.map,False,5000,5000,
maze-32-32-2-even-1_bucket_4,4,10,maze-32-32-2.map,False,5000,5000,
maze-32-32-2-even-1_bucket_18,18,10,maze-32-32-2.map,False,5000,5000,
maze-32-32-4-even-1_bucket_13,13,10,maze-32-32-4.map,False,5000,5000,
maze-32-32-4-even-1_bucket_14,14,10,maze-32-32-4.map,False,5000,5000,
maze-32-32-4-even-1_bucket_0,0,10,maze-32-32-4.map,False,5000,5000,
maze-32-32-4-even-1_bucket_19,19,10,maze-32-32-4.map,False,5000,5000,
maze-32-32-4-even-1_bucket_18,18,10,maze-32-32-4.map,False,5000,5000,
maze-32-32-4-even-1_bucket_15,15,10,maze-32-32-4.map,False,5000,5000,
maze-32-32-4-even-1_bucket_17,17,10,maze-32-32-4.map,False,5000,5000,
maze-32-32-4-even-1_bucket_3,3,10,maze-32-32-4.map,False,5000,5000,
maze-32-32-4-even-1_bucket_4,4,10,maze-32-32-4.map,False,5000,5000,
maze-32-32-4-even-1_bucket_5,5,10,maze-32-32-4.map,False,5000,5000,
maze-32-32-4-even-1_bucket_12,12,10,maze-32-32-4.map,False,5000,5000,
maze-32-32-4-even-1_bucket_16,16,10,maze-32-32-4.map,False,5000,5000,
maze-32-32-4-even-1_bucket_11,11,10,maze-32-32-4.map,False,5000,5000,
maze-32-32-4-even-1_bucket_9,9,10,maze-32-32-4.map,False,5000,5000,
maze-32-32-4-even-1_bucket_2,2,10,maze-32-32-4.map,False,5000,5000,
maze-32-32-4-even-1_bucket_10,10,10,maze-32-32-4.map,False,5000,5000,
maze-32-32-4-even-1_bucket_1,1,10,maze-32-32-4.map,False,5000,5000,
maze-32-32-4-even-1_bucket_8,8,10,maze-32-32-4.map,False,5000,5000,
maze-32-32-4-even-1_bucket_6,6,10,maze-32-32-4.map,False,5000,5000,
maze-32-32-4-even-1_bucket_7,7,10,maze-32-32-4.map,False,5000,5000,
orz900d-even-1_bucket_422,422,10,orz900d.map,False,5000,5000,
orz900d-even-1_bucket_668,668,10,orz900d.map,False,5000,5000,
orz900d-even-1_bucket_142,142,10,orz900d.map,False,5000,5000,
orz900d-even-1_bucket_591,591,10,orz900d.map,False,5000,5000,
orz900d-even-1_bucket_68,68,10,orz900d.map,False,5000,5000,
orz900d-even-1_bucket_417,417,10,orz900d.map,False,5000,5000,
orz900d-even-1_bucket_2,2,10,orz900d.map,False,5000,5000,
orz900d-even-1_bucket_410,410,10,orz900d.map,False,5000,5000,
orz900d-even-1_bucket_595,595,10,orz900d.map,False,5000,5000,
orz900d-even-1_bucket_534,534,10,orz900d.map,False,5000,5000,
orz900d-even-1_bucket_314,314,10,orz900d.map,False,5000,5000,
orz900d-even-1_bucket_389,389,10,orz900d.map,False,5000,5000,
orz900d-even-1_bucket_446,446,10,orz900d.map,False,5000,5000,
orz900d-even-1_bucket_376,376,10,orz900d.map,False,5000,5000,
orz900d-even-1_bucket_226,226,10,orz900d.map,False,5000,5000,
orz900d-even-1_bucket_428,428,10,orz900d.map,False,5000,5000,
orz900d-even-1_bucket_364,364,10,orz900d.map,False,5000,5000,
orz900d-even-1_bucket_206,206,10,orz900d.map,False,5000,5000,
orz900d-even-1_bucket_661,661,10,orz900d.map,False,5000,5000,
orz900d-even-1_bucket_25,25,10,orz900d.map,False,5000,5000,
orz900d-even-1_bucket_604,604,10,orz900d.map,False,5000,5000,
orz900d-even-1_bucket_205,205,10,orz900d.map,False,5000,5000,
orz900d-even-1_bucket_448,448,10,orz900d.map,False,5000,5000,
orz900d-even-1_bucket_242,242,10,orz900d.map,False,5000,5000,
orz900d-even-1_bucket_452,452,10,orz900d.map,False,5000,5000,
orz900d-even-1_bucket_365,365,10,orz900d.map,False,5000,5000,
orz900d-even-1_bucket_441,441,10,orz900d.map,False,5000,5000,
orz900d-even-1_bucket_605,605,10,orz900d.map,False,5000,5000,
orz900d-even-1_bucket_119,119,10,orz900d.map,False,5000,5000,
orz900d-even-1_bucket_301,301,10,orz900d.map,False,5000,5000,
orz900d-even-1_bucket_398,398,10,orz900d.map,False,5000,5000,
orz900d-even-1_bucket_187,187,10,orz900d.map,False,5000,5000,
orz900d-even-1_bucket_107,107,10,orz900d.map,False,5000,5000,
orz900d-even-1_bucket_371,371,10,orz900d.map,False,5000,5000,
orz900d-even-1_bucket_361,361,10,orz900d.map,False,5000,5000,
orz900d-even-1_bucket_47,47,10,orz900d.map,False,5000,5000,
orz900d-even-1_bucket_1,1,10,orz900d.map,False,5000,5000,
orz900d-even-1_bucket_55,55,10,orz900d.map,False,5000,5000,
orz900d-even-1_bucket_240,240,10,orz900d.map,False,5000,5000,
orz900d-even-1_bucket_131,131,10,orz900d.map,False,5000,5000,
orz900d-even-1_bucket_394,394,10,orz900d.map,False,5000,5000,
orz900d-even-1_bucket_445,445,10,orz900d.map,False,5000,5000,
orz900d-even-1_bucket_598,598,10,orz900d.map,False,5000,5000,
orz900d-even-1_bucket_271,271,10,orz900d.map,False,5000,5000,
orz900d-even-1_bucket_516,516,10,orz900d.map,False,5000,5000,
orz900d-even-1_bucket_288,288,10,orz900d.map,False,5000,5000,
orz900d-even-1_bucket_538,538,10,orz900d.map,False,5000,5000,
orz900d-even-1_bucket_628,628,10,orz900d.map,False,5000,5000,
orz900d-even-1_bucket_514,514,10,orz900d.map,False,5000,5000,
orz900d-even-1_bucket_3,3,10,orz900d.map,False,5000,5000,
orz900d-even-1_bucket_671,671,10,orz900d.map,False,5000,5000,
orz900d-even-1_bucket_178,178,10,orz900d.map,False,5000,5000,
orz900d-even-1_bucket_639,639,10,orz900d.map,False,5000,5000,
orz900d-even-1_bucket_404,404,10,orz900d.map,False,5000,5000,
orz900d-even-1_bucket_292,292,10,orz900d.map,False,5000,5000,
orz900d-even-1_bucket_486,486,10,orz900d.map,False,5000,5000,
orz900d-even-1_bucket_262,262,10,orz900d.map,False,5000,5000,
orz900d-even-1_bucket_646,646,10,orz900d.map,False,5000,5000,
orz900d-even-1_bucket_33,33,10,orz900d.map,False,5000,5000,
orz900d-even-1_bucket_297,297,10,orz900d.map,False,5000,5000,
orz900d-even-1_bucket_579,579,10,orz900d.map,False,5000,5000,
orz900d-even-1_bucket_519,519,10,orz900d.map,False,5000,5000,
orz900d-even-1_bucket_489,489,10,orz900d.map,False,5000,5000,
orz900d-even-1_bucket_129,129,10,orz900d.map,False,5000,5000,
orz900d-even-1_bucket_654,654,10,orz900d.map,False,5000,5000,
orz900d-even-1_bucket_237,237,10,orz900d.map,False,5000,5000,
orz900d-even-1_bucket_70,70,10,orz900d.map,False,5000,5000,
orz900d-even-1_bucket_316,316,10,orz900d.map,False,5000,5000,
orz900d-even-1_bucket_442,442,10,orz900d.map,False,5000,5000,
orz900d-even-1_bucket_416,416,10,orz900d.map,False,5000,5000,
orz900d-even-1_bucket_347,347,10,orz900d.map,False,5000,5000,
orz900d-even-1_bucket_275,275,10,orz900d.map,False,5000,5000,
orz900d-even-1_bucket_642,642,10,orz900d.map,False,5000,5000,
orz900d-even-1_bucket_547,547,10,orz900d.map,False,5000,5000,
orz900d-even-1_bucket_481,481,10,orz900d.map,False,5000,5000,
orz900d-even-1_bucket_551,551,10,orz900d.map,False,5000,5000,
orz900d-even-1_bucket_56,56,10,orz900d.map,False,5000,5000,
orz900d-even-1_bucket_313,313,10,orz900d.map,False,5000,5000,
orz900d-even-1_bucket_213,213,10,orz900d.map,False,5000,5000,
orz900d-even-1_bucket_118,118,10,orz900d.map,False,5000,5000,
orz900d-even-1_bucket_256,256,10,orz900d.map,False,5000,5000,
orz900d-even-1_bucket_648,648,10,orz900d.map,False,5000,5000,
orz900d-even-1_bucket_287,287,10,orz900d.map,False,5000,5000,
orz900d-even-1_bucket_211,211,10,orz900d.map,False,5000,5000,
orz900d-even-1_bucket_565,565,10,orz900d.map,False,5000,5000,
orz900d-even-1_bucket_641,641,10,orz900d.map,False,5000,5000,
orz900d-even-1_bucket_235,235,10,orz900d.map,False,5000,5000,
orz900d-even-1_bucket_97,97,10,orz900d.map,False,5000,5000,
orz900d-even-1_bucket_150,150,10,orz900d.map,False,5000,5000,
orz900d-even-1_bucket_512,512,10,orz900d.map,False,5000,5000,
orz900d-even-1_bucket_474,474,10,orz900d.map,False,5000,5000,
orz900d-even-1_bucket_197,197,10,orz900d.map,False,5000,5000,
orz900d-even-1_bucket_244,244,10,orz900d.map,False,5000,5000,
orz900d-even-1_bucket_123,123,10,orz900d.map,False,5000,5000,
orz900d-even-1_bucket_141,141,10,orz900d.map,False,5000,5000,
orz900d-even-1_bucket_345,345,10,orz900d.map,False,5000,5000,
orz900d-even-1_bucket_503,503,10,orz900d.map,False,5000,5000,
orz900d-even-1_bucket_8,8,10,orz900d.map,False,5000,5000,
orz900d-even-1_bucket_181,181,10,orz900d.map,False,5000,5000,
orz900d-even-1_bucket_405,405,10,orz900d.map,False,5000,5000,
orz900d-even-1_bucket_418,418,10,orz900d.map,False,5000,5000,
orz900d-even-1_bucket_217,217,10,orz900d.map,False,5000,5000,
orz900d-even-1_bucket_151,151,10,orz900d.map,False,5000,5000,
orz900d-even-1_bucket_57,57,10,orz900d.map,False,5000,5000,
orz900d-even-1_bucket_586,586,10,orz900d.map,False,5000,5000,
orz900d-even-1_bucket_264,264,10,orz900d.map,False,5000,5000,
orz900d-even-1_bucket_574,574,10,orz900d.map,False,5000,5000,
orz900d-even-1_bucket_612,612,10,orz900d.map,False,5000,5000,
orz900d-even-1_bucket_575,575,10,orz900d.map,False,5000,5000,
orz900d-even-1_bucket_589,589,10,orz900d.map,False,5000,5000,
orz900d-even-1_bucket_644,644,10,orz900d.map,False,5000,5000,
orz900d-even-1_bucket_108,108,10,orz900d.map,False,5000,5000,
orz900d-even-1_bucket_621,621,10,orz900d.map,False,5000,5000,
orz900d-even-1_bucket_196,196,10,orz900d.map,False,5000,5000,
orz900d-even-1_bucket_317,317,10,orz900d.map,False,5000,5000,
orz900d-even-1_bucket_614,614,10,orz900d.map,False,5000,5000,
orz900d-even-1_bucket_600,600,10,orz900d.map,False,5000,5000,
orz900d-even-1_bucket_35,35,10,orz900d.map,False,5000,5000,
orz900d-even-1_bucket_554,554,10,orz900d.map,False,5000,5000,
orz900d-even-1_bucket_294,294,10,orz900d.map,False,5000,5000,
orz900d-even-1_bucket_351,351,10,orz900d.map,False,5000,5000,
orz900d-even-1_bucket_239,239,10,orz900d.map,False,5000,5000,
orz900d-even-1_bucket_306,306,10,orz900d.map,False,5000,5000,
orz900d-even-1_bucket_673,673,10,orz900d.map,False,5000,5000,
orz900d-even-1_bucket_357,357,10,orz900d.map,False,5000,5000,
orz900d-even-1_bucket_191,191,10,orz900d.map,False,5000,5000,
orz900d-even-1_bucket_540,540,10,orz900d.map,False,5000,5000,
orz900d-even-1_bucket_177,177,10,orz900d.map,False,5000,5000,
orz900d-even-1_bucket_300,300,10,orz900d.map,False,5000,5000,
orz900d-even-1_bucket_449,449,10,orz900d.map,False,5000,5000,
orz900d-even-1_bucket_672,672,10,orz900d.map,False,5000,5000,
orz900d-even-1_bucket_526,526,10,orz900d.map,False,5000,5000,
orz900d-even-1_bucket_338,338,10,orz900d.map,False,5000,5000,
orz900d-even-1_bucket_653,653,10,orz900d.map,False,5000,5000,
orz900d-even-1_bucket_258,258,10,orz900d.map,False,5000,5000,
orz900d-even-1_bucket_631,631,10,orz900d.map,False,5000,5000,
orz900d-even-1_bucket_499,499,10,orz900d.map,False,5000,5000,
orz900d-even-1_bucket_548,548,10,orz900d.map,False,5000,5000,
orz900d-even-1_bucket_84,84,10,orz900d.map,False,5000,5000,
orz900d-even-1_bucket_245,245,10,orz900d.map,False,5000,5000,
orz900d-even-1_bucket_630,630,10,orz900d.map,False,5000,5000,
orz900d-even-1_bucket_527,527,10,orz900d.map,False,5000,5000,
orz900d-even-1_bucket_44,44,10,orz900d.map,False,5000,5000,
orz900d-even-1_bucket_48,48,10,orz900d.map,False,5000,5000,
orz900d-even-1_bucket_423,423,10,orz900d.map,False,5000,5000,
orz900d-even-1_bucket_22,22,10,orz900d.map,False,5000,5000,
orz900d-even-1_bucket_480,480,10,orz900d.map,False,5000,5000,
orz900d-even-1_bucket_186,186,10,orz900d.map,False,5000,5000,
orz900d-even-1_bucket_576,576,10,orz900d.map,False,5000,5000,
orz900d-even-1_bucket_427,427,10,orz900d.map,False,5000,5000,
orz900d-even-1_bucket_350,350,10,orz900d.map,False,5000,5000,
orz900d-even-1_bucket_193,193,10,orz900d.map,False,5000,5000,
orz900d-even-1_bucket_359,359,10,orz900d.map,False,5000,5000,
orz900d-even-1_bucket_459,459,10,orz900d.map,False,5000,5000,
orz900d-even-1_bucket_638,638,10,orz900d.map,False,5000,5000,
orz900d-even-1_bucket_105,105,10,orz900d.map,False,5000,5000,
orz900d-even-1_bucket_588,588,10,orz900d.map,False,5000,5000,
orz900d-even-1_bucket_254,254,10,orz900d.map,False,5000,5000,
orz900d-even-1_bucket_139,139,10,orz900d.map,False,5000,5000,
orz900d-even-1_bucket_399,399,10,orz900d.map,False,5000,5000,
orz900d-even-1_bucket_590,590,10,orz900d.map,False,5000,5000,
orz900d-even-1_bucket_121,121,10,orz900d.map,False,5000,5000,
orz900d-even-1_bucket_615,615,10,orz900d.map,False,5000,5000,
orz900d-even-1_bucket_467,467,10,orz900d.map,False,5000,5000,
orz900d-even-1_bucket_629,629,10,orz900d.map,False,5000,5000,
orz900d-even-1_bucket_310,310,10,orz900d.map,False,5000,5000,
orz900d-even-1_bucket_368,368,10,orz900d.map,False,5000,5000,
orz900d-even-1_bucket_263,263,10,orz900d.map,False,5000,5000,
orz900d-even-1_bucket_343,343,10,orz900d.map,False,5000,5000,
orz900d-even-1_bucket_331,331,10,orz900d.map,False,5000,5000,
orz900d-even-1_bucket_149,149,10,orz900d.map,False,5000,5000,
orz900d-even-1_bucket_259,259,10,orz900d.map,False,5000,5000,
orz900d-even-1_bucket_617,617,10,orz900d.map,False,5000,5000,
orz900d-even-1_bucket_28,28,10,orz900d.map,False,5000,5000,
orz900d-even-1_bucket_104,104,10,orz900d.map,False,5000,5000,
orz900d-even-1_bucket_609,609,10,orz900d.map,False,5000,5000,
orz900d-even-1_bucket_41,41,10,orz900d.map,False,5000,5000,
orz900d-even-1_bucket_286,286,10,orz900d.map,False,5000,5000,
orz900d-even-1_bucket_618,618,10,orz900d.map,False,5000,5000,
orz900d-even-1_bucket_453,453,10,orz900d.map,False,5000,5000,
orz900d-even-1_bucket_278,278,10,orz900d.map,False,5000,5000,
orz900d-even-1_bucket_19,19,10,orz900d.map,False,5000,5000,
orz900d-even-1_bucket_476,476,10,orz900d.map,False,5000,5000,
orz900d-even-1_bucket_116,116,10,orz900d.map,False,5000,5000,
orz900d-even-1_bucket_378,378,10,orz900d.map,False,5000,5000,
orz900d-even-1_bucket_505,505,10,orz900d.map,False,5000,5000,
orz900d-even-1_bucket_544,544,10,orz900d.map,False,5000,5000,
orz900d-even-1_bucket_269,269,10,orz900d.map,False,5000,5000,
orz900d-even-1_bucket_560,560,10,orz900d.map,False,5000,5000,
orz900d-even-1_bucket_160,160,10,orz900d.map,False,5000,5000,
orz900d-even-1_bucket_164,164,10,orz900d.map,False,5000,5000,
orz900d-even-1_bucket_308,308,10,orz900d.map,False,5000,5000,
orz900d-even-1_bucket_470,470,10,orz900d.map,False,5000,5000,
orz900d-even-1_bucket_465,465,10,orz900d.map,False,5000,5000,
orz900d-even-1_bucket_324,324,10,orz900d.map,False,5000,5000,
orz900d-even-1_bucket_238,238,10,orz900d.map,False,5000,5000,
orz900d-even-1_bucket_27,27,10,orz900d.map,False,5000,5000,
orz900d-even-1_bucket_344,344,10,orz900d.map,False,5000,5000,
orz900d-even-1_bucket_664,664,10,orz900d.map,False,5000,5000,
orz900d-even-1_bucket_298,298,10,orz900d.map,False,5000,5000,
orz900d-even-1_bucket_355,355,10,orz900d.map,False,5000,5000,
orz900d-even-1_bucket_363,363,10,orz900d.map,False,5000,5000,
orz900d-even-1_bucket_650,650,10,orz900d.map,False,5000,5000,
orz900d-even-1_bucket_328,328,10,orz900d.map,False,5000,5000,
orz900d-even-1_bucket_413,413,10,orz900d.map,False,5000,5000,
orz900d-even-1_bucket_266,266,10,orz900d.map,False,5000,5000,
orz900d-even-1_bucket_144,144,10,orz900d.map,False,5000,5000,
orz900d-even-1_bucket_517,517,10,orz900d.map,False,5000,5000,
orz900d-even-1_bucket_145,145,10,orz900d.map,False,5000,5000,
orz900d-even-1_bucket_577,577,10,orz900d.map,False,5000,5000,
orz900d-even-1_bucket_89,89,10,orz900d.map,False,5000,5000,
orz900d-even-1_bucket_550,550,10,orz900d.map,False,5000,5000,
orz900d-even-1_bucket_209,209,10,orz900d.map,False,5000,5000,
orz900d-even-1_bucket_241,241,10,orz900d.map,False,5000,5000,
orz900d-even-1_bucket_662,662,10,orz900d.map,False,5000,5000,
orz900d-even-1_bucket_381,381,10,orz900d.map,False,5000,5000,
orz900d-even-1_bucket_447,447,10,orz900d.map,False,5000,5000,
orz900d-even-1_bucket_172,172,10,orz900d.map,False,5000,5000,
orz900d-even-1_bucket_425,425,10,orz900d.map,False,5000,5000,
orz900d-even-1_bucket_122,122,10,orz900d.map,False,5000,5000,
orz900d-even-1_bucket_592,592,10,orz900d.map,False,5000,5000,
orz900d-even-1_bucket_475,475,10,orz900d.map,False,5000,5000,
orz900d-even-1_bucket_248,248,10,orz900d.map,False,5000,5000,
orz900d-even-1_bucket_663,663,10,orz900d.map,False,5000,5000,
orz900d-even-1_bucket_161,161,10,orz900d.map,False,5000,5000,
orz900d-even-1_bucket_24,24,10,orz900d.map,False,5000,5000,
orz900d-even-1_bucket_464,464,10,orz900d.map,False,5000,5000,
orz900d-even-1_bucket_154,154,10,orz900d.map,False,5000,5000,
orz900d-even-1_bucket_349,349,10,orz900d.map,False,5000,5000,
orz900d-even-1_bucket_374,374,10,orz900d.map,False,5000,5000,
orz900d-even-1_bucket_607,607,10,orz900d.map,False,5000,5000,
orz900d-even-1_bucket_624,624,10,orz900d.map,False,5000,5000,
orz900d-even-1_bucket_225,225,10,orz900d.map,False,5000,5000,
orz900d-even-1_bucket_674,674,10,orz900d.map,False,5000,5000,
orz900d-even-1_bucket_496,496,10,orz900d.map,False,5000,5000,
orz900d-even-1_bucket_500,500,10,orz900d.map,False,5000,5000,
orz900d-even-1_bucket_414,414,10,orz900d.map,False,5000,5000,
orz900d-even-1_bucket_520,520,10,orz900d.map,False,5000,5000,
orz900d-even-1_bucket_415,415,10,orz900d.map,False,5000,5000,
orz900d-even-1_bucket_16,16,10,orz900d.map,False,5000,5000,
orz900d-even-1_bucket_296,296,10,orz900d.map,False,5000,5000,
orz900d-even-1_bucket_477,477,10,orz900d.map,False,5000,5000,
orz900d-even-1_bucket_571,571,10,orz900d.map,False,5000,5000,
orz900d-even-1_bucket_409,409,10,orz900d.map,False,5000,5000,
orz900d-even-1_bucket_96,96,10,orz900d.map,False,5000,5000,
orz900d-even-1_bucket_6,6,10,orz900d.map,False,5000,5000,
orz900d-even-1_bucket_184,184,10,orz900d.map,False,5000,5000,
orz900d-even-1_bucket_152,152,10,orz900d.map,False,5000,5000,
orz900d-even-1_bucket_311,311,10,orz900d.map,False,5000,5000,
orz900d-even-1_bucket_46,46,10,orz900d.map,False,5000,5000,
orz900d-even-1_bucket_204,204,10,orz900d.map,False,5000,5000,
orz900d-even-1_bucket_102,102,10,orz900d.map,False,5000,5000,
orz900d-even-1_bucket_392,392,10,orz900d.map,False,5000,5000,
orz900d-even-1_bucket_651,651,10,orz900d.map,False,5000,5000,
orz900d-even-1_bucket_243,243,10,orz900d.map,False,5000,5000,
orz900d-even-1_bucket_62,62,10,orz900d.map,False,5000,5000,
orz900d-even-1_bucket_325,325,10,orz900d.map,False,5000,5000,
orz900d-even-1_bucket_408,408,10,orz900d.map,False,5000,5000,
orz900d-even-1_bucket_667,667,10,orz900d.map,False,5000,5000,
orz900d-even-1_bucket_64,64,10,orz900d.map,False,5000,5000,
orz900d-even-1_bucket_492,492,10,orz900d.map,False,5000,5000,
orz900d-even-1_bucket_268,268,10,orz900d.map,False,5000,5000,
orz900d-even-1_bucket_518,518,10,orz900d.map,False,5000,5000,
orz900d-even-1_bucket_463,463,10,orz900d.map,False,5000,5000,
orz900d-even-1_bucket_73,73,10,orz900d.map,False,5000,5000,
orz900d-even-1_bucket_515,515,10,orz900d.map,False,5000,5000,
orz900d-even-1_bucket_23,23,10,orz900d.map,False,5000,5000,
orz900d-even-1_bucket_367,367,10,orz900d.map,False,5000,5000,
orz900d-even-1_bucket_370,370,10,orz900d.map,False,5000,5000,
orz900d-even-1_bucket_383,383,10,orz900d.map,False,5000,5000,
orz900d-even-1_bucket_111,111,10,orz900d.map,False,5000,5000,
orz900d-even-1_bucket_182,182,10,orz900d.map,False,5000,5000,
orz900d-even-1_bucket_98,98,10,orz900d.map,False,5000,5000,
orz900d-even-1_bucket_468,468,10,orz900d.map,False,5000,5000,
orz900d-even-1_bucket_189,189,10,orz900d.map,False,5000,5000,
orz900d-even-1_bucket_280,280,10,orz900d.map,False,5000,5000,
orz900d-even-1_bucket_180,180,10,orz900d.map,False,5000,5000,
orz900d-even-1_bucket_37,37,10,orz900d.map,False,5000,5000,
orz900d-even-1_bucket_555,555,10,orz900d.map,False,5000,5000,
orz900d-even-1_bucket_657,657,10,orz900d.map,False,5000,5000,
orz900d-even-1_bucket_230,230,10,orz900d.map,False,5000,5000,
orz900d-even-1_bucket_0,0,10,orz900d.map,False,5000,5000,
orz900d-even-1_bucket_384,384,10,orz900d.map,False,5000,5000,
orz900d-even-1_bucket_573,573,10,orz900d.map,False,5000,5000,
orz900d-even-1_bucket_466,466,10,orz900d.map,False,5000,5000,
orz900d-even-1_bucket_436,436,10,orz900d.map,False,5000,5000,
orz900d-even-1_bucket_59,59,10,orz900d.map,False,5000,5000,
orz900d-even-1_bucket_75,75,10,orz900d.map,False,5000,5000,
orz900d-even-1_bucket_400,400,10,orz900d.map,False,5000,5000,
orz900d-even-1_bucket_168,168,10,orz900d.map,False,5000,5000,
orz900d-even-1_bucket_176,176,10,orz900d.map,False,5000,5000,
orz900d-even-1_bucket_272,272,10,orz900d.map,False,5000,5000,
orz900d-even-1_bucket_559,559,10,orz900d.map,False,5000,5000,
orz900d-even-1_bucket_233,233,10,orz900d.map,False,5000,5000,
orz900d-even-1_bucket_18,18,10,orz900d.map,False,5000,5000,
orz900d-even-1_bucket_501,501,10,orz900d.map,False,5000,5000,
orz900d-even-1_bucket_435,435,10,orz900d.map,False,5000,5000,
orz900d-even-1_bucket_386,386,10,orz900d.map,False,5000,5000,
orz900d-even-1_bucket_458,458,10,orz900d.map,False,5000,5000,
orz900d-even-1_bucket_632,632,10,orz900d.map,False,5000,5000,
orz900d-even-1_bucket_529,529,10,orz900d.map,False,5000,5000,
orz900d-even-1_bucket_327,327,10,orz900d.map,False,5000,5000,
orz900d-even-1_bucket_99,99,10,orz900d.map,False,5000,5000,
orz900d-even-1_bucket_681,681,10,orz900d.map,False,5000,5000,
orz900d-even-1_bucket_134,134,10,orz900d.map,False,5000,5000,
orz900d-even-1_bucket_284,284,10,orz900d.map,False,5000,5000,
orz900d-even-1_bucket_506,506,10,orz900d.map,False,5000,5000,
orz900d-even-1_bucket_179,179,10,orz900d.map,False,5000,5000,
orz900d-even-1_bucket_307,307,10,orz900d.map,False,5000,5000,
orz900d-even-1_bucket_65,65,10,orz900d.map,False,5000,5000,
orz900d-even-1_bucket_570,570,10,orz900d.map,False,5000,5000,
orz900d-even-1_bucket_469,469,10,orz900d.map,False,5000,5000,
orz900d-even-1_bucket_603,603,10,orz900d.map,False,5000,5000,
orz900d-even-1_bucket_396,396,10,orz900d.map,False,5000,5000,
orz900d-even-1_bucket_677,677,10,orz900d.map,False,5000,5000,
orz900d-even-1_bucket_135,135,10,orz900d.map,False,5000,5000,
orz900d-even-1_bucket_214,214,10,orz900d.map,False,5000,5000,
orz900d-even-1_bucket_114,114,10,orz900d.map,False,5000,5000,
orz900d-even-1_bucket_332,332,10,orz900d.map,False,5000,5000,
orz900d-even-1_bucket_77,77,10,orz900d.map,False,5000,5000,
orz900d-even-1_bucket_321,321,10,orz900d.map,False,5000,5000,
orz900d-even-1_bucket_430,430,10,orz900d.map,False,5000,5000,
orz900d-even-1_bucket_54,54,10,orz900d.map,False,5000,5000,
orz900d-even-1_bucket_212,212,10,orz900d.map,False,5000,5000,
orz900d-even-1_bucket_80,80,10,orz900d.map,False,5000,5000,
orz900d-even-1_bucket_94,94,10,orz900d.map,False,5000,5000,
orz900d-even-1_bucket_669,669,10,orz900d.map,False,5000,5000,
orz900d-even-1_bucket_267,267,10,orz900d.map,False,5000,5000,
orz900d-even-1_bucket_4,4,10,orz900d.map,False,5000,5000,
orz900d-even-1_bucket_92,92,10,orz900d.map,False,5000,5000,
orz900d-even-1_bucket_483,483,10,orz900d.map,False,5000,5000,
orz900d-even-1_bucket_17,17,10,orz900d.map,False,5000,5000,
orz900d-even-1_bucket_318,318,10,orz900d.map,False,5000,5000,
orz900d-even-1_bucket_252,252,10,orz900d.map,False,5000,5000,
orz900d-even-1_bucket_627,627,10,orz900d.map,False,5000,5000,
orz900d-even-1_bucket_634,634,10,orz900d.map,False,5000,5000,
orz900d-even-1_bucket_227,227,10,orz900d.map,False,5000,5000,
orz900d-even-1_bucket_366,366,10,orz900d.map,False,5000,5000,
orz900d-even-1_bucket_128,128,10,orz900d.map,False,5000,5000,
orz900d-even-1_bucket_10,10,10,orz900d.map,False,5000,5000,
orz900d-even-1_bucket_335,335,10,orz900d.map,False,5000,5000,
orz900d-even-1_bucket_531,531,10,orz900d.map,False,5000,5000,
orz900d-even-1_bucket_45,45,10,orz900d.map,False,5000,5000,
orz900d-even-1_bucket_421,421,10,orz900d.map,False,5000,5000,
orz900d-even-1_bucket_69,69,10,orz900d.map,False,5000,5000,
orz900d-even-1_bucket_303,303,10,orz900d.map,False,5000,5000,
orz900d-even-1_bucket_391,391,10,orz900d.map,False,5000,5000,
orz900d-even-1_bucket_420,420,10,orz900d.map,False,5000,5000,
orz900d-even-1_bucket_5,5,10,orz900d.map,False,5000,5000,
orz900d-even-1_bucket_78,78,10,orz900d.map,False,5000,5000,
orz900d-even-1_bucket_12,12,10,orz900d.map,False,5000,5000,
orz900d-even-1_bucket_393,393,10,orz900d.map,False,5000,5000,
orz900d-even-1_bucket_533,533,10,orz900d.map,False,5000,5000,
orz900d-even-1_bucket_655,655,10,orz900d.map,False,5000,5000,
orz900d-even-1_bucket_635,635,10,orz900d.map,False,5000,5000,
orz900d-even-1_bucket_221,221,10,orz900d.map,False,5000,5000,
orz900d-even-1_bucket_608,608,10,orz900d.map,False,5000,5000,
orz900d-even-1_bucket_362,362,10,orz900d.map,False,5000,5000,
orz900d-even-1_bucket_171,171,10,orz900d.map,False,5000,5000,
orz900d-even-1_bucket_74,74,10,orz900d.map,False,5000,5000,
orz900d-even-1_bucket_173,173,10,orz900d.map,False,5000,5000,
orz900d-even-1_bucket_536,536,10,orz900d.map,False,5000,5000,
orz900d-even-1_bucket_484,484,10,orz900d.map,False,5000,5000,
orz900d-even-1_bucket_539,539,10,orz900d.map,False,5000,5000,
orz900d-even-1_bucket_375,375,10,orz900d.map,False,5000,5000,
orz900d-even-1_bucket_403,403,10,orz900d.map,False,5000,5000,
orz900d-even-1_bucket_626,626,10,orz900d.map,False,5000,5000,
orz900d-even-1_bucket_162,162,10,orz900d.map,False,5000,5000,
orz900d-even-1_bucket_90,90,10,orz900d.map,False,5000,5000,
orz900d-even-1_bucket_411,411,10,orz900d.map,False,5000,5000,
orz900d-even-1_bucket_358,358,10,orz900d.map,False,5000,5000,
orz900d-even-1_bucket_510,510,10,orz900d.map,False,5000,5000,
orz900d-even-1_bucket_582,582,10,orz900d.map,False,5000,5000,
orz900d-even-1_bucket_619,619,10,orz900d.map,False,5000,5000,
orz900d-even-1_bucket_30,30,10,orz900d.map,False,5000,5000,
orz900d-even-1_bucket_285,285,10,orz900d.map,False,5000,5000,
orz900d-even-1_bucket_649,649,10,orz900d.map,False,5000,5000,
orz900d-even-1_bucket_504,504,10,orz900d.map,False,5000,5000,
orz900d-even-1_bucket_247,247,10,orz900d.map,False,5000,5000,
orz900d-even-1_bucket_251,251,10,orz900d.map,False,5000,5000,
orz900d-even-1_bucket_195,195,10,orz900d.map,False,5000,5000,
orz900d-even-1_bucket_377,377,10,orz900d.map,False,5000,5000,
orz900d-even-1_bucket_406,406,10,orz900d.map,False,5000,5000,
orz900d-even-1_bucket_675,675,10,orz900d.map,False,5000,5000,
orz900d-even-1_bucket_72,72,10,orz900d.map,False,5000,5000,
orz900d-even-1_bucket_299,299,10,orz900d.map,False,5000,5000,
orz900d-even-1_bucket_643,643,10,orz900d.map,False,5000,5000,
orz900d-even-1_bucket_379,379,10,orz900d.map,False,5000,5000,
orz900d-even-1_bucket_192,192,10,orz900d.map,False,5000,5000,
orz900d-even-1_bucket_594,594,10,orz900d.map,False,5000,5000,
orz900d-even-1_bucket_319,319,10,orz900d.map,False,5000,5000,
orz900d-even-1_bucket_95,95,10,orz900d.map,False,5000,5000,
orz900d-even-1_bucket_336,336,10,orz900d.map,False,5000,5000,
orz900d-even-1_bucket_93,93,10,orz900d.map,False,5000,5000,
orz900d-even-1_bucket_553,553,10,orz900d.map,False,5000,5000,
orz900d-even-1_bucket_402,402,10,orz900d.map,False,5000,5000,
orz900d-even-1_bucket_163,163,10,orz900d.map,False,5000,5000,
orz900d-even-1_bucket_7,7,10,orz900d.map,False,5000,5000,
orz900d-even-1_bucket_340,340,10,orz900d.map,False,5000,5000,
orz900d-even-1_bucket_508,508,10,orz900d.map,False,5000,5000,
orz900d-even-1_bucket_564,564,10,orz900d.map,False,5000,5000,
orz900d-even-1_bucket_61,61,10,orz900d.map,False,5000,5000,
orz900d-even-1_bucket_556,556,10,orz900d.map,False,5000,5000,
orz900d-even-1_bucket_210,210,10,orz900d.map,False,5000,5000,
orz900d-even-1_bucket_478,478,10,orz900d.map,False,5000,5000,
orz900d-even-1_bucket_228,228,10,orz900d.map,False,5000,5000,
orz900d-even-1_bucket_83,83,10,orz900d.map,False,5000,5000,
orz900d-even-1_bucket_201,201,10,orz900d.map,False,5000,5000,
orz900d-even-1_bucket_100,100,10,orz900d.map,False,5000,5000,
orz900d-even-1_bucket_572,572,10,orz900d.map,False,5000,5000,
orz900d-even-1_bucket_322,322,10,orz900d.map,False,5000,5000,
orz900d-even-1_bucket_507,507,10,orz900d.map,False,5000,5000,
orz900d-even-1_bucket_124,124,10,orz900d.map,False,5000,5000,
orz900d-even-1_bucket_656,656,10,orz900d.map,False,5000,5000,
orz900d-even-1_bucket_611,611,10,orz900d.map,False,5000,5000,
orz900d-even-1_bucket_593,593,10,orz900d.map,False,5000,5000,
orz900d-even-1_bucket_190,190,10,orz900d.map,False,5000,5000,
orz900d-even-1_bucket_390,390,10,orz900d.map,False,5000,5000,
orz900d-even-1_bucket_521,521,10,orz900d.map,False,5000,5000,
orz900d-even-1_bucket_222,222,10,orz900d.map,False,5000,5000,
orz900d-even-1_bucket_14,14,10,orz900d.map,False,5000,5000,
orz900d-even-1_bucket_203,203,10,orz900d.map,False,5000,5000,
orz900d-even-1_bucket_143,143,10,orz900d.map,False,5000,5000,
orz900d-even-1_bucket_40,40,10,orz900d.map,False,5000,5000,
orz900d-even-1_bucket_42,42,10,orz900d.map,False,5000,5000,
orz900d-even-1_bucket_309,309,10,orz900d.map,False,5000,5000,
orz900d-even-1_bucket_293,293,10,orz900d.map,False,5000,5000,
orz900d-even-1_bucket_270,270,10,orz900d.map,False,5000,5000,
orz900d-even-1_bucket_620,620,10,orz900d.map,False,5000,5000,
orz900d-even-1_bucket_156,156,10,orz900d.map,False,5000,5000,
orz900d-even-1_bucket_165,165,10,orz900d.map,False,5000,5000,
orz900d-even-1_bucket_636,636,10,orz900d.map,False,5000,5000,
orz900d-even-1_bucket_341,341,10,orz900d.map,False,5000,5000,
orz900d-even-1_bucket_140,140,10,orz900d.map,False,5000,5000,
orz900d-even-1_bucket_87,87,10,orz900d.map,False,5000,5000,
orz900d-even-1_bucket_246,246,10,orz900d.map,False,5000,5000,
orz900d-even-1_bucket_395,395,10,orz900d.map,False,5000,5000,
orz900d-even-1_bucket_597,597,10,orz900d.map,False,5000,5000,
orz900d-even-1_bucket_479,479,10,orz900d.map,False,5000,5000,
orz900d-even-1_bucket_175,175,10,orz900d.map,False,5000,5000,
orz900d-even-1_bucket_670,670,10,orz900d.map,False,5000,5000,
orz900d-even-1_bucket_622,622,10,orz900d.map,False,5000,5000,
orz900d-even-1_bucket_426,426,10,orz900d.map,False,5000,5000,
orz900d-even-1_bucket_329,329,10,orz900d.map,False,5000,5000,
orz900d-even-1_bucket_66,66,10,orz900d.map,False,5000,5000,
orz900d-even-1_bucket_52,52,10,orz900d.map,False,5000,5000,
orz900d-even-1_bucket_153,153,10,orz900d.map,False,5000,5000,
orz900d-even-1_bucket_21,21,10,orz900d.map,False,5000,5000,
orz900d-even-1_bucket_356,356,10,orz900d.map,False,5000,5000,
orz900d-even-1_bucket_250,250,10,orz900d.map,False,5000,5000,
orz900d-even-1_bucket_188,188,10,orz900d.map,False,5000,5000,
orz900d-even-1_bucket_277,277,10,orz900d.map,False,5000,5000,
orz900d-even-1_bucket_51,51,10,orz900d.map,False,5000,5000,
orz900d-even-1_bucket_532,532,10,orz900d.map,False,5000,5000,
orz900d-even-1_bucket_596,596,10,orz900d.map,False,5000,5000,
orz900d-even-1_bucket_388,388,10,orz900d.map,False,5000,5000,
orz900d-even-1_bucket_273,273,10,orz900d.map,False,5000,5000,
orz900d-even-1_bucket_497,497,10,orz900d.map,False,5000,5000,
orz900d-even-1_bucket_434,434,10,orz900d.map,False,5000,5000,
orz900d-even-1_bucket_678,678,10,orz900d.map,False,5000,5000,
orz900d-even-1_bucket_289,289,10,orz900d.map,False,5000,5000,
orz900d-even-1_bucket_558,558,10,orz900d.map,False,5000,5000,
orz900d-even-1_bucket_170,170,10,orz900d.map,False,5000,5000,
orz900d-even-1_bucket_437,437,10,orz900d.map,False,5000,5000,
orz900d-even-1_bucket_79,79,10,orz900d.map,False,5000,5000,
orz900d-even-1_bucket_407,407,10,orz900d.map,False,5000,5000,
orz900d-even-1_bucket_523,523,10,orz900d.map,False,5000,5000,
orz900d-even-1_bucket_647,647,10,orz900d.map,False,5000,5000,
orz900d-even-1_bucket_561,561,10,orz900d.map,False,5000,5000,
orz900d-even-1_bucket_67,67,10,orz900d.map,False,5000,5000,
orz900d-even-1_bucket_166,166,10,orz900d.map,False,5000,5000,
orz900d-even-1_bucket_537,537,10,orz900d.map,False,5000,5000,
orz900d-even-1_bucket_456,456,10,orz900d.map,False,5000,5000,
orz900d-even-1_bucket_158,158,10,orz900d.map,False,5000,5000,
orz900d-even-1_bucket_342,342,10,orz900d.map,False,5000,5000,
orz900d-even-1_bucket_461,461,10,orz900d.map,False,5000,5000,
orz900d-even-1_bucket_219,219,10,orz900d.map,False,5000,5000,
orz900d-even-1_bucket_360,360,10,orz900d.map,False,5000,5000,
orz900d-even-1_bucket_563,563,10,orz900d.map,False,5000,5000,
orz900d-even-1_bucket_126,126,10,orz900d.map,False,5000,5000,
orz900d-even-1_bucket_236,236,10,orz900d.map,False,5000,5000,
orz900d-even-1_bucket_113,113,10,orz900d.map,False,5000,5000,
orz900d-even-1_bucket_91,91,10,orz900d.map,False,5000,5000,
orz900d-even-1_bucket_58,58,10,orz900d.map,False,5000,5000,
orz900d-even-1_bucket_20,20,10,orz900d.map,False,5000,5000,
orz900d-even-1_bucket_157,157,10,orz900d.map,False,5000,5000,
orz900d-even-1_bucket_34,34,10,orz900d.map,False,5000,5000,
orz900d-even-1_bucket_665,665,10,orz900d.map,False,5000,5000,
orz900d-even-1_bucket_159,159,10,orz900d.map,False,5000,5000,
orz900d-even-1_bucket_494,494,10,orz900d.map,False,5000,5000,
orz900d-even-1_bucket_352,352,10,orz900d.map,False,5000,5000,
orz900d-even-1_bucket_137,137,10,orz900d.map,False,5000,5000,
orz900d-even-1_bucket_86,86,10,orz900d.map,False,5000,5000,
orz900d-even-1_bucket_412,412,10,orz900d.map,False,5000,5000,
orz900d-even-1_bucket_261,261,10,orz900d.map,False,5000,5000,
orz900d-even-1_bucket_566,566,10,orz900d.map,False,5000,5000,
orz900d-even-1_bucket_291,291,10,orz900d.map,False,5000,5000,
orz900d-even-1_bucket_473,473,10,orz900d.map,False,5000,5000,
orz900d-even-1_bucket_220,220,10,orz900d.map,False,5000,5000,
orz900d-even-1_bucket_130,130,10,orz900d.map,False,5000,5000,
orz900d-even-1_bucket_127,127,10,orz900d.map,False,5000,5000,
orz900d-even-1_bucket_524,524,10,orz900d.map,False,5000,5000,
orz900d-even-1_bucket_110,110,10,orz900d.map,False,5000,5000,
orz900d-even-1_bucket_522,522,10,orz900d.map,False,5000,5000,
orz900d-even-1_bucket_147,147,10,orz900d.map,False,5000,5000,
orz900d-even-1_bucket_541,541,10,orz900d.map,False,5000,5000,
orz900d-even-1_bucket_85,85,10,orz900d.map,False,5000,5000,
orz900d-even-1_bucket_568,568,10,orz900d.map,False,5000,5000,
orz900d-even-1_bucket_585,585,10,orz900d.map,False,5000,5000,
orz900d-even-1_bucket_443,443,10,orz900d.map,False,5000,5000,
orz900d-even-1_bucket_348,348,10,orz900d.map,False,5000,5000,
orz900d-even-1_bucket_633,633,10,orz900d.map,False,5000,5000,
orz900d-even-1_bucket_224,224,10,orz900d.map,False,5000,5000,
orz900d-even-1_bucket_543,543,10,orz900d.map,False,5000,5000,
orz900d-even-1_bucket_282,282,10,orz900d.map,False,5000,5000,
orz900d-even-1_bucket_439,439,10,orz900d.map,False,5000,5000,
orz900d-even-1_bucket_283,283,10,orz900d.map,False,5000,5000,
orz900d-even-1_bucket_305,305,10,orz900d.map,False,5000,5000,
orz900d-even-1_bucket_535,535,10,orz900d.map,False,5000,5000,
orz900d-even-1_bucket_640,640,10,orz900d.map,False,5000,5000,
orz900d-even-1_bucket_488,488,10,orz900d.map,False,5000,5000,
orz900d-even-1_bucket_660,660,10,orz900d.map,False,5000,5000,
orz900d-even-1_bucket_11,11,10,orz900d.map,False,5000,5000,
orz900d-even-1_bucket_454,454,10,orz900d.map,False,5000,5000,
orz900d-even-1_bucket_208,208,10,orz900d.map,False,5000,5000,
orz900d-even-1_bucket_13,13,10,orz900d.map,False,5000,5000,
orz900d-even-1_bucket_274,274,10,orz900d.map,False,5000,5000,
orz900d-even-1_bucket_602,602,10,orz900d.map,False,5000,5000,
orz900d-even-1_bucket_676,676,10,orz900d.map,False,5000,5000,
orz900d-even-1_bucket_320,320,10,orz900d.map,False,5000,5000,
orz900d-even-1_bucket_424,424,10,orz900d.map,False,5000,5000,
orz900d-even-1_bucket_169,169,10,orz900d.map,False,5000,5000,
orz900d-even-1_bucket_76,76,10,orz900d.map,False,5000,5000,
orz900d-even-1_bucket_31,31,10,orz900d.map,False,5000,5000,
orz900d-even-1_bucket_232,232,10,orz900d.map,False,5000,5000,
orz900d-even-1_bucket_557,557,10,orz900d.map,False,5000,5000,
orz900d-even-1_bucket_38,38,10,orz900d.map,False,5000,5000,
orz900d-even-1_bucket_613,613,10,orz900d.map,False,5000,5000,
orz900d-even-1_bucket_339,339,10,orz900d.map,False,5000,5000,
orz900d-even-1_bucket_290,290,10,orz900d.map,False,5000,5000,
orz900d-even-1_bucket_542,542,10,orz900d.map,False,5000,5000,
orz900d-even-1_bucket_346,346,10,orz900d.map,False,5000,5000,
orz900d-even-1_bucket_120,120,10,orz900d.map,False,5000,5000,
orz900d-even-1_bucket_460,460,10,orz900d.map,False,5000,5000,
orz900d-even-1_bucket_202,202,10,orz900d.map,False,5000,5000,
orz900d-even-1_bucket_32,32,10,orz900d.map,False,5000,5000,
orz900d-even-1_bucket_525,525,10,orz900d.map,False,5000,5000,
orz900d-even-1_bucket_491,491,10,orz900d.map,False,5000,5000,
orz900d-even-1_bucket_652,652,10,orz900d.map,False,5000,5000,
orz900d-even-1_bucket_679,679,10,orz900d.map,False,5000,5000,
orz900d-even-1_bucket_148,148,10,orz900d.map,False,5000,5000,
orz900d-even-1_bucket_207,207,10,orz900d.map,False,5000,5000,
orz900d-even-1_bucket_81,81,10,orz900d.map,False,5000,5000,
orz900d-even-1_bucket_546,546,10,orz900d.map,False,5000,5000,
orz900d-even-1_bucket_315,315,10,orz900d.map,False,5000,5000,
orz900d-even-1_bucket_255,255,10,orz900d.map,False,5000,5000,
orz900d-even-1_bucket_330,330,10,orz900d.map,False,5000,5000,
orz900d-even-1_bucket_528,528,10,orz900d.map,False,5000,5000,
orz900d-even-1_bucket_616,616,10,orz900d.map,False,5000,5000,
orz900d-even-1_bucket_36,36,10,orz900d.map,False,5000,5000,
orz900d-even-1_bucket_545,545,10,orz900d.map,False,5000,5000,
orz900d-even-1_bucket_587,587,10,orz900d.map,False,5000,5000,
orz900d-even-1_bucket_136,136,10,orz900d.map,False,5000,5000,
orz900d-even-1_bucket_146,146,10,orz900d.map,False,5000,5000,
orz900d-even-1_bucket_257,257,10,orz900d.map,False,5000,5000,
orz900d-even-1_bucket_43,43,10,orz900d.map,False,5000,5000,
orz900d-even-1_bucket_353,353,10,orz900d.map,False,5000,5000,
orz900d-even-1_bucket_155,155,10,orz900d.map,False,5000,5000,
orz900d-even-1_bucket_194,194,10,orz900d.map,False,5000,5000,
orz900d-even-1_bucket_419,419,10,orz900d.map,False,5000,5000,
orz900d-even-1_bucket_583,583,10,orz900d.map,False,5000,5000,
orz900d-even-1_bucket_581,581,10,orz900d.map,False,5000,5000,
orz900d-even-1_bucket_39,39,10,orz900d.map,False,5000,5000,
orz900d-even-1_bucket_29,29,10,orz900d.map,False,5000,5000,
orz900d-even-1_bucket_334,334,10,orz900d.map,False,5000,5000,
orz900d-even-1_bucket_440,440,10,orz900d.map,False,5000,5000,
orz900d-even-1_bucket_132,132,10,orz900d.map,False,5000,5000,
orz900d-even-1_bucket_174,174,10,orz900d.map,False,5000,5000,
orz900d-even-1_bucket_471,471,10,orz900d.map,False,5000,5000,
orz900d-even-1_bucket_457,457,10,orz900d.map,False,5000,5000,
orz900d-even-1_bucket_658,658,10,orz900d.map,False,5000,5000,
orz900d-even-1_bucket_200,200,10,orz900d.map,False,5000,5000,
orz900d-even-1_bucket_133,133,10,orz900d.map,False,5000,5000,
orz900d-even-1_bucket_115,115,10,orz900d.map,False,5000,5000,
orz900d-even-1_bucket_63,63,10,orz900d.map,False,5000,5000,
orz900d-even-1_bucket_323,323,10,orz900d.map,False,5000,5000,
orz900d-even-1_bucket_511,511,10,orz900d.map,False,5000,5000,
orz900d-even-1_bucket_295,295,10,orz900d.map,False,5000,5000,
orz900d-even-1_bucket_101,101,10,orz900d.map,False,5000,5000,
orz900d-even-1_bucket_249,249,10,orz900d.map,False,5000,5000,
orz900d-even-1_bucket_53,53,10,orz900d.map,False,5000,5000,
orz900d-even-1_bucket_369,369,10,orz900d.map,False,5000,5000,
orz900d-even-1_bucket_562,562,10,orz900d.map,False,5000,5000,
orz900d-even-1_bucket_260,260,10,orz900d.map,False,5000,5000,
orz900d-even-1_bucket_279,279,10,orz900d.map,False,5000,5000,
orz900d-even-1_bucket_234,234,10,orz900d.map,False,5000,5000,
orz900d-even-1_bucket_444,444,10,orz900d.map,False,5000,5000,
orz900d-even-1_bucket_302,302,10,orz900d.map,False,5000,5000,
orz900d-even-1_bucket_606,606,10,orz900d.map,False,5000,5000,
orz900d-even-1_bucket_601,601,10,orz900d.map,False,5000,5000,
orz900d-even-1_bucket_387,387,10,orz900d.map,False,5000,5000,
orz900d-even-1_bucket_312,312,10,orz900d.map,False,5000,5000,
orz900d-even-1_bucket_567,567,10,orz900d.map,False,5000,5000,
orz900d-even-1_bucket_281,281,10,orz900d.map,False,5000,5000,
orz900d-even-1_bucket_482,482,10,orz900d.map,False,5000,5000,
orz900d-even-1_bucket_382,382,10,orz900d.map,False,5000,5000,
orz900d-even-1_bucket_304,304,10,orz900d.map,False,5000,5000,
orz900d-even-1_bucket_125,125,10,orz900d.map,False,5000,5000,
orz900d-even-1_bucket_354,354,10,orz900d.map,False,5000,5000,
orz900d-even-1_bucket_229,229,10,orz900d.map,False,5000,5000,
orz900d-even-1_bucket_337,337,10,orz900d.map,False,5000,5000,
orz900d-even-1_bucket_50,50,10,orz900d.map,False,5000,5000,
orz900d-even-1_bucket_198,198,10,orz900d.map,False,5000,5000,
orz900d-even-1_bucket_109,109,10,orz900d.map,False,5000,5000,
orz900d-even-1_bucket_265,265,10,orz900d.map,False,5000,5000,
orz900d-even-1_bucket_584,584,10,orz900d.map,False,5000,5000,
orz900d-even-1_bucket_680,680,10,orz900d.map,False,5000,5000,
orz900d-even-1_bucket_610,610,10,orz900d.map,False,5000,5000,
orz900d-even-1_bucket_9,9,10,orz900d.map,False,5000,5000,
orz900d-even-1_bucket_432,432,10,orz900d.map,False,5000,5000,
orz900d-even-1_bucket_637,637,10,orz900d.map,False,5000,5000,
orz900d-even-1_bucket_401,401,10,orz900d.map,False,5000,5000,
orz900d-even-1_bucket_372,372,10,orz900d.map,False,5000,5000,
orz900d-even-1_bucket_666,666,10,orz900d.map,False,5000,5000,
orz900d-even-1_bucket_513,513,10,orz900d.map,False,5000,5000,
orz900d-even-1_bucket_549,549,10,orz900d.map,False,5000,5000,
orz900d-even-1_bucket_623,623,10,orz900d.map,False,5000,5000,
orz900d-even-1_bucket_645,645,10,orz900d.map,False,5000,5000,
orz900d-even-1_bucket_183,183,10,orz900d.map,False,5000,5000,
orz900d-even-1_bucket_599,599,10,orz900d.map,False,5000,5000,
orz900d-even-1_bucket_462,462,10,orz900d.map,False,5000,5000,
orz900d-even-1_bucket_495,495,10,orz900d.map,False,5000,5000,
orz900d-even-1_bucket_216,216,10,orz900d.map,False,5000,5000,
orz900d-even-1_bucket_578,578,10,orz900d.map,False,5000,5000,
orz900d-even-1_bucket_451,451,10,orz900d.map,False,5000,5000,
orz900d-even-1_bucket_625,625,10,orz900d.map,False,5000,5000,
orz900d-even-1_bucket_167,167,10,orz900d.map,False,5000,5000,
orz900d-even-1_bucket_26,26,10,orz900d.map,False,5000,5000,
orz900d-even-1_bucket_438,438,10,orz900d.map,False,5000,5000,
orz900d-even-1_bucket_569,569,10,orz900d.map,False,5000,5000,
orz900d-even-1_bucket_199,199,10,orz900d.map,False,5000,5000,
orz900d-even-1_bucket_659,659,10,orz900d.map,False,5000,5000,
orz900d-even-1_bucket_71,71,10,orz900d.map,False,5000,5000,
orz900d-even-1_bucket_103,103,10,orz900d.map,False,5000,5000,
orz900d-even-1_bucket_397,397,10,orz900d.map,False,5000,5000,
orz900d-even-1_bucket_276,276,10,orz900d.map,False,5000,5000,
orz900d-even-1_bucket_112,112,10,orz900d.map,False,5000,5000,
orz900d-even-1_bucket_88,88,10,orz900d.map,False,5000,5000,
orz900d-even-1_bucket_509,509,10,orz900d.map,False,5000,5000,
orz900d-even-1_bucket_326,326,10,orz900d.map,False,5000,5000,
orz900d-even-1_bucket_472,472,10,orz900d.map,False,5000,5000,
orz900d-even-1_bucket_433,433,10,orz900d.map,False,5000,5000,
orz900d-even-1_bucket_429,429,10,orz900d.map,False,5000,5000,
orz900d-even-1_bucket_49,49,10,orz900d.map,False,5000,5000,
orz900d-even-1_bucket_493,493,10,orz900d.map,False,5000,5000,
orz900d-even-1_bucket_138,138,10,orz900d.map,False,5000,5000,
orz900d-even-1_bucket_215,215,10,orz900d.map,False,5000,5000,
orz900d-even-1_bucket_253,253,10,orz900d.map,False,5000,5000,
orz900d-even-1_bucket_117,117,10,orz900d.map,False,5000,5000,
orz900d-even-1_bucket_60,60,10,orz900d.map,False,5000,5000,
orz900d-even-1_bucket_185,185,10,orz900d.map,False,5000,5000,
orz900d-even-1_bucket_490,490,10,orz900d.map,False,5000,5000,
orz900d-even-1_bucket_106,106,10,orz900d.map,False,5000,5000,
orz900d-even-1_bucket_373,373,10,orz900d.map,False,5000,5000,
orz900d-even-1_bucket_231,231,10,orz900d.map,False,5000,5000,
orz900d-even-1_bucket_450,450,10,orz900d.map,False,5000,5000,
orz900d-even-1_bucket_580,580,10,orz900d.map,False,5000,5000,
orz900d-even-1_bucket_333,333,10,orz900d.map,False,5000,5000,
orz900d-even-1_bucket_223,223,10,orz900d.map,False,5000,5000,
orz900d-even-1_bucket_218,218,10,orz900d.map,False,5000,5000,
orz900d-even-1_bucket_82,82,10,orz900d.map,False,5000,5000,
orz900d-even-1_bucket_502,502,10,orz900d.map,False,5000,5000,
orz900d-even-1_bucket_552,552,10,orz900d.map,False,5000,5000,
orz900d-even-1_bucket_15,15,10,orz900d.map,False,5000,5000,
orz900d-even-1_bucket_455,455,10,orz900d.map,False,5000,5000,
orz900d-even-1_bucket_485,485,10,orz900d.map,False,5000,5000,
orz900d-even-1_bucket_385,385,10,orz900d.map,False,5000,5000,
orz900d-even-1_bucket_487,487,10,orz900d.map,False,5000,5000,
orz900d-even-1_bucket_498,498,10,orz900d.map,False,5000,5000,
orz900d-even-1_bucket_380,380,10,orz900d.map,False,5000,5000,
orz900d-even-1_bucket_530,530,10,orz900d.map,False,5000,5000,
orz900d-even-1_bucket_431,431,10,orz900d.map,False,5000,5000,
ost003d-even-1_bucket_46,46,10,ost003d.map,False,5000,5000,
ost003d-even-1_bucket_56,56,10,ost003d.map,False,5000,5000,
ost003d-even-1_bucket_65,65,10,ost003d.map,False,5000,5000,
ost003d-even-1_bucket_70,70,10,ost003d.map,False,5000,5000,
ost003d-even-1_bucket_24,24,10,ost003d.map,False,5000,5000,
ost003d-even-1_bucket_54,54,10,ost003d.map,False,5000,5000,
ost003d-even-1_bucket_59,59,10,ost003d.map,False,5000,5000,
ost003d-even-1_bucket_69,69,10,ost003d.map,False,5000,5000,
ost003d-even-1_bucket_34,34,10,ost003d.map,False,5000,5000,
ost003d-even-1_bucket_15,15,10,ost003d.map,False,5000,5000,
ost003d-even-1_bucket_20,20,10,ost003d.map,False,5000,5000,
ost003d-even-1_bucket_76,76,10,ost003d.map,False,5000,5000,
ost003d-even-1_bucket_40,40,10,ost003d.map,False,5000,5000,
ost003d-even-1_bucket_31,31,10,ost003d.map,False,5000,5000,
ost003d-even-1_bucket_25,25,10,ost003d.map,False,5000,5000,
ost003d-even-1_bucket_73,73,10,ost003d.map,False,5000,5000,
ost003d-even-1_bucket_63,63,10,ost003d.map,False,5000,5000,
ost003d-even-1_bucket_17,17,10,ost003d.map,False,5000,5000,
ost003d-even-1_bucket_49,49,10,ost003d.map,False,5000,5000,
ost003d-even-1_bucket_37,37,10,ost003d.map,False,5000,5000,
ost003d-even-1_bucket_18,18,10,ost003d.map,False,5000,5000,
ost003d-even-1_bucket_28,28,10,ost003d.map,False,5000,5000,
ost003d-even-1_bucket_79,79,10,ost003d.map,False,5000,5000,
ost003d-even-1_bucket_19,19,10,ost003d.map,False,5000,5000,
ost003d-even-1_bucket_12,12,10,ost003d.map,False,5000,5000,
ost003d-even-1_bucket_2,2,10,ost003d.map,False,5000,5000,
ost003d-even-1_bucket_30,30,10,ost003d.map,False,5000,5000,
ost003d-even-1_bucket_77,77,10,ost003d.map,False,5000,5000,
ost003d-even-1_bucket_27,27,10,ost003d.map,False,5000,5000,
ost003d-even-1_bucket_42,42,10,ost003d.map,False,5000,5000,
ost003d-even-1_bucket_43,43,10,ost003d.map,False,5000,5000,
ost003d-even-1_bucket_60,60,10,ost003d.map,False,5000,5000,
ost003d-even-1_bucket_44,44,10,ost003d.map,False,5000,5000,
ost003d-even-1_bucket_22,22,10,ost003d.map,False,5000,5000,
ost003d-even-1_bucket_7,7,10,ost003d.map,False,5000,5000,
ost003d-even-1_bucket_39,39,10,ost003d.map,False,5000,5000,
ost003d-even-1_bucket_55,55,10,ost003d.map,False,5000,5000,
ost003d-even-1_bucket_33,33,10,ost003d.map,False,5000,5000,
ost003d-even-1_bucket_51,51,10,ost003d.map,False,5000,5000,
ost003d-even-1_bucket_50,50,10,ost003d.map,False,5000,5000,
ost003d-even-1_bucket_6,6,10,ost003d.map,False,5000,5000,
ost003d-even-1_bucket_35,35,10,ost003d.map,False,5000,5000,
ost003d-even-1_bucket_48,48,10,ost003d.map,False,5000,5000,
ost003d-even-1_bucket_71,71,10,ost003d.map,False,5000,5000,
ost003d-even-1_bucket_41,41,10,ost003d.map,False,5000,5000,
ost003d-even-1_bucket_52,52,10,ost003d.map,False,5000,5000,
ost003d-even-1_bucket_0,0,10,ost003d.map,False,5000,5000,
ost003d-even-1_bucket_29,29,10,ost003d.map,False,5000,5000,
ost003d-even-1_bucket_21,21,10,ost003d.map,False,5000,5000,
ost003d-even-1_bucket_67,67,10,ost003d.map,False,5000,5000,
ost003d-even-1_bucket_47,47,10,ost003d.map,False,5000,5000,
ost003d-even-1_bucket_61,61,10,ost003d.map,False,5000,5000,
ost003d-even-1_bucket_32,32,10,ost003d.map,False,5000,5000,
ost003d-even-1_bucket_5,5,10,ost003d.map,False,5000,5000,
ost003d-even-1_bucket_80,80,10,ost003d.map,False,5000,5000,
ost003d-even-1_bucket_26,26,10,ost003d.map,False,5000,5000,
ost003d-even-1_bucket_8,8,10,ost003d.map,False,5000,5000,
ost003d-even-1_bucket_11,11,10,ost003d.map,False,5000,5000,
ost003d-even-1_bucket_66,66,10,ost003d.map,False,5000,5000,
ost003d-even-1_bucket_53,53,10,ost003d.map,False,5000,5000,
ost003d-even-1_bucket_64,64,10,ost003d.map,False,5000,5000,
ost003d-even-1_bucket_58,58,10,ost003d.map,False,5000,5000,
ost003d-even-1_bucket_16,16,10,ost003d.map,False,5000,5000,
ost003d-even-1_bucket_78,78,10,ost003d.map,False,5000,5000,
ost003d-even-1_bucket_3,3,10,ost003d.map,False,5000,5000,
ost003d-even-1_bucket_75,75,10,ost003d.map,False,5000,5000,
ost003d-even-1_bucket_57,57,10,ost003d.map,False,5000,5000,
ost003d-even-1_bucket_13,13,10,ost003d.map,False,5000,5000,
ost003d-even-1_bucket_23,23,10,ost003d.map,False,5000,5000,
ost003d-even-1_bucket_72,72,10,ost003d.map,False,5000,5000,
ost003d-even-1_bucket_38,38,10,ost003d.map,False,5000,5000,
ost003d-even-1_bucket_4,4,10,ost003d.map,False,5000,5000,
ost003d-even-1_bucket_1,1,10,ost003d.map,False,5000,5000,
ost003d-even-1_bucket_36,36,10,ost003d.map,False,5000,5000,
ost003d-even-1_bucket_10,10,10,ost003d.map,False,5000,5000,
ost003d-even-1_bucket_74,74,10,ost003d.map,False,5000,5000,
ost003d-even-1_bucket_45,45,10,ost003d.map,False,5000,5000,
ost003d-even-1_bucket_68,68,10,ost003d.map,False,5000,5000,
ost003d-even-1_bucket_14,14,10,ost003d.map,False,5000,5000,
ost003d-even-1_bucket_9,9,10,ost003d.map,False,5000,5000,
ost003d-even-1_bucket_62,62,10,ost003d.map,False,5000,5000,
Paris_1_256-even-1_bucket_71,71,10,Paris_1_256.map,False,5000,5000,
Paris_1_256-even-1_bucket_84,84,10,Paris_1_256.map,False,5000,5000,
Paris_1_256-even-1_bucket_69,69,10,Paris_1_256.map,False,5000,5000,
Paris_1_256-even-1_bucket_97,97,10,Paris_1_256.map,False,5000,5000,
Paris_1_256-even-1_bucket_87,87,10,Paris_1_256.map,False,5000,5000,
Paris_1_256-even-1_bucket_30,30,10,Paris_1_256.map,False,5000,5000,
Paris_1_256-even-1_bucket_93,93,10,Paris_1_256.map,False,5000,5000,
Paris_1_256-even-1_bucket_36,36,10,Paris_1_256.map,False,5000,5000,
Paris_1_256-even-1_bucket_4,4,10,Paris_1_256.map,False,5000,5000,
Paris_1_256-even-1_bucket_23,23,10,Paris_1_256.map,False,5000,5000,
Paris_1_256-even-1_bucket_94,94,10,Paris_1_256.map,False,5000,5000,
Paris_1_256-even-1_bucket_73,73,10,Paris_1_256.map,False,5000,5000,
Paris_1_256-even-1_bucket_81,81,10,Paris_1_256.map,False,5000,5000,
Paris_1_256-even-1_bucket_78,78,10,Paris_1_256.map,False,5000,5000,
Paris_1_256-even-1_bucket_33,33,10,Paris_1_256.map,False,5000,5000,
Paris_1_256-even-1_bucket_100,100,10,Paris_1_256.map,False,5000,5000,
Paris_1_256-even-1_bucket_26,26,10,Paris_1_256.map,False,5000,5000,
Paris_1_256-even-1_bucket_65,65,10,Paris_1_256.map,False,5000,5000,
Paris_1_256-even-1_bucket_2,2,10,Paris_1_256.map,False,5000,5000,
Paris_1_256-even-1_bucket_101,101,10,Paris_1_256.map,False,5000,5000,
Paris_1_256-even-1_bucket_99,99,10,Paris_1_256.map,False,5000,5000,
Paris_1_256-even-1_bucket_96,96,10,Paris_1_256.map,False,5000,5000,
Paris_1_256-even-1_bucket_53,53,10,Paris_1_256.map,False,5000,5000,
Paris_1_256-even-1_bucket_43,43,10,Paris_1_256.map,False,5000,5000,
Paris_1_256-even-1_bucket_27,27,10,Paris_1_256.map,False,5000,5000,
Paris_1_256-even-1_bucket_68,68,10,Paris_1_256.map,False,5000,5000,
Paris_1_256-even-1_bucket_86,86,10,Paris_1_256.map,False,5000,5000,
Paris_1_256-even-1_bucket_22,22,10,Paris_1_256.map,False,5000,5000,
Paris_1_256-even-1_bucket_66,66,10,Paris_1_256.map,False,5000,5000,
Paris_1_256-even-1_bucket_64,64,10,Paris_1_256.map,False,5000,5000,
Paris_1_256-even-1_bucket_10,10,10,Paris_1_256.map,False,5000,5000,
Paris_1_256-even-1_bucket_13,13,10,Paris_1_256.map,False,5000,5000,
Paris_1_256-even-1_bucket_31,31,10,Paris_1_256.map,False,5000,5000,
Paris_1_256-even-1_bucket_19,19,10,Paris_1_256.map,False,5000,5000,
Paris_1_256-even-1_bucket_7,7,10,Paris_1_256.map,False,5000,5000,
Paris_1_256-even-1_bucket_67,67,10,Paris_1_256.map,False,5000,5000,
Paris_1_256-even-1_bucket_11,11,10,Paris_1_256.map,False,5000,5000,
Paris_1_256-even-1_bucket_46,46,10,Paris_1_256.map,False,5000,5000,
Paris_1_256-even-1_bucket_75,75,10,Paris_1_256.map,False,5000,5000,
Paris_1_256-even-1_bucket_80,80,10,Paris_1_256.map,False,5000,5000,
Paris_1_256-even-1_bucket_0,0,10,Paris_1_256.map,False,5000,5000,
Paris_1_256-even-1_bucket_39,39,10,Paris_1_256.map,False,5000,5000,
Paris_1_256-even-1_bucket_76,76,10,Paris_1_256.map,False,5000,5000,
Paris_1_256-even-1_bucket_32,32,10,Paris_1_256.map,False,5000,5000,
Paris_1_256-even-1_bucket_63,63,10,Paris_1_256.map,False,5000,5000,
Paris_1_256-even-1_bucket_34,34,10,Paris_1_256.map,False,5000,5000,
Paris_1_256-even-1_bucket_92,92,10,Paris_1_256.map,False,5000,5000,
Paris_1_256-even-1_bucket_8,8,10,Paris_1_256.map,False,5000,5000,
Paris_1_256-even-1_bucket_41,41,10,Paris_1_256.map,False,5000,5000,
Paris_1_256-even-1_bucket_1,1,10,Paris_1_256.map,False,5000,5000,
Paris_1_256-even-1_bucket_35,35,10,Paris_1_256.map,False,5000,5000,
Paris_1_256-even-1_bucket_70,70,10,Paris_1_256.map,False,5000,5000,
Paris_1_256-even-1_bucket_95,95,10,Paris_1_256.map,False,5000,5000,
Paris_1_256-even-1_bucket_88,88,10,Paris_1_256.map,False,5000,5000,
Paris_1_256-even-1_bucket_44,44,10,Paris_1_256.map,False,5000,5000,
Paris_1_256-even-1_bucket_20,20,10,Paris_1_256.map,False,5000,5000,
Paris_1_256-even-1_bucket_82,82,10,Paris_1_256.map,False,5000,5000,
Paris_1_256-even-1_bucket_52,52,10,Paris_1_256.map,False,5000,5000,
Paris_1_256-even-1_bucket_18,18,10,Paris_1_256.map,False,5000,5000,
Paris_1_256-even-1_bucket_60,60,10,Paris_1_256.map,False,5000,5000,
Paris_1_256-even-1_bucket_14,14,10,Paris_1_256.map,False,5000,5000,
Paris_1_256-even-1_bucket_85,85,10,Paris_1_256.map,False,5000,5000,
Paris_1_256-even-1_bucket_55,55,10,Paris_1_256.map,False,5000,5000,
Paris_1_256-even-1_bucket_9,9,10,Paris_1_256.map,False,5000,5000,
Paris_1_256-even-1_bucket_3,3,10,Paris_1_256.map,False,5000,5000,
Paris_1_256-even-1_bucket_25,25,10,Paris_1_256.map,False,5000,5000,
Paris_1_256-even-1_bucket_83,83,10,Paris_1_256.map,False,5000,5000,
Paris_1_256-even-1_bucket_29,29,10,Paris_1_256.map,False,5000,5000,
Paris_1_256-even-1_bucket_79,79,10,Paris_1_256.map,False,5000,5000,
Paris_1_256-even-1_bucket_15,15,10,Paris_1_256.map,False,5000,5000,
Paris_1_256-even-1_bucket_50,50,10,Paris_1_256.map,False,5000,5000,
Paris_1_256-even-1_bucket_91,91,10,Paris_1_256.map,False,5000,5000,
Paris_1_256-even-1_bucket_16,16,10,Paris_1_256.map,False,5000,5000,
Paris_1_256-even-1_bucket_38,38,10,Paris_1_256.map,False,5000,5000,
Paris_1_256-even-1_bucket_98,98,10,Paris_1_256.map,False,5000,5000,
Paris_1_256-even-1_bucket_42,42,10,Paris_1_256.map,False,5000,5000,
Paris_1_256-even-1_bucket_54,54,10,Paris_1_256.map,False,5000,5000,
Paris_1_256-even-1_bucket_48,48,10,Paris_1_256.map,False,5000,5000,
Paris_1_256-even-1_bucket_28,28,10,Paris_1_256.map,False,5000,5000,
Paris_1_256-even-1_bucket_37,37,10,Paris_1_256.map,False,5000,5000,
Paris_1_256-even-1_bucket_51,51,10,Paris_1_256.map,False,5000,5000,
Paris_1_256-even-1_bucket_12,12,10,Paris_1_256.map,False,5000,5000,
Paris_1_256-even-1_bucket_47,47,10,Paris_1_256.map,False,5000,5000,
Paris_1_256-even-1_bucket_90,90,10,Paris_1_256.map,False,5000,5000,
Paris_1_256-even-1_bucket_58,58,10,Paris_1_256.map,False,5000,5000,
Paris_1_256-even-1_bucket_49,49,10,Paris_1_256.map,False,5000,5000,
Paris_1_256-even-1_bucket_17,17,10,Paris_1_256.map,False,5000,5000,
Paris_1_256-even-1_bucket_21,21,10,Paris_1_256.map,False,5000,5000,
Paris_1_256-even-1_bucket_77,77,10,Paris_1_256.map,False,5000,5000,
Paris_1_256-even-1_bucket_72,72,10,Paris_1_256.map,False,5000,5000,
Paris_1_256-even-1_bucket_5,5,10,Paris_1_256.map,False,5000,5000,
Paris_1_256-even-1_bucket_59,59,10,Paris_1_256.map,False,5000,5000,
Paris_1_256-even-1_bucket_89,89,10,Paris_1_256.map,False,5000,5000,
Paris_1_256-even-1_bucket_24,24,10,Paris_1_256.map,False,5000,5000,
Paris_1_256-even-1_bucket_56,56,10,Paris_1_256.map,False,5000,5000,
Paris_1_256-even-1_bucket_45,45,10,Paris_1_256.map,False,5000,5000,
Paris_1_256-even-1_bucket_40,40,10,Paris_1_256.map,False,5000,5000,
Paris_1_256-even-1_bucket_74,74,10,Paris_1_256.map,False,5000,5000,
Paris_1_256-even-1_bucket_57,57,10,Paris_1_256.map,False,5000,5000,
Paris_1_256-even-1_bucket_6,6,10,Paris_1_256.map,False,5000,5000,
Paris_1_256-even-1_bucket_61,61,10,Paris_1_256.map,False,5000,5000,
Paris_1_256-even-1_bucket_62,62,10,Paris_1_256.map,False,5000,5000,
Paris_1_256-even-1_bucket_102,102,10,Paris_1_256.map,False,5000,5000,
random-32-32-10-even-1_bucket_2,2,10,random-32-32-10.map,False,5000,5000,
random-32-32-10-even-1_bucket_6,6,10,random-32-32-10.map,False,5000,5000,
random-32-32-10-even-1_bucket_8,8,10,random-32-32-10.map,False,5000,5000,
random-32-32-10-even-1_bucket_1,1,10,random-32-32-10.map,False,5000,5000,
random-32-32-10-even-1_bucket_0,0,10,random-32-32-10.map,False,5000,5000,
random-32-32-10-even-1_bucket_4,4,10,random-32-32-10.map,False,5000,5000,
random-32-32-10-even-1_bucket_5,5,10,random-32-32-10.map,False,5000,5000,
random-32-32-10-even-1_bucket_3,3,10,random-32-32-10.map,False,5000,5000,
random-32-32-10-even-1_bucket_7,7,10,random-32-32-10.map,False,5000,5000,
random-32-32-20-even-1_bucket_0,0,10,random-32-32-20.map,True,2952,5000,
random-32-32-20-even-1_bucket_1,1,10,random-32-32-20.map,False,5000,5000,
random-32-32-20-even-1_bucket_3,3,10,random-32-32-20.map,False,5000,5000,
random-32-32-20-even-1_bucket_8,8,10,random-32-32-20.map,False,5000,5000,
random-32-32-20-even-1_bucket_7,7,10,random-32-32-20.map,False,5000,5000,
random-32-32-20-even-1_bucket_6,6,10,random-32-32-20.map,False,5000,5000,
random-32-32-20-even-1_bucket_2,2,10,random-32-32-20.map,False,5000,5000,
random-32-32-20-even-1_bucket_9,9,10,random-32-32-20.map,False,5000,5000,
random-32-32-20-even-1_bucket_5,5,10,random-32-32-20.map,False,5000,5000,
random-32-32-20-even-1_bucket_4,4,10,random-32-32-20.map,False,5000,5000,
random-64-64-10-even-1_bucket_11,11,10,random-64-64-10.map,False,5000,5000,
random-64-64-10-even-1_bucket_7,7,10,random-64-64-10.map,False,5000,5000,
random-64-64-10-even-1_bucket_1,1,10,random-64-64-10.map,False,5000,5000,
random-64-64-10-even-1_bucket_19,19,10,random-64-64-10.map,False,5000,5000,
random-64-64-10-even-1_bucket_18,18,10,random-64-64-10.map,False,5000,5000,
random-64-64-10-even-1_bucket_10,10,10,random-64-64-10.map,False,5000,5000,
random-64-64-10-even-1_bucket_2,2,10,random-64-64-10.map,False,5000,5000,
random-64-64-10-even-1_bucket_0,0,10,random-64-64-10.map,False,5000,5000,
random-64-64-10-even-1_bucket_9,9,10,random-64-64-10.map,False,5000,5000,
random-64-64-10-even-1_bucket_12,12,10,random-64-64-10.map,False,5000,5000,
random-64-64-10-even-1_bucket_8,8,10,random-64-64-10.map,False,5000,5000,
random-64-64-10-even-1_bucket_17,17,10,random-64-64-10.map,True,1450,5000,
random-64-64-10-even-1_bucket_14,14,10,random-64-64-10.map,False,5000,5000,
random-64-64-10-even-1_bucket_4,4,10,random-64-64-10.map,False,5000,5000,
random-64-64-10-even-1_bucket_3,3,10,random-64-64-10.map,False,5000,5000,
random-64-64-10-even-1_bucket_5,5,10,random-64-64-10.map,False,5000,5000,
random-64-64-10-even-1_bucket_13,13,10,random-64-64-10.map,False,5000,5000,
random-64-64-10-even-1_bucket_16,16,10,random-64-64-10.map,False,5000,5000,
random-64-64-10-even-1_bucket_15,15,10,random-64-64-10.map,False,5000,5000,
random-64-64-10-even-1_bucket_6,6,10,random-64-64-10.map,False,5000,5000,
random-64-64-20-even-1_bucket_1,1,10,random-64-64-20.map,False,5000,5000,
random-64-64-20-even-1_bucket_18,18,10,random-64-64-20.map,False,5000,5000,
random-64-64-20-even-1_bucket_11,11,10,random-64-64-20.map,False,5000,5000,
random-64-64-20-even-1_bucket_2,2,10,random-64-64-20.map,False,5000,5000,
random-64-64-20-even-1_bucket_6,6,10,random-64-64-20.map,False,5000,5000,
random-64-64-20-even-1_bucket_14,14,10,random-64-64-20.map,False,5000,5000,
random-64-64-20-even-1_bucket_21,21,10,random-64-64-20.map,False,5000,5000,
random-64-64-20-even-1_bucket_4,4,10,random-64-64-20.map,False,5000,5000,
random-64-64-20-even-1_bucket_7,7,10,random-64-64-20.map,False,5000,5000,
random-64-64-20-even-1_bucket_13,13,10,random-64-64-20.map,False,5000,5000,
random-64-64-20-even-1_bucket_0,0,10,random-64-64-20.map,False,5000,5000,
random-64-64-20-even-1_bucket_16,16,10,random-64-64-20.map,False,5000,5000,
random-64-64-20-even-1_bucket_3,3,10,random-64-64-20.map,False,5000,5000,
random-64-64-20-even-1_bucket_12,12,10,random-64-64-20.map,False,5000,5000,
random-64-64-20-even-1_bucket_15,15,10,random-64-64-20.map,False,5000,5000,
random-64-64-20-even-1_bucket_19,19,10,random-64-64-20.map,False,5000,5000,
random-64-64-20-even-1_bucket_5,5,10,random-64-64-20.map,False,5000,5000,
random-64-64-20-even-1_bucket_9,9,10,random-64-64-20.map,False,5000,5000,
random-64-64-20-even-1_bucket_8,8,10,random-64-64-20.map,False,5000,5000,
random-64-64-20-even-1_bucket_17,17,10,random-64-64-20.map,False,5000,5000,
random-64-64-20-even-1_bucket_20,20,10,random-64-64-20.map,False,5000,5000,
random-64-64-20-even-1_bucket_10,10,10,random-64-64-20.map,False,5000,5000,
room-32-32-4-even-1_bucket_9,9,10,room-32-32-4.map,False,5000,5000,
room-32-32-4-even-1_bucket_8,8,10,room-32-32-4.map,False,5000,5000,
room-32-32-4-even-1_bucket_2,2,10,room-32-32-4.map,False,5000,5000,
room-32-32-4-even-1_bucket_5,5,10,room-32-32-4.map,False,5000,5000,
room-32-32-4-even-1_bucket_10,10,10,room-32-32-4.map,False,5000,5000,
room-32-32-4-even-1_bucket_1,1,10,room-32-32-4.map,False,5000,5000,
room-32-32-4-even-1_bucket_0,0,10,room-32-32-4.map,False,5000,5000,
room-32-32-4-even-1_bucket_11,11,10,room-32-32-4.map,False,5000,5000,
room-32-32-4-even-1_bucket_3,3,10,room-32-32-4.map,False,5000,5000,
room-32-32-4-even-1_bucket_4,4,10,room-32-32-4.map,False,5000,5000,
room-32-32-4-even-1_bucket_6,6,10,room-32-32-4.map,False,5000,5000,
room-32-32-4-even-1_bucket_7,7,10,room-32-32-4.map,False,5000,5000,
room-32-32-4-even-1_bucket_12,12,10,room-32-32-4.map,False,5000,5000,
room-64-64-16-even-1_bucket_23,23,10,room-64-64-16.map,False,5000,5000,
room-64-64-16-even-1_bucket_28,28,10,room-64-64-16.map,False,5000,5000,
room-64-64-16-even-1_bucket_17,17,10,room-64-64-16.map,False,5000,5000,
room-64-64-16-even-1_bucket_37,37,10,room-64-64-16.map,False,5000,5000,
room-64-64-16-even-1_bucket_2,2,10,room-64-64-16.map,True,279,5000,
room-64-64-16-even-1_bucket_5,5,10,room-64-64-16.map,False,5000,5000,
room-64-64-16-even-1_bucket_19,19,10,room-64-64-16.map,False,5000,5000,
room-64-64-16-even-1_bucket_7,7,10,room-64-64-16.map,False,5000,5000,
room-64-64-16-even-1_bucket_24,24,10,room-64-64-16.map,False,5000,5000,
room-64-64-16-even-1_bucket_38,38,10,room-64-64-16.map,False,5000,5000,
room-64-64-16-even-1_bucket_39,39,10,room-64-64-16.map,False,5000,5000,
room-64-64-16-even-1_bucket_16,16,10,room-64-64-16.map,False,5000,5000,
room-64-64-16-even-1_bucket_14,14,10,room-64-64-16.map,False,5000,5000,
room-64-64-16-even-1_bucket_4,4,10,room-64-64-16.map,False,5000,5000,
room-64-64-16-even-1_bucket_15,15,10,room-64-64-16.map,False,5000,5000,
room-64-64-16-even-1_bucket_34,34,10,room-64-64-16.map,False,5000,5000,
room-64-64-16-even-1_bucket_21,21,10,room-64-64-16.map,False,5000,5000,
room-64-64-16-even-1_bucket_20,20,10,room-64-64-16.map,False,5000,5000,
room-64-64-16-even-1_bucket_26,26,10,room-64-64-16.map,False,5000,5000,
room-64-64-16-even-1_bucket_18,18,10,room-64-64-16.map,False,5000,5000,
room-64-64-16-even-1_bucket_12,12,10,room-64-64-16.map,False,5000,5000,
room-64-64-16-even-1_bucket_27,27,10,room-64-64-16.map,False,5000,5000,
room-64-64-16-even-1_bucket_22,22,10,room-64-64-16.map,False,5000,5000,
room-64-64-16-even-1_bucket_29,29,10,room-64-64-16.map,False,5000,5000,
room-64-64-16-even-1_bucket_32,32,10,room-64-64-16.map,False,5000,5000,
room-64-64-16-even-1_bucket_13,13,10,room-64-64-16.map,False,5000,5000,
room-64-64-16-even-1_bucket_31,31,10,room-64-64-16.map,False,5000,5000,
room-64-64-16-even-1_bucket_1,1,10,room-64-64-16.map,False,5000,5000,
room-64-64-16-even-1_bucket_10,10,10,room-64-64-16.map,False,5000,5000,
room-64-64-16-even-1_bucket_35,35,10,room-64-64-16.map,False,5000,5000,
room-64-64-16-even-1_bucket_30,30,10,room-64-64-16.map,False,5000,5000,
room-64-64-16-even-1_bucket_8,8,10,room-64-64-16.map,False,5000,5000,
room-64-64-16-even-1_bucket_11,11,10,room-64-64-16.map,False,5000,5000,
room-64-64-16-even-1_bucket_25,25,10,room-64-64-16.map,False,5000,5000,
room-64-64-16-even-1_bucket_0,0,10,room-64-64-16.map,True,61,5000,
room-64-64-16-even-1_bucket_6,6,10,room-64-64-16.map,False,5000,5000,
room-64-64-16-even-1_bucket_36,36,10,room-64-64-16.map,False,5000,5000,
room-64-64-16-even-1_bucket_33,33,10,room-64-64-16.map,False,5000,5000,
room-64-64-16-even-1_bucket_3,3,10,room-64-64-16.map,False,5000,5000,
room-64-64-16-even-1_bucket_9,9,10,room-64-64-16.map,False,5000,5000,
room-64-64-8-even-1_bucket_17,17,10,room-64-64-8.map,False,5000,5000,
room-64-64-8-even-1_bucket_16,16,10,room-64-64-8.map,False,5000,5000,
room-64-64-8-even-1_bucket_18,18,10,room-64-64-8.map,False,5000,5000,
room-64-64-8-even-1_bucket_11,11,10,room-64-64-8.map,False,5000,5000,
room-64-64-8-even-1_bucket_3,3,10,room-64-64-8.map,False,5000,5000,
room-64-64-8-even-1_bucket_9,9,10,room-64-64-8.map,False,5000,5000,
room-64-64-8-even-1_bucket_8,8,10,room-64-64-8.map,False,5000,5000,
room-64-64-8-even-1_bucket_24,24,10,room-64-64-8.map,False,5000,5000,
room-64-64-8-even-1_bucket_19,19,10,room-64-64-8.map,False,5000,5000,
room-64-64-8-even-1_bucket_25,25,10,room-64-64-8.map,False,5000,5000,
room-64-64-8-even-1_bucket_30,30,10,room-64-64-8.map,False,5000,5000,
room-64-64-8-even-1_bucket_1,1,10,room-64-64-8.map,False,5000,5000,
room-64-64-8-even-1_bucket_27,27,10,room-64-64-8.map,False,5000,5000,
room-64-64-8-even-1_bucket_15,15,10,room-64-64-8.map,False,5000,5000,
room-64-64-8-even-1_bucket_6,6,10,room-64-64-8.map,False,5000,5000,
room-64-64-8-even-1_bucket_14,14,10,room-64-64-8.map,False,5000,5000,
room-64-64-8-even-1_bucket_29,29,10,room-64-64-8.map,False,5000,5000,
room-64-64-8-even-1_bucket_0,0,10,room-64-64-8.map,False,5000,5000,
room-64-64-8-even-1_bucket_20,20,10,room-64-64-8.map,False,5000,5000,
room-64-64-8-even-1_bucket_2,2,10,room-64-64-8.map,False,5000,5000,
room-64-64-8-even-1_bucket_10,10,10,room-64-64-8.map,False,5000,5000,
room-64-64-8-even-1_bucket_4,4,10,room-64-64-8.map,False,5000,5000,
room-64-64-8-even-1_bucket_13,13,10,room-64-64-8.map,False,5000,5000,
room-64-64-8-even-1_bucket_23,23,10,room-64-64-8.map,False,5000,5000,
room-64-64-8-even-1_bucket_21,21,10,room-64-64-8.map,False,5000,5000,
room-64-64-8-even-1_bucket_12,12,10,room-64-64-8.map,False,5000,5000,
room-64-64-8-even-1_bucket_28,28,10,room-64-64-8.map,False,5000,5000,
room-64-64-8-even-1_bucket_7,7,10,room-64-64-8.map,False,5000,5000,
room-64-64-8-even-1_bucket_26,26,10,room-64-64-8.map,False,5000,5000,
room-64-64-8-even-1_bucket_5,5,10,room-64-64-8.map,False,5000,5000,
room-64-64-8-even-1_bucket_22,22,10,room-64-64-8.map,False,5000,5000,
w_woundedcoast-even-1_bucket_92,92,10,w_woundedcoast.map,False,5000,5000,
w_woundedcoast-even-1_bucket_64,64,10,w_woundedcoast.map,False,5000,5000,
w_woundedcoast-even-1_bucket_118,118,10,w_woundedcoast.map,False,5000,5000,
w_woundedcoast-even-1_bucket_147,147,10,w_woundedcoast.map,False,5000,5000,
w_woundedcoast-even-1_bucket_89,89,10,w_woundedcoast.map,False,5000,5000,
w_woundedcoast-even-1_bucket_58,58,10,w_woundedcoast.map,False,5000,5000,
w_woundedcoast-even-1_bucket_116,116,10,w_woundedcoast.map,False,5000,5000,
w_woundedcoast-even-1_bucket_30,30,10,w_woundedcoast.map,False,5000,5000,
w_woundedcoast-even-1_bucket_96,96,10,w_woundedcoast.map,False,5000,5000,
w_woundedcoast-even-1_bucket_125,125,10,w_woundedcoast.map,False,5000,5000,
w_woundedcoast-even-1_bucket_112,112,10,w_woundedcoast.map,False,5000,5000,
w_woundedcoast-even-1_bucket_167,167,10,w_woundedcoast.map,False,5000,5000,
w_woundedcoast-even-1_bucket_183,183,10,w_woundedcoast.map,False,5000,5000,
w_woundedcoast-even-1_bucket_33,33,10,w_woundedcoast.map,False,5000,5000,
w_woundedcoast-even-1_bucket_27,27,10,w_woundedcoast.map,False,5000,5000,
w_woundedcoast-even-1_bucket_102,102,10,w_woundedcoast.map,False,5000,5000,
w_woundedcoast-even-1_bucket_73,73,10,w_woundedcoast.map,False,5000,5000,
w_woundedcoast-even-1_bucket_81,81,10,w_woundedcoast.map,False,5000,5000,
w_woundedcoast-even-1_bucket_90,90,10,w_woundedcoast.map,False,5000,5000,
w_woundedcoast-even-1_bucket_21,21,10,w_woundedcoast.map,False,5000,5000,
w_woundedcoast-even-1_bucket_79,79,10,w_woundedcoast.map,False,5000,5000,
w_woundedcoast-even-1_bucket_174,174,10,w_woundedcoast.map,False,5000,5000,
w_woundedcoast-even-1_bucket_193,193,10,w_woundedcoast.map,False,5000,5000,
w_woundedcoast-even-1_bucket_98,98,10,w_woundedcoast.map,False,5000,5000,
w_woundedcoast-even-1_bucket_173,173,10,w_woundedcoast.map,False,5000,5000,
w_woundedcoast-even-1_bucket_57,57,10,w_woundedcoast.map,False,5000,5000,
w_woundedcoast-even-1_bucket_99,99,10,w_woundedcoast.map,False,5000,5000,
w_woundedcoast-even-1_bucket_191,191,10,w_woundedcoast.map,False,5000,5000,
w_woundedcoast-even-1_bucket_180,180,10,w_woundedcoast.map,False,5000,5000,
w_woundedcoast-even-1_bucket_155,155,10,w_woundedcoast.map,False,5000,5000,
w_woundedcoast-even-1_bucket_104,104,10,w_woundedcoast.map,False,5000,5000,
w_woundedcoast-even-1_bucket_1,1,10,w_woundedcoast.map,False,5000,5000,
w_woundedcoast-even-1_bucket_164,164,10,w_woundedcoast.map,False,5000,5000,
w_woundedcoast-even-1_bucket_82,82,10,w_woundedcoast.map,False,5000,5000,
w_woundedcoast-even-1_bucket_120,120,10,w_woundedcoast.map,False,5000,5000,
w_woundedcoast-even-1_bucket_133,133,10,w_woundedcoast.map,False,5000,5000,
w_woundedcoast-even-1_bucket_184,184,10,w_woundedcoast.map,False,5000,5000,
w_woundedcoast-even-1_bucket_188,188,10,w_woundedcoast.map,False,5000,5000,
w_woundedcoast-even-1_bucket_48,48,10,w_woundedcoast.map,False,5000,5000,
w_woundedcoast-even-1_bucket_171,171,10,w_woundedcoast.map,False,5000,5000,
w_woundedcoast-even-1_bucket_145,145,10,w_woundedcoast.map,False,5000,5000,
w_woundedcoast-even-1_bucket_24,24,10,w_woundedcoast.map,False,5000,5000,
w_woundedcoast-even-1_bucket_111,111,10,w_woundedcoast.map,False,5000,5000,
w_woundedcoast-even-1_bucket_189,189,10,w_woundedcoast.map,False,5000,5000,
w_woundedcoast-even-1_bucket_3,3,10,w_woundedcoast.map,False,5000,5000,
w_woundedcoast-even-1_bucket_5,5,10,w_woundedcoast.map,False,5000,5000,
w_woundedcoast-even-1_bucket_23,23,10,w_woundedcoast.map,False,5000,5000,
w_woundedcoast-even-1_bucket_150,150,10,w_woundedcoast.map,False,5000,5000,
w_woundedcoast-even-1_bucket_53,53,10,w_woundedcoast.map,False,5000,5000,
w_woundedcoast-even-1_bucket_86,86,10,w_woundedcoast.map,False,5000,5000,
w_woundedcoast-even-1_bucket_136,136,10,w_woundedcoast.map,False,5000,5000,
w_woundedcoast-even-1_bucket_25,25,10,w_woundedcoast.map,False,5000,5000,
w_woundedcoast-even-1_bucket_77,77,10,w_woundedcoast.map,False,5000,5000,
w_woundedcoast-even-1_bucket_28,28,10,w_woundedcoast.map,False,5000,5000,
w_woundedcoast-even-1_bucket_127,127,10,w_woundedcoast.map,False,5000,5000,
w_woundedcoast-even-1_bucket_41,41,10,w_woundedcoast.map,False,5000,5000,
w_woundedcoast-even-1_bucket_29,29,10,w_woundedcoast.map,False,5000,5000,
w_woundedcoast-even-1_bucket_100,100,10,w_woundedcoast.map,False,5000,5000,
w_woundedcoast-even-1_bucket_70,70,10,w_woundedcoast.map,False,5000,5000,
w_woundedcoast-even-1_bucket_154,154,10,w_woundedcoast.map,False,5000,5000,
w_woundedcoast-even-1_bucket_109,109,10,w_woundedcoast.map,False,5000,5000,
w_woundedcoast-even-1_bucket_170,170,10,w_woundedcoast.map,False,5000,5000,
w_woundedcoast-even-1_bucket_93,93,10,w_woundedcoast.map,False,5000,5000,
w_woundedcoast-even-1_bucket_0,0,10,w_woundedcoast.map,False,5000,5000,
w_woundedcoast-even-1_bucket_43,43,10,w_woundedcoast.map,False,5000,5000,
w_woundedcoast-even-1_bucket_148,148,10,w_woundedcoast.map,False,5000,5000,
w_woundedcoast-even-1_bucket_103,103,10,w_woundedcoast.map,False,5000,5000,
w_woundedcoast-even-1_bucket_66,66,10,w_woundedcoast.map,False,5000,5000,
w_woundedcoast-even-1_bucket_139,139,10,w_woundedcoast.map,False,5000,5000,
w_woundedcoast-even-1_bucket_55,55,10,w_woundedcoast.map,False,5000,5000,
w_woundedcoast-even-1_bucket_141,141,10,w_woundedcoast.map,False,5000,5000,
w_woundedcoast-even-1_bucket_134,134,10,w_woundedcoast.map,False,5000,5000,
w_woundedcoast-even-1_bucket_130,130,10,w_woundedcoast.map,False,5000,5000,
w_woundedcoast-even-1_bucket_142,142,10,w_woundedcoast.map,False,5000,5000,
w_woundedcoast-even-1_bucket_194,194,10,w_woundedcoast.map,False,5000,5000,
w_woundedcoast-even-1_bucket_47,47,10,w_woundedcoast.map,False,5000,5000,
w_woundedcoast-even-1_bucket_9,9,10,w_woundedcoast.map,False,5000,5000,
w_woundedcoast-even-1_bucket_38,38,10,w_woundedcoast.map,False,5000,5000,
w_woundedcoast-even-1_bucket_186,186,10,w_woundedcoast.map,False,5000,5000,
w_woundedcoast-even-1_bucket_123,123,10,w_woundedcoast.map,False,5000,5000,
w_woundedcoast-even-1_bucket_60,60,10,w_woundedcoast.map,False,5000,5000,
w_woundedcoast-even-1_bucket_7,7,10,w_woundedcoast.map,False,5000,5000,
w_woundedcoast-even-1_bucket_126,126,10,w_woundedcoast.map,False,5000,5000,
w_woundedcoast-even-1_bucket_151,151,10,w_woundedcoast.map,False,5000,5000,
w_woundedcoast-even-1_bucket_153,153,10,w_woundedcoast.map,False,5000,5000,
w_woundedcoast-even-1_bucket_144,144,10,w_woundedcoast.map,False,5000,5000,
w_woundedcoast-even-1_bucket_161,161,10,w_woundedcoast.map,False,5000,5000,
w_woundedcoast-even-1_bucket_91,91,10,w_woundedcoast.map,False,5000,5000,
w_woundedcoast-even-1_bucket_65,65,10,w_woundedcoast.map,False,5000,5000,
w_woundedcoast-even-1_bucket_172,172,10,w_woundedcoast.map,False,5000,5000,
w_woundedcoast-even-1_bucket_42,42,10,w_woundedcoast.map,False,5000,5000,
w_woundedcoast-even-1_bucket_115,115,10,w_woundedcoast.map,False,5000,5000,
w_woundedcoast-even-1_bucket_76,76,10,w_woundedcoast.map,False,5000,5000,
w_woundedcoast-even-1_bucket_35,35,10,w_woundedcoast.map,False,5000,5000,
w_woundedcoast-even-1_bucket_182,182,10,w_woundedcoast.map,False,5000,5000,
w_woundedcoast-even-1_bucket_195,195,10,w_woundedcoast.map,False,5000,5000,
w_woundedcoast-even-1_bucket_128,128,10,w_woundedcoast.map,False,5000,5000,
w_woundedcoast-even-1_bucket_176,176,10,w_woundedcoast.map,False,5000,5000,
w_woundedcoast-even-1_bucket_169,169,10,w_woundedcoast.map,False,5000,5000,
w_woundedcoast-even-1_bucket_45,45,10,w_woundedcoast.map,False,5000,5000,
w_woundedcoast-even-1_bucket_2,2,10,w_woundedcoast.map,False,5000,5000,
w_woundedcoast-even-1_bucket_114,114,10,w_woundedcoast.map,False,5000,5000,
w_woundedcoast-even-1_bucket_26,26,10,w_woundedcoast.map,False,5000,5000,
w_woundedcoast-even-1_bucket_62,62,10,w_woundedcoast.map,False,5000,5000,
w_woundedcoast-even-1_bucket_192,192,10,w_woundedcoast.map,False,5000,5000,
w_woundedcoast-even-1_bucket_160,160,10,w_woundedcoast.map,False,5000,5000,
w_woundedcoast-even-1_bucket_51,51,10,w_woundedcoast.map,False,5000,5000,
w_woundedcoast-even-1_bucket_119,119,10,w_woundedcoast.map,False,5000,5000,
w_woundedcoast-even-1_bucket_20,20,10,w_woundedcoast.map,False,5000,5000,
w_woundedcoast-even-1_bucket_17,17,10,w_woundedcoast.map,False,5000,5000,
w_woundedcoast-even-1_bucket_166,166,10,w_woundedcoast.map,False,5000,5000,
w_woundedcoast-even-1_bucket_131,131,10,w_woundedcoast.map,False,5000,5000,
w_woundedcoast-even-1_bucket_78,78,10,w_woundedcoast.map,False,5000,5000,
w_woundedcoast-even-1_bucket_124,124,10,w_woundedcoast.map,False,5000,5000,
w_woundedcoast-even-1_bucket_71,71,10,w_woundedcoast.map,False,5000,5000,
w_woundedcoast-even-1_bucket_146,146,10,w_woundedcoast.map,False,5000,5000,
w_woundedcoast-even-1_bucket_31,31,10,w_woundedcoast.map,False,5000,5000,
w_woundedcoast-even-1_bucket_13,13,10,w_woundedcoast.map,False,5000,5000,
w_woundedcoast-even-1_bucket_18,18,10,w_woundedcoast.map,False,5000,5000,
w_woundedcoast-even-1_bucket_11,11,10,w_woundedcoast.map,False,5000,5000,
w_woundedcoast-even-1_bucket_22,22,10,w_woundedcoast.map,False,5000,5000,
w_woundedcoast-even-1_bucket_67,67,10,w_woundedcoast.map,False,5000,5000,
w_woundedcoast-even-1_bucket_152,152,10,w_woundedcoast.map,False,5000,5000,
w_woundedcoast-even-1_bucket_95,95,10,w_woundedcoast.map,False,5000,5000,
w_woundedcoast-even-1_bucket_69,69,10,w_woundedcoast.map,False,5000,5000,
w_woundedcoast-even-1_bucket_165,165,10,w_woundedcoast.map,False,5000,5000,
w_woundedcoast-even-1_bucket_113,113,10,w_woundedcoast.map,False,5000,5000,
w_woundedcoast-even-1_bucket_61,61,10,w_woundedcoast.map,False,5000,5000,
w_woundedcoast-even-1_bucket_14,14,10,w_woundedcoast.map,False,5000,5000,
w_woundedcoast-even-1_bucket_179,179,10,w_woundedcoast.map,False,5000,5000,
w_woundedcoast-even-1_bucket_40,40,10,w_woundedcoast.map,False,5000,5000,
w_woundedcoast-even-1_bucket_187,187,10,w_woundedcoast.map,False,5000,5000,
w_woundedcoast-even-1_bucket_37,37,10,w_woundedcoast.map,False,5000,5000,
w_woundedcoast-even-1_bucket_106,106,10,w_woundedcoast.map,False,5000,5000,
w_woundedcoast-even-1_bucket_97,97,10,w_woundedcoast.map,False,5000,5000,
w_woundedcoast-even-1_bucket_159,159,10,w_woundedcoast.map,False,5000,5000,
w_woundedcoast-even-1_bucket_12,12,10,w_woundedcoast.map,False,5000,5000,
w_woundedcoast-even-1_bucket_32,32,10,w_woundedcoast.map,False,5000,5000,
w_woundedcoast-even-1_bucket_110,110,10,w_woundedcoast.map,False,5000,5000,
w_woundedcoast-even-1_bucket_49,49,10,w_woundedcoast.map,False,5000,5000,
w_woundedcoast-even-1_bucket_138,138,10,w_woundedcoast.map,False,5000,5000,
w_woundedcoast-even-1_bucket_156,156,10,w_woundedcoast.map,False,5000,5000,
w_woundedcoast-even-1_bucket_157,157,10,w_woundedcoast.map,False,5000,5000,
w_woundedcoast-even-1_bucket_163,163,10,w_woundedcoast.map,False,5000,5000,
w_woundedcoast-even-1_bucket_75,75,10,w_woundedcoast.map,False,5000,5000,
w_woundedcoast-even-1_bucket_140,140,10,w_woundedcoast.map,False,5000,5000,
w_woundedcoast-even-1_bucket_36,36,10,w_woundedcoast.map,False,5000,5000,
w_woundedcoast-even-1_bucket_132,132,10,w_woundedcoast.map,False,5000,5000,
w_woundedcoast-even-1_bucket_135,135,10,w_woundedcoast.map,False,5000,5000,
w_woundedcoast-even-1_bucket_8,8,10,w_woundedcoast.map,False,5000,5000,
w_woundedcoast-even-1_bucket_16,16,10,w_woundedcoast.map,False,5000,5000,
w_woundedcoast-even-1_bucket_6,6,10,w_woundedcoast.map,False,5000,5000,
w_woundedcoast-even-1_bucket_80,80,10,w_woundedcoast.map,False,5000,5000,
w_woundedcoast-even-1_bucket_117,117,10,w_woundedcoast.map,False,5000,5000,
w_woundedcoast-even-1_bucket_107,107,10,w_woundedcoast.map,False,5000,5000,
w_woundedcoast-even-1_bucket_105,105,10,w_woundedcoast.map,False,5000,5000,
w_woundedcoast-even-1_bucket_72,72,10,w_woundedcoast.map,False,5000,5000,
w_woundedcoast-even-1_bucket_149,149,10,w_woundedcoast.map,False,5000,5000,
w_woundedcoast-even-1_bucket_56,56,10,w_woundedcoast.map,False,5000,5000,
w_woundedcoast-even-1_bucket_108,108,10,w_woundedcoast.map,False,5000,5000,
w_woundedcoast-even-1_bucket_162,162,10,w_woundedcoast.map,False,5000,5000,
w_woundedcoast-even-1_bucket_175,175,10,w_woundedcoast.map,False,5000,5000,
w_woundedcoast-even-1_bucket_101,101,10,w_woundedcoast.map,False,5000,5000,
w_woundedcoast-even-1_bucket_15,15,10,w_woundedcoast.map,False,5000,5000,
w_woundedcoast-even-1_bucket_10,10,10,w_woundedcoast.map,False,5000,5000,
w_woundedcoast-even-1_bucket_185,185,10,w_woundedcoast.map,False,5000,5000,
w_woundedcoast-even-1_bucket_158,158,10,w_woundedcoast.map,False,5000,5000,
w_woundedcoast-even-1_bucket_85,85,10,w_woundedcoast.map,False,5000,5000,
w_woundedcoast-even-1_bucket_44,44,10,w_woundedcoast.map,False,5000,5000,
w_woundedcoast-even-1_bucket_178,178,10,w_woundedcoast.map,False,5000,5000,
w_woundedcoast-even-1_bucket_190,190,10,w_woundedcoast.map,False,5000,5000,
w_woundedcoast-even-1_bucket_181,181,10,w_woundedcoast.map,False,5000,5000,
w_woundedcoast-even-1_bucket_19,19,10,w_woundedcoast.map,False,5000,5000,
w_woundedcoast-even-1_bucket_122,122,10,w_woundedcoast.map,False,5000,5000,
w_woundedcoast-even-1_bucket_68,68,10,w_woundedcoast.map,False,5000,5000,
w_woundedcoast-even-1_bucket_129,129,10,w_woundedcoast.map,False,5000,5000,
w_woundedcoast-even-1_bucket_52,52,10,w_woundedcoast.map,False,5000,5000,
w_woundedcoast-even-1_bucket_63,63,10,w_woundedcoast.map,False,5000,5000,
w_woundedcoast-even-1_bucket_54,54,10,w_woundedcoast.map,False,5000,5000,
w_woundedcoast-even-1_bucket_74,74,10,w_woundedcoast.map,False,5000,5000,
w_woundedcoast-even-1_bucket_88,88,10,w_woundedcoast.map,False,5000,5000,
w_woundedcoast-even-1_bucket_137,137,10,w_woundedcoast.map,False,5000,5000,
w_woundedcoast-even-1_bucket_39,39,10,w_woundedcoast.map,False,5000,5000,
w_woundedcoast-even-1_bucket_196,196,10,w_woundedcoast.map,False,5000,5000,
w_woundedcoast-even-1_bucket_4,4,10,w_woundedcoast.map,False,5000,5000,
w_woundedcoast-even-1_bucket_87,87,10,w_woundedcoast.map,False,5000,5000,
w_woundedcoast-even-1_bucket_94,94,10,w_woundedcoast.map,False,5000,5000,
w_woundedcoast-even-1_bucket_121,121,10,w_woundedcoast.map,False,5000,5000,
w_woundedcoast-even-1_bucket_84,84,10,w_woundedcoast.map,False,5000,5000,
w_woundedcoast-even-1_bucket_168,168,10,w_woundedcoast.map,False,5000,5000,
w_woundedcoast-even-1_bucket_177,177,10,w_woundedcoast.map,False,5000,5000,
w_woundedcoast-even-1_bucket_46,46,10,w_woundedcoast.map,False,5000,5000,
w_woundedcoast-even-1_bucket_83,83,10,w_woundedcoast.map,False,5000,5000,
w_woundedcoast-even-1_bucket_34,34,10,w_woundedcoast.map,False,5000,5000,
w_woundedcoast-even-1_bucket_59,59,10,w_woundedcoast.map,False,5000,5000,
w_woundedcoast-even-1_bucket_50,50,10,w_woundedcoast.map,False,5000,5000,
w_woundedcoast-even-1_bucket_143,143,10,w_woundedcoast.map,False,5000,5000,
warehouse-10-20-10-2-1-even-1_bucket_23,23,10,warehouse-10-20-10-2-1.map,False,5000,5000,
warehouse-10-20-10-2-1-even-1_bucket_28,28,10,warehouse-10-20-10-2-1.map,True,1809,5000,
warehouse-10-20-10-2-1-even-1_bucket_17,17,10,warehouse-10-20-10-2-1.map,True,3448,5000,
warehouse-10-20-10-2-1-even-1_bucket_37,37,10,warehouse-10-20-10-2-1.map,True,2549,5000,
warehouse-10-20-10-2-1-even-1_bucket_2,2,10,warehouse-10-20-10-2-1.map,True,183,5000,
warehouse-10-20-10-2-1-even-1_bucket_5,5,10,warehouse-10-20-10-2-1.map,True,1001,5000,
warehouse-10-20-10-2-1-even-1_bucket_19,19,10,warehouse-10-20-10-2-1.map,False,5000,5000,
warehouse-10-20-10-2-1-even-1_bucket_42,42,10,warehouse-10-20-10-2-1.map,True,2482,5000,
warehouse-10-20-10-2-1-even-1_bucket_7,7,10,warehouse-10-20-10-2-1.map,False,5000,5000,
warehouse-10-20-10-2-1-even-1_bucket_24,24,10,warehouse-10-20-10-2-1.map,True,3416,5000,
warehouse-10-20-10-2-1-even-1_bucket_38,38,10,warehouse-10-20-10-2-1.map,False,5000,5000,
warehouse-10-20-10-2-1-even-1_bucket_39,39,10,warehouse-10-20-10-2-1.map,False,5000,5000,
warehouse-10-20-10-2-1-even-1_bucket_16,16,10,warehouse-10-20-10-2-1.map,False,5000,5000,
warehouse-10-20-10-2-1-even-1_bucket_14,14,10,warehouse-10-20-10-2-1.map,False,5000,5000,
warehouse-10-20-10-2-1-even-1_bucket_4,4,10,warehouse-10-20-10-2-1.map,True,1550,5000,
warehouse-10-20-10-2-1-even-1_bucket_15,15,10,warehouse-10-20-10-2-1.map,True,2584,5000,
warehouse-10-20-10-2-1-even-1_bucket_41,41,10,warehouse-10-20-10-2-1.map,True,2493,5000,
warehouse-10-20-10-2-1-even-1_bucket_34,34,10,warehouse-10-20-10-2-1.map,False,5000,5000,
warehouse-10-20-10-2-1-even-1_bucket_21,21,10,warehouse-10-20-10-2-1.map,False,5000,5000,
warehouse-10-20-10-2-1-even-1_bucket_20,20,10,warehouse-10-20-10-2-1.map,False,5000,5000,
warehouse-10-20-10-2-1-even-1_bucket_26,26,10,warehouse-10-20-10-2-1.map,True,4691,5000,
warehouse-10-20-10-2-1-even-1_bucket_18,18,10,warehouse-10-20-10-2-1.map,True,1401,5000,
warehouse-10-20-10-2-1-even-1_bucket_12,12,10,warehouse-10-20-10-2-1.map,True,1320,5000,
warehouse-10-20-10-2-1-even-1_bucket_43,43,10,warehouse-10-20-10-2-1.map,True,2147,5000,
warehouse-10-20-10-2-1-even-1_bucket_27,27,10,warehouse-10-20-10-2-1.map,False,5000,5000,
warehouse-10-20-10-2-1-even-1_bucket_22,22,10,warehouse-10-20-10-2-1.map,False,5000,5000,
warehouse-10-20-10-2-1-even-1_bucket_40,40,10,warehouse-10-20-10-2-1.map,True,4834,5000,
warehouse-10-20-10-2-1-even-1_bucket_29,29,10,warehouse-10-20-10-2-1.map,True,3354,5000,
warehouse-10-20-10-2-1-even-1_bucket_32,32,10,warehouse-10-20-10-2-1.map,False,5000,5000,
warehouse-10-20-10-2-1-even-1_bucket_13,13,10,warehouse-10-20-10-2-1.map,False,5000,5000,
warehouse-10-20-10-2-1-even-1_bucket_31,31,10,warehouse-10-20-10-2-1.map,False,5000,5000,
warehouse-10-20-10-2-1-even-1_bucket_1,1,10,warehouse-10-20-10-2-1.map,True,757,5000,
warehouse-10-20-10-2-1-even-1_bucket_10,10,10,warehouse-10-20-10-2-1.map,False,5000,5000,
warehouse-10-20-10-2-1-even-1_bucket_44,44,10,warehouse-10-20-10-2-1.map,True,2742,5000,
warehouse-10-20-10-2-1-even-1_bucket_35,35,10,warehouse-10-20-10-2-1.map,False,5000,5000,
warehouse-10-20-10-2-1-even-1_bucket_30,30,10,warehouse-10-20-10-2-1.map,False,5000,5000,
warehouse-10-20-10-2-1-even-1_bucket_8,8,10,warehouse-10-20-10-2-1.map,False,5000,5000,
warehouse-10-20-10-2-1-even-1_bucket_11,11,10,warehouse-10-20-10-2-1.map,False,5000,5000,
warehouse-10-20-10-2-1-even-1_bucket_25,25,10,warehouse-10-20-10-2-1.map,False,5000,5000,
warehouse-10-20-10-2-1-even-1_bucket_0,0,10,warehouse-10-20-10-2-1.map,True,21,5000,
warehouse-10-20-10-2-1-even-1_bucket_6,6,10,warehouse-10-20-10-2-1.map,True,4217,5000,
warehouse-10-20-10-2-1-even-1_bucket_36,36,10,warehouse-10-20-10-2-1.map,True,2327,5000,
warehouse-10-20-10-2-1-even-1_bucket_33,33,10,warehouse-10-20-10-2-1.map,True,1504,5000,
warehouse-10-20-10-2-1-even-1_bucket_3,3,10,warehouse-10-20-10-2-1.map,False,5000,5000,
warehouse-10-20-10-2-1-even-1_bucket_9,9,10,warehouse-10-20-10-2-1.map,True,1398,5000,
warehouse-10-20-10-2-2-even-1_bucket_48,48,10,warehouse-10-20-10-2-2.map,True,967,5000,
warehouse-10-20-10-2-2-even-1_bucket_23,23,10,warehouse-10-20-10-2-2.map,False,5000,5000,
warehouse-10-20-10-2-2-even-1_bucket_28,28,10,warehouse-10-20-10-2-2.map,False,5000,5000,
warehouse-10-20-10-2-2-even-1_bucket_17,17,10,warehouse-10-20-10-2-2.map,True,2358,5000,
warehouse-10-20-10-2-2-even-1_bucket_37,37,10,warehouse-10-20-10-2-2.map,False,5000,5000,
warehouse-10-20-10-2-2-even-1_bucket_46,46,10,warehouse-10-20-10-2-2.map,False,5000,5000,
warehouse-10-20-10-2-2-even-1_bucket_45,45,10,warehouse-10-20-10-2-2.map,True,3240,5000,
warehouse-10-20-10-2-2-even-1_bucket_2,2,10,warehouse-10-20-10-2-2.map,False,5000,5000,
warehouse-10-20-10-2-2-even-1_bucket_5,5,10,warehouse-10-20-10-2-2.map,False,5000,5000,
warehouse-10-20-10-2-2-even-1_bucket_47,47,10,warehouse-10-20-10-2-2.map,False,5000,5000,
warehouse-10-20-10-2-2-even-1_bucket_19,19,10,warehouse-10-20-10-2-2.map,False,5000,5000,
warehouse-10-20-10-2-2-even-1_bucket_42,42,10,warehouse-10-20-10-2-2.map,False,5000,5000,
warehouse-10-20-10-2-2-even-1_bucket_7,7,10,warehouse-10-20-10-2-2.map,False,5000,5000,
warehouse-10-20-10-2-2-even-1_bucket_24,24,10,warehouse-10-20-10-2-2.map,False,5000,5000,
warehouse-10-20-10-2-2-even-1_bucket_38,38,10,warehouse-10-20-10-2-2.map,False,5000,5000,
warehouse-10-20-10-2-2-even-1_bucket_39,39,10,warehouse-10-20-10-2-2.map,True,3167,5000,
warehouse-10-20-10-2-2-even-1_bucket_16,16,10,warehouse-10-20-10-2-2.map,False,5000,5000,
warehouse-10-20-10-2-2-even-1_bucket_14,14,10,warehouse-10-20-10-2-2.map,False,5000,5000,
warehouse-10-20-10-2-2-even-1_bucket_4,4,10,warehouse-10-20-10-2-2.map,True,3213,5000,
warehouse-10-20-10-2-2-even-1_bucket_15,15,10,warehouse-10-20-10-2-2.map,True,2321,5000,
warehouse-10-20-10-2-2-even-1_bucket_41,41,10,warehouse-10-20-10-2-2.map,True,3471,5000,
warehouse-10-20-10-2-2-even-1_bucket_34,34,10,warehouse-10-20-10-2-2.map,False,5000,5000,
warehouse-10-20-10-2-2-even-1_bucket_21,21,10,warehouse-10-20-10-2-2.map,True,2916,5000,
warehouse-10-20-10-2-2-even-1_bucket_20,20,10,warehouse-10-20-10-2-2.map,False,5000,5000,
warehouse-10-20-10-2-2-even-1_bucket_26,26,10,warehouse-10-20-10-2-2.map,False,5000,5000,
warehouse-10-20-10-2-2-even-1_bucket_18,18,10,warehouse-10-20-10-2-2.map,False,5000,5000,
warehouse-10-20-10-2-2-even-1_bucket_12,12,10,warehouse-10-20-10-2-2.map,False,5000,5000,
warehouse-10-20-10-2-2-even-1_bucket_43,43,10,warehouse-10-20-10-2-2.map,False,5000,5000,
warehouse-10-20-10-2-2-even-1_bucket_27,27,10,warehouse-10-20-10-2-2.map,False,5000,5000,
warehouse-10-20-10-2-2-even-1_bucket_22,22,10,warehouse-10-20-10-2-2.map,True,3481,5000,
warehouse-10-20-10-2-2-even-1_bucket_40,40,10,warehouse-10-20-10-2-2.map,False,5000,5000,
warehouse-10-20-10-2-2-even-1_bucket_29,29,10,warehouse-10-20-10-2-2.map,False,5000,5000,
warehouse-10-20-10-2-2-even-1_bucket_32,32,10,warehouse-10-20-10-2-2.map,False,5000,5000,
warehouse-10-20-10-2-2-even-1_bucket_13,13,10,warehouse-10-20-10-2-2.map,False,5000,5000,
warehouse-10-20-10-2-2-even-1_bucket_31,31,10,warehouse-10-20-10-2-2.map,False,5000,5000,
warehouse-10-20-10-2-2-even-1_bucket_1,1,10,warehouse-10-20-10-2-2.map,True,88,5000,
warehouse-10-20-10-2-2-even-1_bucket_10,10,10,warehouse-10-20-10-2-2.map,False,5000,5000,
warehouse-10-20-10-2-2-even-1_bucket_44,44,10,warehouse-10-20-10-2-2.map,False,5000,5000,
warehouse-10-20-10-2-2-even-1_bucket_35,35,10,warehouse-10-20-10-2-2.map,False,5000,5000,
warehouse-10-20-10-2-2-even-1_bucket_30,30,10,warehouse-10-20-10-2-2.map,False,5000,5000,
warehouse-10-20-10-2-2-even-1_bucket_8,8,10,warehouse-10-20-10-2-2.map,False,5000,5000,
warehouse-10-20-10-2-2-even-1_bucket_11,11,10,warehouse-10-20-10-2-2.map,False,5000,5000,
warehouse-10-20-10-2-2-even-1_bucket_25,25,10,warehouse-10-20-10-2-2.map,True,1244,5000,
warehouse-10-20-10-2-2-even-1_bucket_0,0,10,warehouse-10-20-10-2-2.map,True,127,5000,
warehouse-10-20-10-2-2-even-1_bucket_6,6,10,warehouse-10-20-10-2-2.map,False,5000,5000,
warehouse-10-20-10-2-2-even-1_bucket_36,36,10,warehouse-10-20-10-2-2.map,False,5000,5000,
warehouse-10-20-10-2-2-even-1_bucket_33,33,10,warehouse-10-20-10-2-2.map,False,5000,5000,
warehouse-10-20-10-2-2-even-1_bucket_3,3,10,warehouse-10-20-10-2-2.map,True,2379,5000,
warehouse-10-20-10-2-2-even-1_bucket_9,9,10,warehouse-10-20-10-2-2.map,False,5000,5000,
warehouse-20-40-10-2-1-even-1_bucket_48,48,10,warehouse-20-40-10-2-1.map,False,5000,5000,
warehouse-20-40-10-2-1-even-1_bucket_23,23,10,warehouse-20-40-10-2-1.map,False,5000,5000,
warehouse-20-40-10-2-1-even-1_bucket_28,28,10,warehouse-20-40-10-2-1.map,False,5000,5000,
warehouse-20-40-10-2-1-even-1_bucket_17,17,10,warehouse-20-40-10-2-1.map,False,5000,5000,
warehouse-20-40-10-2-1-even-1_bucket_77,77,10,warehouse-20-40-10-2-1.map,False,5000,5000,
warehouse-20-40-10-2-1-even-1_bucket_37,37,10,warehouse-20-40-10-2-1.map,False,5000,5000,
warehouse-20-40-10-2-1-even-1_bucket_84,84,10,warehouse-20-40-10-2-1.map,True,3831,5000,
warehouse-20-40-10-2-1-even-1_bucket_46,46,10,warehouse-20-40-10-2-1.map,False,5000,5000,
warehouse-20-40-10-2-1-even-1_bucket_79,79,10,warehouse-20-40-10-2-1.map,False,5000,5000,
warehouse-20-40-10-2-1-even-1_bucket_62,62,10,warehouse-20-40-10-2-1.map,False,5000,5000,
warehouse-20-40-10-2-1-even-1_bucket_66,66,10,warehouse-20-40-10-2-1.map,False,5000,5000,
warehouse-20-40-10-2-1-even-1_bucket_45,45,10,warehouse-20-40-10-2-1.map,False,5000,5000,
warehouse-20-40-10-2-1-even-1_bucket_75,75,10,warehouse-20-40-10-2-1.map,False,5000,5000,
warehouse-20-40-10-2-1-even-1_bucket_2,2,10,warehouse-20-40-10-2-1.map,False,5000,5000,
warehouse-20-40-10-2-1-even-1_bucket_73,73,10,warehouse-20-40-10-2-1.map,False,5000,5000,
warehouse-20-40-10-2-1-even-1_bucket_56,56,10,warehouse-20-40-10-2-1.map,True,4641,5000,
warehouse-20-40-10-2-1-even-1_bucket_5,5,10,warehouse-20-40-10-2-1.map,False,5000,5000,
warehouse-20-40-10-2-1-even-1_bucket_88,88,10,warehouse-20-40-10-2-1.map,False,5000,5000,
warehouse-20-40-10-2-1-even-1_bucket_47,47,10,warehouse-20-40-10-2-1.map,False,5000,5000,
warehouse-20-40-10-2-1-even-1_bucket_54,54,10,warehouse-20-40-10-2-1.map,False,5000,5000,
warehouse-20-40-10-2-1-even-1_bucket_68,68,10,warehouse-20-40-10-2-1.map,False,5000,5000,
warehouse-20-40-10-2-1-even-1_bucket_19,19,10,warehouse-20-40-10-2-1.map,False,5000,5000,
warehouse-20-40-10-2-1-even-1_bucket_42,42,10,warehouse-20-40-10-2-1.map,False,5000,5000,
warehouse-20-40-10-2-1-even-1_bucket_83,83,10,warehouse-20-40-10-2-1.map,False,5000,5000,
warehouse-20-40-10-2-1-even-1_bucket_7,7,10,warehouse-20-40-10-2-1.map,False,5000,5000,
warehouse-20-40-10-2-1-even-1_bucket_24,24,10,warehouse-20-40-10-2-1.map,False,5000,5000,
warehouse-20-40-10-2-1-even-1_bucket_78,78,10,warehouse-20-40-10-2-1.map,False,5000,5000,
warehouse-20-40-10-2-1-even-1_bucket_85,85,10,warehouse-20-40-10-2-1.map,False,5000,5000,
warehouse-20-40-10-2-1-even-1_bucket_55,55,10,warehouse-20-40-10-2-1.map,False,5000,5000,
warehouse-20-40-10-2-1-even-1_bucket_38,38,10,warehouse-20-40-10-2-1.map,False,5000,5000,
warehouse-20-40-10-2-1-even-1_bucket_69,69,10,warehouse-20-40-10-2-1.map,False,5000,5000,
warehouse-20-40-10-2-1-even-1_bucket_39,39,10,warehouse-20-40-10-2-1.map,False,5000,5000,
warehouse-20-40-10-2-1-even-1_bucket_16,16,10,warehouse-20-40-10-2-1.map,False,5000,5000,
warehouse-20-40-10-2-1-even-1_bucket_14,14,10,warehouse-20-40-10-2-1.map,False,5000,5000,
warehouse-20-40-10-2-1-even-1_bucket_70,70,10,warehouse-20-40-10-2-1.map,False,5000,5000,
warehouse-20-40-10-2-1-even-1_bucket_71,71,10,warehouse-20-40-10-2-1.map,False,5000,5000,
warehouse-20-40-10-2-1-even-1_bucket_57,57,10,warehouse-20-40-10-2-1.map,False,5000,5000,
warehouse-20-40-10-2-1-even-1_bucket_4,4,10,warehouse-20-40-10-2-1.map,False,5000,5000,
warehouse-20-40-10-2-1-even-1_bucket_15,15,10,warehouse-20-40-10-2-1.map,False,5000,5000,
warehouse-20-40-10-2-1-even-1_bucket_41,41,10,warehouse-20-40-10-2-1.map,False,5000,5000,
warehouse-20-40-10-2-1-even-1_bucket_67,67,10,warehouse-20-40-10-2-1.map,False,5000,5000,
warehouse-20-40-10-2-1-even-1_bucket_34,34,10,warehouse-20-40-10-2-1.map,False,5000,5000,
warehouse-20-40-10-2-1-even-1_bucket_76,76,10,warehouse-20-40-10-2-1.map,False,5000,5000,
warehouse-20-40-10-2-1-even-1_bucket_21,21,10,warehouse-20-40-10-2-1.map,False,5000,5000,
warehouse-20-40-10-2-1-even-1_bucket_20,20,10,warehouse-20-40-10-2-1.map,False,5000,5000,
warehouse-20-40-10-2-1-even-1_bucket_82,82,10,warehouse-20-40-10-2-1.map,False,5000,5000,
warehouse-20-40-10-2-1-even-1_bucket_26,26,10,warehouse-20-40-10-2-1.map,True,2360,5000,
warehouse-20-40-10-2-1-even-1_bucket_80,80,10,warehouse-20-40-10-2-1.map,False,5000,5000,
warehouse-20-40-10-2-1-even-1_bucket_81,81,10,warehouse-20-40-10-2-1.map,False,5000,5000,
warehouse-20-40-10-2-1-even-1_bucket_87,87,10,warehouse-20-40-10-2-1.map,False,5000,5000,
warehouse-20-40-10-2-1-even-1_bucket_18,18,10,warehouse-20-40-10-2-1.map,False,5000,5000,
warehouse-20-40-10-2-1-even-1_bucket_90,90,10,warehouse-20-40-10-2-1.map,False,5000,5000,
warehouse-20-40-10-2-1-even-1_bucket_12,12,10,warehouse-20-40-10-2-1.map,False,5000,5000,
warehouse-20-40-10-2-1-even-1_bucket_86,86,10,warehouse-20-40-10-2-1.map,False,5000,5000,
warehouse-20-40-10-2-1-even-1_bucket_43,43,10,warehouse-20-40-10-2-1.map,False,5000,5000,
warehouse-20-40-10-2-1-even-1_bucket_61,61,10,warehouse-20-40-10-2-1.map,False,5000,5000,
warehouse-20-40-10-2-1-even-1_bucket_27,27,10,warehouse-20-40-10-2-1.map,False,5000,5000,
warehouse-20-40-10-2-1-even-1_bucket_22,22,10,warehouse-20-40-10-2-1.map,False,5000,5000,
warehouse-20-40-10-2-1-even-1_bucket_40,40,10,warehouse-20-40-10-2-1.map,False,5000,5000,
warehouse-20-40-10-2-1-even-1_bucket_29,29,10,warehouse-20-40-10-2-1.map,False,5000,5000,
warehouse-20-40-10-2-1-even-1_bucket_32,32,10,warehouse-20-40-10-2-1.map,False,5000,5000,
warehouse-20-40-10-2-1-even-1_bucket_64,64,10,warehouse-20-40-10-2-1.map,False,5000,5000,
warehouse-20-40-10-2-1-even-1_bucket_13,13,10,warehouse-20-40-10-2-1.map,True,1700,5000,
warehouse-20-40-10-2-1-even-1_bucket_89,89,10,warehouse-20-40-10-2-1.map,False,5000,5000,
warehouse-20-40-10-2-1-even-1_bucket_31,31,10,warehouse-20-40-10-2-1.map,False,5000,5000,
warehouse-20-40-10-2-1-even-1_bucket_1,1,10,warehouse-20-40-10-2-1.map,True,66,5000,
warehouse-20-40-10-2-1-even-1_bucket_91,91,10,warehouse-20-40-10-2-1.map,False,5000,5000,
warehouse-20-40-10-2-1-even-1_bucket_10,10,10,warehouse-20-40-10-2-1.map,False,5000,5000,
warehouse-20-40-10-2-1-even-1_bucket_44,44,10,warehouse-20-40-10-2-1.map,False,5000,5000,
warehouse-20-40-10-2-1-even-1_bucket_49,49,10,warehouse-20-40-10-2-1.map,False,5000,5000,
warehouse-20-40-10-2-1-even-1_bucket_35,35,10,warehouse-20-40-10-2-1.map,False,5000,5000,
warehouse-20-40-10-2-1-even-1_bucket_30,30,10,warehouse-20-40-10-2-1.map,False,5000,5000,
warehouse-20-40-10-2-1-even-1_bucket_8,8,10,warehouse-20-40-10-2-1.map,False,5000,5000,
warehouse-20-40-10-2-1-even-1_bucket_53,53,10,warehouse-20-40-10-2-1.map,False,5000,5000,
warehouse-20-40-10-2-1-even-1_bucket_65,65,10,warehouse-20-40-10-2-1.map,False,5000,5000,
warehouse-20-40-10-2-1-even-1_bucket_72,72,10,warehouse-20-40-10-2-1.map,False,5000,5000,
warehouse-20-40-10-2-1-even-1_bucket_11,11,10,warehouse-20-40-10-2-1.map,False,5000,5000,
warehouse-20-40-10-2-1-even-1_bucket_63,63,10,warehouse-20-40-10-2-1.map,False,5000,5000,
warehouse-20-40-10-2-1-even-1_bucket_59,59,10,warehouse-20-40-10-2-1.map,False,5000,5000,
warehouse-20-40-10-2-1-even-1_bucket_25,25,10,warehouse-20-40-10-2-1.map,False,5000,5000,
warehouse-20-40-10-2-1-even-1_bucket_60,60,10,warehouse-20-40-10-2-1.map,False,5000,5000,
warehouse-20-40-10-2-1-even-1_bucket_50,50,10,warehouse-20-40-10-2-1.map,False,5000,5000,
warehouse-20-40-10-2-1-even-1_bucket_0,0,10,warehouse-20-40-10-2-1.map,True,39,5000,
warehouse-20-40-10-2-1-even-1_bucket_74,74,10,warehouse-20-40-10-2-1.map,False,5000,5000,
warehouse-20-40-10-2-1-even-1_bucket_58,58,10,warehouse-20-40-10-2-1.map,False,5000,5000,
warehouse-20-40-10-2-1-even-1_bucket_51,51,10,warehouse-20-40-10-2-1.map,False,5000,5000,
warehouse-20-40-10-2-1-even-1_bucket_6,6,10,warehouse-20-40-10-2-1.map,False,5000,5000,
warehouse-20-40-10-2-1-even-1_bucket_36,36,10,warehouse-20-40-10-2-1.map,True,3644,5000,
warehouse-20-40-10-2-1-even-1_bucket_33,33,10,warehouse-20-40-10-2-1.map,False,5000,5000,
warehouse-20-40-10-2-1-even-1_bucket_3,3,10,warehouse-20-40-10-2-1.map,False,5000,5000,
warehouse-20-40-10-2-1-even-1_bucket_52,52,10,warehouse-20-40-10-2-1.map,False,5000,5000,
warehouse-20-40-10-2-1-even-1_bucket_9,9,10,warehouse-20-40-10-2-1.map,False,5000,5000,
warehouse-20-40-10-2-2-even-1_bucket_48,48,10,warehouse-20-40-10-2-2.map,False,5000,5000,
warehouse-20-40-10-2-2-even-1_bucket_97,97,10,warehouse-20-40-10-2-2.map,False,5000,5000,
warehouse-20-40-10-2-2-even-1_bucket_23,23,10,warehouse-20-40-10-2-2.map,False,5000,5000,
warehouse-20-40-10-2-2-even-1_bucket_28,28,10,warehouse-20-40-10-2-2.map,False,5000,5000,
warehouse-20-40-10-2-2-even-1_bucket_17,17,10,warehouse-20-40-10-2-2.map,False,5000,5000,
warehouse-20-40-10-2-2-even-1_bucket_77,77,10,warehouse-20-40-10-2-2.map,False,5000,5000,
warehouse-20-40-10-2-2-even-1_bucket_37,37,10,warehouse-20-40-10-2-2.map,False,5000,5000,
warehouse-20-40-10-2-2-even-1_bucket_84,84,10,warehouse-20-40-10-2-2.map,False,5000,5000,
warehouse-20-40-10-2-2-even-1_bucket_46,46,10,warehouse-20-40-10-2-2.map,False,5000,5000,
warehouse-20-40-10-2-2-even-1_bucket_79,79,10,warehouse-20-40-10-2-2.map,False,5000,5000,
warehouse-20-40-10-2-2-even-1_bucket_62,62,10,warehouse-20-40-10-2-2.map,False,5000,5000,
warehouse-20-40-10-2-2-even-1_bucket_66,66,10,warehouse-20-40-10-2-2.map,False,5000,5000,
warehouse-20-40-10-2-2-even-1_bucket_45,45,10,warehouse-20-40-10-2-2.map,False,5000,5000,
warehouse-20-40-10-2-2-even-1_bucket_75,75,10,warehouse-20-40-10-2-2.map,False,5000,5000,
warehouse-20-40-10-2-2-even-1_bucket_2,2,10,warehouse-20-40-10-2-2.map,False,5000,5000,
warehouse-20-40-10-2-2-even-1_bucket_73,73,10,warehouse-20-40-10-2-2.map,False,5000,5000,
warehouse-20-40-10-2-2-even-1_bucket_56,56,10,warehouse-20-40-10-2-2.map,False,5000,5000,
warehouse-20-40-10-2-2-even-1_bucket_5,5,10,warehouse-20-40-10-2-2.map,False,5000,5000,
warehouse-20-40-10-2-2-even-1_bucket_92,92,10,warehouse-20-40-10-2-2.map,False,5000,5000,
warehouse-20-40-10-2-2-even-1_bucket_88,88,10,warehouse-20-40-10-2-2.map,False,5000,5000,
warehouse-20-40-10-2-2-even-1_bucket_47,47,10,warehouse-20-40-10-2-2.map,False,5000,5000,
warehouse-20-40-10-2-2-even-1_bucket_54,54,10,warehouse-20-40-10-2-2.map,False,5000,5000,
warehouse-20-40-10-2-2-even-1_bucket_68,68,10,warehouse-20-40-10-2-2.map,False,5000,5000,
warehouse-20-40-10-2-2-even-1_bucket_19,19,10,warehouse-20-40-10-2-2.map,False,5000,5000,
warehouse-20-40-10-2-2-even-1_bucket_42,42,10,warehouse-20-40-10-2-2.map,True,3742,5000,
warehouse-20-40-10-2-2-even-1_bucket_83,83,10,warehouse-20-40-10-2-2.map,False,5000,5000,
warehouse-20-40-10-2-2-even-1_bucket_7,7,10,warehouse-20-40-10-2-2.map,False,5000,5000,
warehouse-20-40-10-2-2-even-1_bucket_24,24,10,warehouse-20-40-10-2-2.map,False,5000,5000,
warehouse-20-40-10-2-2-even-1_bucket_78,78,10,warehouse-20-40-10-2-2.map,False,5000,5000,
warehouse-20-40-10-2-2-even-1_bucket_85,85,10,warehouse-20-40-10-2-2.map,False,5000,5000,
warehouse-20-40-10-2-2-even-1_bucket_55,55,10,warehouse-20-40-10-2-2.map,False,5000,5000,
warehouse-20-40-10-2-2-even-1_bucket_38,38,10,warehouse-20-40-10-2-2.map,False,5000,5000,
warehouse-20-40-10-2-2-even-1_bucket_69,69,10,warehouse-20-40-10-2-2.map,False,5000,5000,
warehouse-20-40-10-2-2-even-1_bucket_39,39,10,warehouse-20-40-10-2-2.map,False,5000,5000,
warehouse-20-40-10-2-2-even-1_bucket_16,16,10,warehouse-20-40-10-2-2.map,False,5000,5000,
warehouse-20-40-10-2-2-even-1_bucket_14,14,10,warehouse-20-40-10-2-2.map,False,5000,5000,
warehouse-20-40-10-2-2-even-1_bucket_70,70,10,warehouse-20-40-10-2-2.map,False,5000,5000,
warehouse-20-40-10-2-2-even-1_bucket_71,71,10,warehouse-20-40-10-2-2.map,False,5000,5000,
warehouse-20-40-10-2-2-even-1_bucket_57,57,10,warehouse-20-40-10-2-2.map,False,5000,5000,
warehouse-20-40-10-2-2-even-1_bucket_95,95,10,warehouse-20-40-10-2-2.map,False,5000,5000,
warehouse-20-40-10-2-2-even-1_bucket_4,4,10,warehouse-20-40-10-2-2.map,False,5000,5000,
warehouse-20-40-10-2-2-even-1_bucket_15,15,10,warehouse-20-40-10-2-2.map,False,5000,5000,
warehouse-20-40-10-2-2-even-1_bucket_41,41,10,warehouse-20-40-10-2-2.map,False,5000,5000,
warehouse-20-40-10-2-2-even-1_bucket_67,67,10,warehouse-20-40-10-2-2.map,False,5000,5000,
warehouse-20-40-10-2-2-even-1_bucket_34,34,10,warehouse-20-40-10-2-2.map,False,5000,5000,
warehouse-20-40-10-2-2-even-1_bucket_76,76,10,warehouse-20-40-10-2-2.map,False,5000,5000,
warehouse-20-40-10-2-2-even-1_bucket_21,21,10,warehouse-20-40-10-2-2.map,False,5000,5000,
warehouse-20-40-10-2-2-even-1_bucket_93,93,10,warehouse-20-40-10-2-2.map,False,5000,5000,
warehouse-20-40-10-2-2-even-1_bucket_20,20,10,warehouse-20-40-10-2-2.map,False,5000,5000,
warehouse-20-40-10-2-2-even-1_bucket_82,82,10,warehouse-20-40-10-2-2.map,False,5000,5000,
warehouse-20-40-10-2-2-even-1_bucket_26,26,10,warehouse-20-40-10-2-2.map,False,5000,5000,
warehouse-20-40-10-2-2-even-1_bucket_80,80,10,warehouse-20-40-10-2-2.map,False,5000,5000,
warehouse-20-40-10-2-2-even-1_bucket_81,81,10,warehouse-20-40-10-2-2.map,False,5000,5000,
warehouse-20-40-10-2-2-even-1_bucket_87,87,10,warehouse-20-40-10-2-2.map,False,5000,5000,
warehouse-20-40-10-2-2-even-1_bucket_18,18,10,warehouse-20-40-10-2-2.map,False,5000,5000,
warehouse-20-40-10-2-2-even-1_bucket_90,90,10,warehouse-20-40-10-2-2.map,False,5000,5000,
warehouse-20-40-10-2-2-even-1_bucket_12,12,10,warehouse-20-40-10-2-2.map,False,5000,5000,
warehouse-20-40-10-2-2-even-1_bucket_94,94,10,warehouse-20-40-10-2-2.map,False,5000,5000,
warehouse-20-40-10-2-2-even-1_bucket_86,86,10,warehouse-20-40-10-2-2.map,False,5000,5000,
warehouse-20-40-10-2-2-even-1_bucket_43,43,10,warehouse-20-40-10-2-2.map,False,5000,5000,
warehouse-20-40-10-2-2-even-1_bucket_61,61,10,warehouse-20-40-10-2-2.map,False,5000,5000,
warehouse-20-40-10-2-2-even-1_bucket_27,27,10,warehouse-20-40-10-2-2.map,False,5000,5000,
warehouse-20-40-10-2-2-even-1_bucket_98,98,10,warehouse-20-40-10-2-2.map,True,2244,5000,
warehouse-20-40-10-2-2-even-1_bucket_22,22,10,warehouse-20-40-10-2-2.map,False,5000,5000,
warehouse-20-40-10-2-2-even-1_bucket_40,40,10,warehouse-20-40-10-2-2.map,False,5000,5000,
warehouse-20-40-10-2-2-even-1_bucket_29,29,10,warehouse-20-40-10-2-2.map,False,5000,5000,
warehouse-20-40-10-2-2-even-1_bucket_32,32,10,warehouse-20-40-10-2-2.map,False,5000,5000,
warehouse-20-40-10-2-2-even-1_bucket_64,64,10,warehouse-20-40-10-2-2.map,False,5000,5000,
warehouse-20-40-10-2-2-even-1_bucket_13,13,10,warehouse-20-40-10-2-2.map,False,5000,5000,
warehouse-20-40-10-2-2-even-1_bucket_96,96,10,warehouse-20-40-10-2-2.map,False,5000,5000,
warehouse-20-40-10-2-2-even-1_bucket_89,89,10,warehouse-20-40-10-2-2.map,False,5000,5000,
warehouse-20-40-10-2-2-even-1_bucket_31,31,10,warehouse-20-40-10-2-2.map,False,5000,5000,
warehouse-20-40-10-2-2-even-1_bucket_1,1,10,warehouse-20-40-10-2-2.map,True,212,5000,
warehouse-20-40-10-2-2-even-1_bucket_91,91,10,warehouse-20-40-10-2-2.map,False,5000,5000,
warehouse-20-40-10-2-2-even-1_bucket_10,10,10,warehouse-20-40-10-2-2.map,False,5000,5000,
warehouse-20-40-10-2-2-even-1_bucket_99,99,10,warehouse-20-40-10-2-2.map,True,3917,5000,
warehouse-20-40-10-2-2-even-1_bucket_44,44,10,warehouse-20-40-10-2-2.map,False,5000,5000,
warehouse-20-40-10-2-2-even-1_bucket_49,49,10,warehouse-20-40-10-2-2.map,True,4241,5000,
warehouse-20-40-10-2-2-even-1_bucket_35,35,10,warehouse-20-40-10-2-2.map,False,5000,5000,
warehouse-20-40-10-2-2-even-1_bucket_30,30,10,warehouse-20-40-10-2-2.map,False,5000,5000,
warehouse-20-40-10-2-2-even-1_bucket_8,8,10,warehouse-20-40-10-2-2.map,False,5000,5000,
warehouse-20-40-10-2-2-even-1_bucket_53,53,10,warehouse-20-40-10-2-2.map,False,5000,5000,
warehouse-20-40-10-2-2-even-1_bucket_65,65,10,warehouse-20-40-10-2-2.map,False,5000,5000,
warehouse-20-40-10-2-2-even-1_bucket_72,72,10,warehouse-20-40-10-2-2.map,False,5000,5000,
warehouse-20-40-10-2-2-even-1_bucket_11,11,10,warehouse-20-40-10-2-2.map,False,5000,5000,
warehouse-20-40-10-2-2-even-1_bucket_63,63,10,warehouse-20-40-10-2-2.map,False,5000,5000,
warehouse-20-40-10-2-2-even-1_bucket_59,59,10,warehouse-20-40-10-2-2.map,False,5000,5000,
warehouse-20-40-10-2-2-even-1_bucket_25,25,10,warehouse-20-40-10-2-2.map,False,5000,5000,
warehouse-20-40-10-2-2-even-1_bucket_60,60,10,warehouse-20-40-10-2-2.map,False,5000,5000,
warehouse-20-40-10-2-2-even-1_bucket_50,50,10,warehouse-20-40-10-2-2.map,False,5000,5000,
warehouse-20-40-10-2-2-even-1_bucket_0,0,10,warehouse-20-40-10-2-2.map,True,36,5000,
warehouse-20-40-10-2-2-even-1_bucket_74,74,10,warehouse-20-40-10-2-2.map,False,5000,5000,
warehouse-20-40-10-2-2-even-1_bucket_58,58,10,warehouse-20-40-10-2-2.map,False,5000,5000,
warehouse-20-40-10-2-2-even-1_bucket_51,51,10,warehouse-20-40-10-2-2.map,False,5000,5000,
warehouse-20-40-10-2-2-even-1_bucket_6,6,10,warehouse-20-40-10-2-2.map,False,5000,5000,
warehouse-20-40-10-2-2-even-1_bucket_36,36,10,warehouse-20-40-10-2-2.map,False,5000,5000,
warehouse-20-40-10-2-2-even-1_bucket_33,33,10,warehouse-20-40-10-2-2.map,False,5000,5000,
warehouse-20-40-10-2-2-even-1_bucket_3,3,10,warehouse-20-40-10-2-2.map,False,5000,5000,
warehouse-20-40-10-2-2-even-1_bucket_52,52,10,warehouse-20-40-10-2-2.map,False,5000,5000,
warehouse-20-40-10-2-2-even-1_bucket_9,9,10,warehouse-20-40-10-2-2.map,False,5000,5000,
